{"type":"FeatureCollection","source":"Mongird, K., Vernon, C., Burleyson, C., Akdemir, K. Z., & Rice, J. (2026). IM3 Open Source Data Center Atlas (v2026.02.09) [Data set]. MSD-LIVE Data Repository. https://doi.org/10.57931/3017294","license":"ODbL 1.0; locations derived from OpenStreetMap (c) OpenStreetMap contributors","features":[{"type":"Feature","properties":{"id":"00751881301","t":"point","op":"CoreSite","nm":"CoreSite DC1","st":"DC","co":"District of Columbia","sqft":null,"lat":38.902888,"lon":-77.029149},"geometry":{"type":"Point","coordinates":[-77.029149,38.902887]}},{"type":"Feature","properties":{"id":"01825907839","t":"point","op":null,"nm":"Southwest Cyberport","st":"NM","co":"Bernalillo County","sqft":null,"lat":35.103293,"lon":-106.589349},"geometry":{"type":"Point","coordinates":[-106.589348,35.103292]}},{"type":"Feature","properties":{"id":"02590601520","t":"point","op":null,"nm":"FCR","st":"OR","co":"Josephine County","sqft":null,"lat":42.437882,"lon":-123.32863},"geometry":{"type":"Point","coordinates":[-123.328629,42.437882]}},{"type":"Feature","properties":{"id":"02607827436","t":"point","op":null,"nm":"SDSU Computer Room","st":"CA","co":"San Diego County","sqft":null,"lat":32.775025,"lon":-117.070888},"geometry":{"type":"Point","coordinates":[-117.070888,32.775025]}},{"type":"Feature","properties":{"id":"03406467087","t":"point","op":null,"nm":"NocRoom Miami IT Services","st":"FL","co":"Miami-Dade County","sqft":null,"lat":25.791545,"lon":-80.317748},"geometry":{"type":"Point","coordinates":[-80.317748,25.791545]}},{"type":"Feature","properties":{"id":"03406476814","t":"point","op":null,"nm":"NocRoom Miami IT Services","st":"FL","co":"Miami-Dade County","sqft":null,"lat":25.646562,"lon":-80.423435},"geometry":{"type":"Point","coordinates":[-80.423434,25.646561]}},{"type":"Feature","properties":{"id":"03468203102","t":"point","op":null,"nm":"Center for Computation & Technology (CCT)","st":"LA","co":"East Baton Rouge Parish","sqft":null,"lat":30.407446,"lon":-91.172545},"geometry":{"type":"Point","coordinates":[-91.172545,30.407445]}},{"type":"Feature","properties":{"id":"03732415309","t":"point","op":"Alco Properties","nm":"The Pittock Internet Exchange","st":"OR","co":"Multnomah County","sqft":null,"lat":45.521425,"lon":-122.680562},"geometry":{"type":"Point","coordinates":[-122.680561,45.521424]}},{"type":"Feature","properties":{"id":"04879481820","t":"point","op":"Google","nm":"Google Fiber","st":"GA","co":"Fulton County","sqft":null,"lat":33.771568,"lon":-84.366859},"geometry":{"type":"Point","coordinates":[-84.366858,33.771567]}},{"type":"Feature","properties":{"id":"05146323411","t":"point","op":null,"nm":"Open Computing Facility","st":"CA","co":"Alameda County","sqft":null,"lat":37.869852,"lon":-122.259823},"geometry":{"type":"Point","coordinates":[-122.259823,37.869852]}},{"type":"Feature","properties":{"id":"05225685660","t":"point","op":null,"nm":"Lumos Networks","st":"VA","co":"Lynchburg city","sqft":null,"lat":37.415688,"lon":-79.142706},"geometry":{"type":"Point","coordinates":[-79.142706,37.415688]}},{"type":"Feature","properties":{"id":"06401035673","t":"point","op":null,"nm":"Rack59 Data Center","st":"OK","co":"Oklahoma County","sqft":null,"lat":35.467205,"lon":-97.649745},"geometry":{"type":"Point","coordinates":[-97.649745,35.467204]}},{"type":"Feature","properties":{"id":"06625492701","t":"point","op":"Oso Grande","nm":"Oso Grande","st":"NM","co":"Bernalillo County","sqft":null,"lat":35.092502,"lon":-106.653671},"geometry":{"type":"Point","coordinates":[-106.653671,35.092501]}},{"type":"Feature","properties":{"id":"06685432442","t":"point","op":"Switch","nm":"Switch Tahoe Reno - The Citadel Campus","st":"NV","co":"Storey County","sqft":null,"lat":39.514096,"lon":-119.479592},"geometry":{"type":"Point","coordinates":[-119.479592,39.514096]}},{"type":"Feature","properties":{"id":"06793837329","t":"point","op":null,"nm":"Morgan Wireless","st":"WV","co":"Morgan County","sqft":null,"lat":39.630985,"lon":-78.22532},"geometry":{"type":"Point","coordinates":[-78.225319,39.630985]}},{"type":"Feature","properties":{"id":"06856057098","t":"point","op":null,"nm":"VIRTBIZ","st":"TX","co":"Dallas County","sqft":null,"lat":32.782546,"lon":-96.782815},"geometry":{"type":"Point","coordinates":[-96.782814,32.782546]}},{"type":"Feature","properties":{"id":"07171975407","t":"point","op":"FirstLight","nm":"FirstLight Data Center","st":"ME","co":"Cumberland County","sqft":null,"lat":43.657839,"lon":-70.261379},"geometry":{"type":"Point","coordinates":[-70.261378,43.657838]}},{"type":"Feature","properties":{"id":"07264976228","t":"point","op":null,"nm":"Learning GIS!","st":"IN","co":"Tippecanoe County","sqft":null,"lat":40.42179,"lon":-86.914155},"geometry":{"type":"Point","coordinates":[-86.914154,40.421789]}},{"type":"Feature","properties":{"id":"07264976991","t":"point","op":null,"nm":"Agricultural and Biological Engineering","st":"IN","co":"Tippecanoe County","sqft":null,"lat":40.421854,"lon":-86.916545},"geometry":{"type":"Point","coordinates":[-86.916545,40.421854]}},{"type":"Feature","properties":{"id":"07324132050","t":"point","op":null,"nm":"Windstream Communications","st":"NC","co":"Durham County","sqft":null,"lat":35.881397,"lon":-78.851552},"geometry":{"type":"Point","coordinates":[-78.851552,35.881396]}},{"type":"Feature","properties":{"id":"07324132051","t":"point","op":null,"nm":"Level 3 Communications","st":"NC","co":"Durham County","sqft":null,"lat":35.881364,"lon":-78.851573},"geometry":{"type":"Point","coordinates":[-78.851572,35.881364]}},{"type":"Feature","properties":{"id":"07557854384","t":"point","op":null,"nm":"OptimumHQ","st":"AZ","co":"Maricopa County","sqft":null,"lat":33.380415,"lon":-111.752668},"geometry":{"type":"Point","coordinates":[-111.752668,33.380414]}},{"type":"Feature","properties":{"id":"07557868585","t":"point","op":null,"nm":"The Chatfield Group","st":"AZ","co":"Maricopa County","sqft":null,"lat":33.380601,"lon":-111.752889},"geometry":{"type":"Point","coordinates":[-111.752888,33.380601]}},{"type":"Feature","properties":{"id":"07578821329","t":"point","op":null,"nm":"All About Serving Process Server","st":"AZ","co":"Maricopa County","sqft":null,"lat":33.319916,"lon":-111.809686},"geometry":{"type":"Point","coordinates":[-111.809686,33.319915]}},{"type":"Feature","properties":{"id":"07737996606","t":"point","op":null,"nm":"Emailage","st":"AZ","co":"Maricopa County","sqft":null,"lat":33.302965,"lon":-111.840539},"geometry":{"type":"Point","coordinates":[-111.840538,33.302964]}},{"type":"Feature","properties":{"id":"07821940847","t":"point","op":null,"nm":"Alliance Technology","st":"AZ","co":"Maricopa County","sqft":null,"lat":33.379986,"lon":-111.728405},"geometry":{"type":"Point","coordinates":[-111.728405,33.379986]}},{"type":"Feature","properties":{"id":"07985753364","t":"point","op":"Digital Realty","nm":"8100 Boone Boulevard","st":"VA","co":"Fairfax County","sqft":null,"lat":38.913724,"lon":-77.225882},"geometry":{"type":"Point","coordinates":[-77.225882,38.913723]}},{"type":"Feature","properties":{"id":"08017899486","t":"point","op":"University of Florida","nm":"HiPerGator","st":"FL","co":"Alachua County","sqft":null,"lat":29.672819,"lon":-82.299762},"geometry":{"type":"Point","coordinates":[-82.299761,29.672818]}},{"type":"Feature","properties":{"id":"08109664813","t":"point","op":"Digital Realty","nm":"Atlanta ATL13","st":"GA","co":"Fulton County","sqft":null,"lat":33.755519,"lon":-84.391481},"geometry":{"type":"Point","coordinates":[-84.391481,33.755518]}},{"type":"Feature","properties":{"id":"08165754026","t":"point","op":null,"nm":"Data Holdings Data Center","st":"WI","co":"Milwaukee County","sqft":null,"lat":43.043941,"lon":-87.953979},"geometry":{"type":"Point","coordinates":[-87.953979,43.043940]}},{"type":"Feature","properties":{"id":"08238715059","t":"point","op":"Stack Infrastructure, Incorporated","nm":"STACK Infrastructure","st":"CA","co":"Santa Clara County","sqft":null,"lat":37.402745,"lon":-121.891051},"geometry":{"type":"Point","coordinates":[-121.891051,37.402744]}},{"type":"Feature","properties":{"id":"08238715061","t":"point","op":"Stack Infrastructure, Incorporated","nm":"STACK Infrastructure","st":"CA","co":"Santa Clara County","sqft":null,"lat":37.402634,"lon":-121.891057},"geometry":{"type":"Point","coordinates":[-121.891057,37.402634]}},{"type":"Feature","properties":{"id":"08477460442","t":"point","op":null,"nm":"Digital West Data Center","st":"CA","co":"San Luis Obispo County","sqft":null,"lat":35.255316,"lon":-120.641513},"geometry":{"type":"Point","coordinates":[-120.641512,35.255316]}},{"type":"Feature","properties":{"id":"08641856300","t":"point","op":"Dennis Sampier","nm":"Chick-fil-A Hiring Center","st":"MI","co":"Macomb County","sqft":null,"lat":42.627942,"lon":-82.988394},"geometry":{"type":"Point","coordinates":[-82.988393,42.627942]}},{"type":"Feature","properties":{"id":"08767284091","t":"point","op":null,"nm":"Ergonomic Group","st":"CT","co":"Capitol Planning Region","sqft":null,"lat":41.707078,"lon":-72.589864},"geometry":{"type":"Point","coordinates":[-72.589863,41.707077]}},{"type":"Feature","properties":{"id":"08897151054","t":"point","op":"CoreSite","nm":"San Jose Colocation Center","st":"CA","co":"Santa Clara County","sqft":null,"lat":37.334118,"lon":-121.891646},"geometry":{"type":"Point","coordinates":[-121.891646,37.334118]}},{"type":"Feature","properties":{"id":"09092482804","t":"point","op":"Amazon Web Services","nm":"Amazon Web Services IAD69","st":"VA","co":"Loudoun County","sqft":null,"lat":39.025485,"lon":-77.4147},"geometry":{"type":"Point","coordinates":[-77.414699,39.025485]}},{"type":"Feature","properties":{"id":"09190480200","t":"point","op":null,"nm":"Stream Data Centers Houston","st":"TX","co":"Montgomery County","sqft":null,"lat":30.178137,"lon":-95.486046},"geometry":{"type":"Point","coordinates":[-95.486046,30.178136]}},{"type":"Feature","properties":{"id":"09669340912","t":"point","op":"Crown Castle Fiber","nm":"Crown Castle Baltimore","st":"MD","co":"Baltimore city","sqft":null,"lat":39.287702,"lon":-76.606489},"geometry":{"type":"Point","coordinates":[-76.606489,39.287701]}},{"type":"Feature","properties":{"id":"09669405859","t":"point","op":"AiNET","nm":"AiNET One Market Center","st":"MD","co":"Baltimore city","sqft":null,"lat":39.291758,"lon":-76.620374},"geometry":{"type":"Point","coordinates":[-76.620373,39.291758]}},{"type":"Feature","properties":{"id":"09669639033","t":"point","op":"Lumen Technologies","nm":"Lumen McLean","st":"VA","co":"Fairfax County","sqft":null,"lat":38.920854,"lon":-77.211571},"geometry":{"type":"Point","coordinates":[-77.211571,38.920853]}},{"type":"Feature","properties":{"id":"09721703993","t":"point","op":null,"nm":"TierPoint Milwaukee","st":"WI","co":"Milwaukee County","sqft":null,"lat":43.009378,"lon":-87.961062},"geometry":{"type":"Point","coordinates":[-87.961061,43.009377]}},{"type":"Feature","properties":{"id":"09736262934","t":"point","op":null,"nm":"Frontier Science","st":"NY","co":"Erie County","sqft":null,"lat":42.990201,"lon":-78.812384},"geometry":{"type":"Point","coordinates":[-78.812383,42.990201]}},{"type":"Feature","properties":{"id":"09808044830","t":"point","op":null,"nm":"505 Marquette","st":"NM","co":"Bernalillo County","sqft":null,"lat":35.088629,"lon":-106.652646},"geometry":{"type":"Point","coordinates":[-106.652645,35.088628]}},{"type":"Feature","properties":{"id":"09808044840","t":"point","op":"bigbyte.cc","nm":"123 Central","st":"NM","co":"Bernalillo County","sqft":null,"lat":35.084449,"lon":-106.648985},"geometry":{"type":"Point","coordinates":[-106.648985,35.084449]}},{"type":"Feature","properties":{"id":"09861806598","t":"point","op":null,"nm":null,"st":"MO","co":"Jackson County","sqft":null,"lat":39.101182,"lon":-94.578821},"geometry":{"type":"Point","coordinates":[-94.578820,39.101181]}},{"type":"Feature","properties":{"id":"09922928085","t":"point","op":null,"nm":"Netrality Data Centers","st":"MO","co":"Jackson County","sqft":null,"lat":39.100907,"lon":-94.581145},"geometry":{"type":"Point","coordinates":[-94.581145,39.100907]}},{"type":"Feature","properties":{"id":"10014176940","t":"point","op":"Microsoft","nm":"Microsoft","st":"PR","co":"Guaynabo Municipio","sqft":null,"lat":18.417436,"lon":-66.10899},"geometry":{"type":"Point","coordinates":[-66.108989,18.417435]}},{"type":"Feature","properties":{"id":"10537283366","t":"point","op":"Netrality","nm":"Netrality","st":"IL","co":"Cook County","sqft":null,"lat":41.872881,"lon":-87.63344},"geometry":{"type":"Point","coordinates":[-87.63344,41.872881]}},{"type":"Feature","properties":{"id":"10567817971","t":"point","op":"Duke Libraries","nm":"Brandaleone Lab for Data and Visualization","st":"NC","co":"Durham County","sqft":null,"lat":36.003099,"lon":-78.938532},"geometry":{"type":"Point","coordinates":[-78.938532,36.003099]}},{"type":"Feature","properties":{"id":"10648552506","t":"point","op":"Oak Ridge National Laboratory","nm":"Frontier (supercomputer)","st":"TN","co":"Roane County","sqft":null,"lat":35.929513,"lon":-84.310567},"geometry":{"type":"Point","coordinates":[-84.310567,35.929513]}},{"type":"Feature","properties":{"id":"10780794741","t":"point","op":"Ntirety","nm":null,"st":"CA","co":"San Francisco County","sqft":null,"lat":37.779653,"lon":-122.394001},"geometry":{"type":"Point","coordinates":[-122.394000,37.779653]}},{"type":"Feature","properties":{"id":"10796113031","t":"point","op":null,"nm":"VaultLogix","st":"AZ","co":"Maricopa County","sqft":null,"lat":33.627367,"lon":-111.901703},"geometry":{"type":"Point","coordinates":[-111.901703,33.627366]}},{"type":"Feature","properties":{"id":"10796113033","t":"point","op":null,"nm":"Profit Finder Pro Software","st":"AZ","co":"Maricopa County","sqft":null,"lat":33.627248,"lon":-111.902048},"geometry":{"type":"Point","coordinates":[-111.902047,33.627247]}},{"type":"Feature","properties":{"id":"10798644674","t":"point","op":null,"nm":"DataPro USA Web Development","st":"AZ","co":"Maricopa County","sqft":null,"lat":33.611662,"lon":-111.913983},"geometry":{"type":"Point","coordinates":[-111.913982,33.611662]}},{"type":"Feature","properties":{"id":"10880725408","t":"point","op":null,"nm":"e360","st":"CA","co":"Contra Costa County","sqft":null,"lat":37.971081,"lon":-122.043738},"geometry":{"type":"Point","coordinates":[-122.043738,37.971080]}},{"type":"Feature","properties":{"id":"10910879064","t":"point","op":"Digital Realty","nm":"Digital Realty ORD10","st":"IL","co":"Cook County","sqft":null,"lat":41.853351,"lon":-87.618307},"geometry":{"type":"Point","coordinates":[-87.618306,41.853350]}},{"type":"Feature","properties":{"id":"10910879065","t":"point","op":"Centersquare","nm":"Centersquare Chicago Data Center - ORD1","st":"IL","co":"Cook County","sqft":null,"lat":41.853383,"lon":-87.618607},"geometry":{"type":"Point","coordinates":[-87.618607,41.853382]}},{"type":"Feature","properties":{"id":"10938672218","t":"point","op":null,"nm":"K-Motion Interactive","st":"AZ","co":"Maricopa County","sqft":null,"lat":33.634484,"lon":-111.884346},"geometry":{"type":"Point","coordinates":[-111.884345,33.634484]}},{"type":"Feature","properties":{"id":"10945121336","t":"point","op":null,"nm":"West Monroe","st":"IL","co":"Cook County","sqft":null,"lat":41.880527,"lon":-87.635938},"geometry":{"type":"Point","coordinates":[-87.635938,41.880527]}},{"type":"Feature","properties":{"id":"11018926315","t":"point","op":null,"nm":"Iron Mountain Data Centers AZS-1","st":"AZ","co":"Maricopa County","sqft":null,"lat":33.644666,"lon":-111.896098},"geometry":{"type":"Point","coordinates":[-111.896098,33.644666]}},{"type":"Feature","properties":{"id":"11098469355","t":"point","op":"CoreSite","nm":"CoreSite Chicago Data Center (CH1)","st":"IL","co":"Cook County","sqft":null,"lat":41.875941,"lon":-87.631466},"geometry":{"type":"Point","coordinates":[-87.631465,41.875940]}},{"type":"Feature","properties":{"id":"11113161710","t":"point","op":null,"nm":"Accelera Data Systems","st":"AZ","co":"Maricopa County","sqft":null,"lat":33.664745,"lon":-112.111714},"geometry":{"type":"Point","coordinates":[-112.111714,33.664745]}},{"type":"Feature","properties":{"id":"11167641842","t":"point","op":"Expedient","nm":"Expedient Owings Mills","st":"MD","co":"Baltimore County","sqft":null,"lat":39.427318,"lon":-76.81155},"geometry":{"type":"Point","coordinates":[-76.811550,39.427317]}},{"type":"Feature","properties":{"id":"11168593074","t":"point","op":"Lumen Technologies","nm":"Lumen Baltimore","st":"MD","co":"Baltimore city","sqft":null,"lat":39.291759,"lon":-76.620402},"geometry":{"type":"Point","coordinates":[-76.620402,39.291759]}},{"type":"Feature","properties":{"id":"11168593094","t":"point","op":"Expedient","nm":"Expedient Tidepoint","st":"MD","co":"Baltimore city","sqft":null,"lat":39.274655,"lon":-76.591671},"geometry":{"type":"Point","coordinates":[-76.591670,39.274655]}},{"type":"Feature","properties":{"id":"11400893880","t":"point","op":"Flexential","nm":"Flexential - Denver - Centennial Data Center","st":"CO","co":"Arapahoe County","sqft":null,"lat":39.593873,"lon":-104.84316},"geometry":{"type":"Point","coordinates":[-104.843159,39.593873]}},{"type":"Feature","properties":{"id":"11526819452","t":"point","op":null,"nm":"EarthClick.net LLC","st":"OR","co":"Lane County","sqft":null,"lat":43.797155,"lon":-123.055946},"geometry":{"type":"Point","coordinates":[-123.055945,43.797155]}},{"type":"Feature","properties":{"id":"11666916913","t":"point","op":"EdgeConneX","nm":"EdgeConneX Data Center","st":"AZ","co":"Maricopa County","sqft":null,"lat":33.395586,"lon":-111.970076},"geometry":{"type":"Point","coordinates":[-111.970076,33.395585]}},{"type":"Feature","properties":{"id":"11815482844","t":"point","op":null,"nm":null,"st":"MI","co":"Monroe County","sqft":null,"lat":41.807282,"lon":-83.627629},"geometry":{"type":"Point","coordinates":[-83.627628,41.807281]}},{"type":"Feature","properties":{"id":"11924506303","t":"point","op":null,"nm":"IT","st":"CA","co":"Riverside County","sqft":null,"lat":33.91029,"lon":-117.503021},"geometry":{"type":"Point","coordinates":[-117.503020,33.910289]}},{"type":"Feature","properties":{"id":"11938614120","t":"point","op":null,"nm":"Alembic Computer Services, Inc.","st":"AZ","co":"Maricopa County","sqft":null,"lat":33.405131,"lon":-111.977335},"geometry":{"type":"Point","coordinates":[-111.977335,33.405130]}},{"type":"Feature","properties":{"id":"11938631189","t":"point","op":null,"nm":"J-Curve Technologies","st":"AZ","co":"Maricopa County","sqft":null,"lat":33.413186,"lon":-111.971154},"geometry":{"type":"Point","coordinates":[-111.971153,33.413185]}},{"type":"Feature","properties":{"id":"12112201416","t":"point","op":"Flexential","nm":"Flexential Cincinnati","st":"OH","co":"Butler County","sqft":null,"lat":39.315931,"lon":-84.449464},"geometry":{"type":"Point","coordinates":[-84.449463,39.315931]}},{"type":"Feature","properties":{"id":"12112236372","t":"point","op":"Flexential","nm":"Flexential Denver - Downtown","st":"CO","co":"Denver County","sqft":null,"lat":39.74597,"lon":-104.994159},"geometry":{"type":"Point","coordinates":[-104.994158,39.745970]}},{"type":"Feature","properties":{"id":"12112238944","t":"point","op":"Flexential","nm":"Flexential Dallas - Downtown Dallas","st":"TX","co":"Dallas County","sqft":null,"lat":32.80041,"lon":-96.819371},"geometry":{"type":"Point","coordinates":[-96.819370,32.800410]}},{"type":"Feature","properties":{"id":"12112266917","t":"point","op":"Flexential","nm":"Flexential Jacksonville","st":"FL","co":"Duval County","sqft":null,"lat":30.245748,"lon":-81.581723},"geometry":{"type":"Point","coordinates":[-81.581722,30.245748]}},{"type":"Feature","properties":{"id":"12112270180","t":"point","op":"Flexential","nm":"Flexential - Denver - Aurora","st":"CO","co":"Arapahoe County","sqft":null,"lat":39.661049,"lon":-104.848832},"geometry":{"type":"Point","coordinates":[-104.848832,39.661048]}},{"type":"Feature","properties":{"id":"12112295055","t":"point","op":"Flexential","nm":"Flexential Nashville - Brentwood","st":"TN","co":"Williamson County","sqft":null,"lat":35.972729,"lon":-86.808495},"geometry":{"type":"Point","coordinates":[-86.808494,35.972729]}},{"type":"Feature","properties":{"id":"12112361725","t":"point","op":"Flexential","nm":"Flexential Raleigh","st":"NC","co":"Wake County","sqft":null,"lat":35.850528,"lon":-78.829143},"geometry":{"type":"Point","coordinates":[-78.829143,35.850528]}},{"type":"Feature","properties":{"id":"12112380995","t":"point","op":"Flexential","nm":"Flexential Tampa - West","st":"FL","co":"Hillsborough County","sqft":null,"lat":28.037299,"lon":-82.539978},"geometry":{"type":"Point","coordinates":[-82.539978,28.037299]}},{"type":"Feature","properties":{"id":"12112382397","t":"point","op":"Flexential","nm":"Flexential Salt Lake City - Lindon","st":"UT","co":"Utah County","sqft":null,"lat":40.332648,"lon":-111.727875},"geometry":{"type":"Point","coordinates":[-111.727875,40.332648]}},{"type":"Feature","properties":{"id":"12221811811","t":"point","op":"Digital Realty","nm":"Digital Realty New York JFK13","st":"NY","co":"New York County","sqft":null,"lat":40.719928,"lon":-74.004458},"geometry":{"type":"Point","coordinates":[-74.004458,40.719928]}},{"type":"Feature","properties":{"id":"12221880448","t":"point","op":"Digital Realty","nm":"Digital Realty New York JFK12","st":"NY","co":"New York County","sqft":null,"lat":40.717677,"lon":-74.008441},"geometry":{"type":"Point","coordinates":[-74.008441,40.717676]}},{"type":"Feature","properties":{"id":"12331366645","t":"point","op":"CoreSite","nm":"CoreSite AT1","st":"GA","co":"Fulton County","sqft":null,"lat":33.755986,"lon":-84.391171},"geometry":{"type":"Point","coordinates":[-84.391171,33.755985]}},{"type":"Feature","properties":{"id":"12387534800","t":"point","op":"UNM","nm":"UNM Data Center","st":"NM","co":"Bernalillo County","sqft":null,"lat":35.086738,"lon":-106.615348},"geometry":{"type":"Point","coordinates":[-106.615347,35.086738]}},{"type":"Feature","properties":{"id":"12437277166","t":"point","op":"Prime","nm":"Prime Santa Clara","st":"CA","co":"Santa Clara County","sqft":null,"lat":37.366662,"lon":-121.962865},"geometry":{"type":"Point","coordinates":[-121.962865,37.366662]}},{"type":"Feature","properties":{"id":"12452254071","t":"point","op":null,"nm":"Open Data Centers Piscataway","st":"NJ","co":"Middlesex County","sqft":null,"lat":40.55035,"lon":-74.456856},"geometry":{"type":"Point","coordinates":[-74.456856,40.550350]}},{"type":"Feature","properties":{"id":"12471740457","t":"point","op":"H5","nm":"H5 Secaucus","st":"NJ","co":"Hudson County","sqft":null,"lat":40.785395,"lon":-74.075012},"geometry":{"type":"Point","coordinates":[-74.075012,40.785394]}},{"type":"Feature","properties":{"id":"12550746951","t":"point","op":null,"nm":"Forescout Technologies, Inc.","st":"CA","co":"Santa Clara County","sqft":null,"lat":37.322868,"lon":-121.947418},"geometry":{"type":"Point","coordinates":[-121.947417,37.322867]}},{"type":"Feature","properties":{"id":"12682482760","t":"point","op":"Lumen Technologies","nm":"Lumen Albany 4","st":"NY","co":"Albany County","sqft":null,"lat":42.735631,"lon":-73.818665},"geometry":{"type":"Point","coordinates":[-73.818665,42.735630]}},{"type":"Feature","properties":{"id":"12695496267","t":"point","op":"Equinix","nm":"Equinix Chicago Data Center - CH1","st":"IL","co":"Cook County","sqft":null,"lat":41.853558,"lon":-87.618048},"geometry":{"type":"Point","coordinates":[-87.618047,41.853557]}},{"type":"Feature","properties":{"id":"12708029111","t":"point","op":null,"nm":"501 West","st":"NJ","co":"Mercer County","sqft":null,"lat":40.315558,"lon":-74.668851},"geometry":{"type":"Point","coordinates":[-74.668851,40.315558]}},{"type":"Feature","properties":{"id":"12766117170","t":"point","op":"Dataverge","nm":"Dataverge","st":"NY","co":"Kings County","sqft":null,"lat":40.657696,"lon":-74.004816},"geometry":{"type":"Point","coordinates":[-74.004816,40.657695]}},{"type":"Feature","properties":{"id":"12793428582","t":"point","op":null,"nm":"TulsaConnect DC3","st":"OK","co":"Tulsa County","sqft":null,"lat":36.099473,"lon":-95.838283},"geometry":{"type":"Point","coordinates":[-95.838282,36.099473]}},{"type":"Feature","properties":{"id":"13019681063","t":"point","op":null,"nm":"Comarch","st":"AZ","co":"Maricopa County","sqft":null,"lat":33.356679,"lon":-111.635236},"geometry":{"type":"Point","coordinates":[-111.635235,33.356678]}},{"type":"Feature","properties":{"id":"13042311881","t":"point","op":"CoreSite","nm":"CoreSite - LA2","st":"CA","co":"Los Angeles County","sqft":null,"lat":34.058479,"lon":-118.235914},"geometry":{"type":"Point","coordinates":[-118.235914,34.058478]}},{"type":"Feature","properties":{"id":"13154826377","t":"point","op":"Equinix","nm":"Equinix","st":"VA","co":"Loudoun County","sqft":null,"lat":39.013792,"lon":-77.453798},"geometry":{"type":"Point","coordinates":[-77.453797,39.013791]}},{"type":"Feature","properties":{"id":"13154826378","t":"point","op":"NTT","nm":"NTT Ashburn VA7 Data Center","st":"VA","co":"Loudoun County","sqft":null,"lat":39.016014,"lon":-77.471954},"geometry":{"type":"Point","coordinates":[-77.471954,39.016014]}},{"type":"Feature","properties":{"id":"13154826379","t":"point","op":"NTT","nm":"NTT VA11 Data Center","st":"VA","co":"Prince William County","sqft":null,"lat":38.799973,"lon":-77.609964},"geometry":{"type":"Point","coordinates":[-77.609963,38.799973]}},{"type":"Feature","properties":{"id":"13226718075","t":"point","op":"Lumen Technologies","nm":"Lumen Madison 1 Data Center","st":"WI","co":"Dane County","sqft":null,"lat":43.067716,"lon":-89.392279},"geometry":{"type":"Point","coordinates":[-89.392279,43.067716]}},{"type":"Feature","properties":{"id":"13311012216","t":"point","op":"Fiberhub","nm":"Fiberhub LAS1","st":"NV","co":"Clark County","sqft":null,"lat":36.065941,"lon":-115.139883},"geometry":{"type":"Point","coordinates":[-115.139883,36.065940]}},{"type":"Feature","properties":{"id":"13409186015","t":"point","op":null,"nm":"D\u0101Stor: 3400 Horizon Drive","st":"PA","co":"Montgomery County","sqft":null,"lat":40.087919,"lon":-75.33972},"geometry":{"type":"Point","coordinates":[-75.339720,40.087918]}},{"type":"Feature","properties":{"id":"13465438761","t":"point","op":null,"nm":"Rad Web Hosting","st":"TX","co":"Dallas County","sqft":null,"lat":32.778447,"lon":-96.798496},"geometry":{"type":"Point","coordinates":[-96.798496,32.778446]}},{"type":"Feature","properties":{"id":"13527396782","t":"point","op":null,"nm":null,"st":"WA","co":"Snohomish County","sqft":null,"lat":47.958744,"lon":-122.191532},"geometry":{"type":"Point","coordinates":[-122.191531,47.958744]}},{"type":"Feature","properties":{"id":"00002744301","t":"building","op":null,"nm":"Verizon","st":"NJ","co":"Middlesex County","sqft":105786,"lat":40.544256,"lon":-74.496521},"geometry":{"type":"Polygon","coordinates":[[[-74.496341,40.544885],[-74.497369,40.544275],[-74.496701,40.543625],[-74.495672,40.544234],[-74.496341,40.544885]],[[-74.496376,40.544389],[-74.496204,40.544484],[-74.496147,40.544426],[-74.496320,40.544331],[-74.496376,40.544389]],[[-74.496892,40.544086],[-74.496722,40.544185],[-74.496659,40.544123],[-74.496830,40.544024],[-74.496892,40.544086]]]}},{"type":"Feature","properties":{"id":"00014930068","t":"building","op":"Sandia National Laboratories","nm":"HPC","st":"NM","co":"Bernalillo County","sqft":158463,"lat":35.049942,"lon":-106.542822},"geometry":{"type":"Polygon","coordinates":[[[-106.542928,35.049417],[-106.542629,35.049415],[-106.542606,35.049415],[-106.542605,35.049348],[-106.542410,35.049348],[-106.54241,35.049319],[-106.542349,35.049319],[-106.542349,35.049350],[-106.542298,35.049350],[-106.542298,35.049420],[-106.542259,35.049420],[-106.542108,35.049420],[-106.542111,35.049836],[-106.542239,35.049835],[-106.542244,35.050570],[-106.542269,35.050570],[-106.542270,35.050563],[-106.542297,35.050562],[-106.542313,35.050561],[-106.542328,35.050557],[-106.542343,35.050553],[-106.542356,35.050546],[-106.542357,35.050523],[-106.542624,35.050522],[-106.542625,35.050552],[-106.542647,35.050550],[-106.542653,35.050549],[-106.542664,35.050546],[-106.542677,35.050541],[-106.542688,35.050534],[-106.542696,35.050528],[-106.542696,35.050520],[-106.542885,35.050520],[-106.542885,35.050540],[-106.542901,35.050548],[-106.542919,35.050554],[-106.542939,35.050558],[-106.542960,35.050559],[-106.542959,35.050519],[-106.543294,35.050515],[-106.543295,35.050538],[-106.543332,35.050538],[-106.543343,35.050532],[-106.543343,35.050519],[-106.543464,35.050519],[-106.543459,35.049823],[-106.543474,35.049813],[-106.543483,35.049804],[-106.543490,35.049792],[-106.543492,35.049779],[-106.543493,35.049763],[-106.543458,35.049762],[-106.543454,35.049414],[-106.543293,35.049414],[-106.543274,35.049414],[-106.543271,35.049348],[-106.542967,35.049345],[-106.542968,35.049416],[-106.542928,35.049417]]]}},{"type":"Feature","properties":{"id":"00015884451","t":"building","op":"Barclays","nm":"Barclays Datacenter","st":"NJ","co":"Union County","sqft":94373,"lat":40.643753,"lon":-74.285481},"geometry":{"type":"Polygon","coordinates":[[[-74.285998,40.643732],[-74.286201,40.643610],[-74.285816,40.643241],[-74.285611,40.643365],[-74.285471,40.643230],[-74.284693,40.643697],[-74.285372,40.644347],[-74.286151,40.643878],[-74.285998,40.643732]],[[-74.285832,40.643572],[-74.285696,40.643442],[-74.285753,40.643409],[-74.285888,40.643538],[-74.285832,40.643572]]]}},{"type":"Feature","properties":{"id":"00016282459","t":"building","op":"AiNET","nm":"CyberNAP Glen Burnie","st":"MD","co":"Anne Arundel County","sqft":89879,"lat":39.140242,"lon":-76.606431},"geometry":{"type":"Polygon","coordinates":[[[-76.605893,39.139774],[-76.606183,39.140815],[-76.606235,39.140806],[-76.606237,39.140815],[-76.606281,39.140808],[-76.606285,39.140819],[-76.606335,39.140809],[-76.606339,39.140822],[-76.606436,39.140805],[-76.606967,39.140717],[-76.606668,39.139638],[-76.605893,39.139774]]]}},{"type":"Feature","properties":{"id":"00019390019","t":"building","op":null,"nm":"Dakota Carrier Network","st":"ND","co":"Cass County","sqft":25931,"lat":46.815097,"lon":-96.844326},"geometry":{"type":"Polygon","coordinates":[[[-96.844724,46.815022],[-96.844780,46.814908],[-96.844662,46.814875],[-96.844633,46.814919],[-96.844610,46.814913],[-96.844627,46.814887],[-96.844386,46.814840],[-96.844379,46.814855],[-96.844348,46.814848],[-96.844312,46.814923],[-96.844284,46.814916],[-96.844260,46.814956],[-96.844136,46.814921],[-96.844087,46.815016],[-96.843935,46.814979],[-96.843847,46.815136],[-96.844013,46.815180],[-96.843981,46.815239],[-96.844091,46.815266],[-96.844072,46.815305],[-96.844276,46.815355],[-96.844293,46.815316],[-96.844469,46.815362],[-96.844498,46.815309],[-96.844515,46.815316],[-96.844581,46.815217],[-96.844551,46.815210],[-96.844577,46.815157],[-96.844614,46.815167],[-96.844650,46.815066],[-96.844633,46.815062],[-96.844647,46.815038],[-96.844712,46.815054],[-96.844713,46.815020],[-96.844724,46.815022]]]}},{"type":"Feature","properties":{"id":"00019787207","t":"building","op":"Microsoft","nm":"Microsoft Data Center 1","st":"VA","co":"Prince William County","sqft":248706,"lat":38.802411,"lon":-77.582379},"geometry":{"type":"Polygon","coordinates":[[[-77.581259,38.803135],[-77.582313,38.802855],[-77.582352,38.802941],[-77.582474,38.802908],[-77.582606,38.802879],[-77.582630,38.802872],[-77.582591,38.802781],[-77.583654,38.802498],[-77.583677,38.802492],[-77.583694,38.802530],[-77.583805,38.802501],[-77.583796,38.802481],[-77.583787,38.802459],[-77.583942,38.802417],[-77.583882,38.802275],[-77.583845,38.802188],[-77.583589,38.801605],[-77.583569,38.801609],[-77.583428,38.801646],[-77.583299,38.801680],[-77.583332,38.801756],[-77.582300,38.802030],[-77.582202,38.802056],[-77.582116,38.802079],[-77.581020,38.802369],[-77.580981,38.802278],[-77.580802,38.802335],[-77.580669,38.802377],[-77.580838,38.802771],[-77.581067,38.802711],[-77.581259,38.803135]]]}},{"type":"Feature","properties":{"id":"00025706343","t":"building","op":"Cyxtera","nm":"Cyxtera Dallas-Fort Worth Data Center","st":"TX","co":"Tarrant County","sqft":309104,"lat":32.832718,"lon":-97.041042},"geometry":{"type":"Polygon","coordinates":[[[-97.041047,32.833799],[-97.041632,32.833367],[-97.041528,32.833268],[-97.041610,32.833213],[-97.041721,32.833139],[-97.041660,32.833091],[-97.042282,32.832646],[-97.041265,32.831632],[-97.040632,32.832085],[-97.040624,32.832077],[-97.040509,32.832159],[-97.040497,32.832147],[-97.040426,32.832199],[-97.040437,32.832210],[-97.040387,32.832245],[-97.040398,32.832256],[-97.039765,32.832708],[-97.040658,32.833598],[-97.040767,32.833520],[-97.041047,32.833799]]]}},{"type":"Feature","properties":{"id":"00028544618","t":"building","op":"Equinix","nm":"Equinix Infomart","st":"TX","co":"Dallas County","sqft":239835,"lat":32.800943,"lon":-96.819511},"geometry":{"type":"Polygon","coordinates":[[[-96.820488,32.800986],[-96.820384,32.800926],[-96.820521,32.800759],[-96.820180,32.800561],[-96.820248,32.800478],[-96.820037,32.800357],[-96.819836,32.800240],[-96.819811,32.800271],[-96.819766,32.800326],[-96.819393,32.800110],[-96.819303,32.800220],[-96.819065,32.800082],[-96.818832,32.800368],[-96.818889,32.800400],[-96.818966,32.800446],[-96.818557,32.800945],[-96.818659,32.801004],[-96.818525,32.801168],[-96.818902,32.801387],[-96.818832,32.801472],[-96.819192,32.801681],[-96.819261,32.801597],[-96.819653,32.801824],[-96.819790,32.801657],[-96.819890,32.801715],[-96.820488,32.800986]]]}},{"type":"Feature","properties":{"id":"00029827954","t":"building","op":null,"nm":"CoreSite BO1","st":"MA","co":"Middlesex County","sqft":133960,"lat":42.376706,"lon":-71.079758},"geometry":{"type":"Polygon","coordinates":[[[-71.080290,42.376094],[-71.079137,42.376141],[-71.079224,42.377317],[-71.080377,42.377270],[-71.080290,42.376094]]]}},{"type":"Feature","properties":{"id":"00030666790","t":"building","op":"United States Postal Service","nm":"USPO Terminal Annex","st":"CA","co":"Los Angeles County","sqft":99270,"lat":34.058102,"lon":-118.235393},"geometry":{"type":"Polygon","coordinates":[[[-118.236047,34.058561],[-118.236114,34.058580],[-118.236135,34.058526],[-118.236147,34.058529],[-118.236152,34.058515],[-118.236142,34.058512],[-118.236164,34.058454],[-118.236177,34.058458],[-118.236183,34.058442],[-118.236172,34.058439],[-118.236195,34.058382],[-118.236206,34.058385],[-118.236213,34.058368],[-118.236202,34.058365],[-118.236226,34.058308],[-118.236237,34.058311],[-118.236244,34.058294],[-118.236232,34.058291],[-118.236256,34.058235],[-118.236265,34.058238],[-118.236272,34.058222],[-118.236262,34.058219],[-118.236285,34.058163],[-118.236295,34.058166],[-118.236302,34.058149],[-118.236292,34.058146],[-118.236314,34.058093],[-118.236242,34.058073],[-118.236247,34.058062],[-118.236232,34.058058],[-118.236228,34.058069],[-118.236159,34.058049],[-118.236163,34.058038],[-118.236146,34.058034],[-118.236142,34.058044],[-118.236074,34.058025],[-118.236079,34.058013],[-118.236061,34.058008],[-118.236056,34.058019],[-118.235986,34.058000],[-118.235991,34.057988],[-118.235973,34.057983],[-118.235968,34.057994],[-118.235900,34.057975],[-118.235905,34.057964],[-118.235884,34.057958],[-118.235880,34.057969],[-118.235812,34.057950],[-118.235818,34.057936],[-118.235798,34.057931],[-118.235793,34.057944],[-118.235725,34.057925],[-118.235731,34.057912],[-118.235710,34.057906],[-118.235705,34.057919],[-118.235638,34.057900],[-118.235644,34.057886],[-118.235622,34.057879],[-118.235616,34.057894],[-118.235505,34.057860],[-118.235513,34.057842],[-118.235520,34.057843],[-118.235527,34.057842],[-118.235533,34.057839],[-118.235537,34.057834],[-118.235537,34.057828],[-118.235535,34.057823],[-118.235532,34.057819],[-118.235537,34.057810],[-118.235503,34.057799],[-118.235500,34.057808],[-118.235486,34.057815],[-118.235482,34.057821],[-118.235482,34.057826],[-118.235485,34.057831],[-118.235490,34.057834],[-118.235497,34.057837],[-118.235489,34.057858],[-118.235464,34.057851],[-118.235470,34.057837],[-118.235448,34.057831],[-118.235443,34.057845],[-118.235377,34.057826],[-118.235382,34.057814],[-118.235363,34.057808],[-118.235358,34.057821],[-118.235288,34.057801],[-118.235293,34.057790],[-118.235273,34.057784],[-118.235268,34.057795],[-118.235200,34.057776],[-118.235205,34.057763],[-118.235184,34.057758],[-118.235180,34.057770],[-118.235114,34.057751],[-118.235118,34.057741],[-118.235097,34.057735],[-118.235093,34.057745],[-118.235025,34.057726],[-118.235029,34.057715],[-118.235010,34.057709],[-118.235006,34.057720],[-118.234937,34.057701],[-118.234941,34.057692],[-118.234922,34.057686],[-118.234918,34.057695],[-118.234850,34.057676],[-118.234854,34.057666],[-118.234834,34.057661],[-118.234830,34.057670],[-118.234764,34.057651],[-118.234768,34.057640],[-118.234748,34.057634],[-118.234744,34.057645],[-118.234679,34.057627],[-118.234545,34.057963],[-118.234538,34.057963],[-118.234531,34.057966],[-118.234521,34.057989],[-118.234523,34.057994],[-118.234529,34.057999],[-118.234514,34.058036],[-118.234506,34.058036],[-118.234501,34.058039],[-118.234490,34.058062],[-118.234494,34.058067],[-118.234501,34.058069],[-118.234473,34.058137],[-118.234842,34.058243],[-118.234855,34.058212],[-118.235711,34.058460],[-118.235709,34.058465],[-118.235767,34.058481],[-118.235763,34.058492],[-118.235782,34.058497],[-118.235786,34.058487],[-118.235856,34.058506],[-118.235851,34.058519],[-118.235869,34.058524],[-118.235873,34.058513],[-118.235941,34.058532],[-118.235937,34.058542],[-118.235956,34.058547],[-118.235960,34.058536],[-118.236030,34.058556],[-118.236026,34.058565],[-118.236043,34.058570],[-118.236047,34.058561]]]}},{"type":"Feature","properties":{"id":"00030827429","t":"building","op":null,"nm":"DataBank","st":"TX","co":"Dallas County","sqft":43564,"lat":32.778301,"lon":-96.798437},"geometry":{"type":"Polygon","coordinates":[[[-96.798153,32.778544],[-96.798167,32.778590],[-96.798969,32.778411],[-96.798859,32.778062],[-96.798588,32.778122],[-96.798583,32.778107],[-96.79852,32.778121],[-96.798492,32.778031],[-96.797902,32.778159],[-96.797936,32.778270],[-96.798037,32.778248],[-96.798075,32.778370],[-96.798002,32.778386],[-96.798056,32.778565],[-96.798153,32.778544]]]}},{"type":"Feature","properties":{"id":"00031250931","t":"building","op":"CyrusOne","nm":"CyrusOne Cincinnati-Mason CIN3","st":"OH","co":"Warren County","sqft":82813,"lat":39.303896,"lon":-84.31158},"geometry":{"type":"Polygon","coordinates":[[[-84.312243,39.303873],[-84.312268,39.303602],[-84.312203,39.303599],[-84.312208,39.303549],[-84.312127,39.303545],[-84.312133,39.303481],[-84.311184,39.303428],[-84.311180,39.303471],[-84.311097,39.303466],[-84.311091,39.303528],[-84.311018,39.303524],[-84.310987,39.303859],[-84.310957,39.304191],[-84.311012,39.304194],[-84.311008,39.304245],[-84.311088,39.304249],[-84.311083,39.304306],[-84.312045,39.304359],[-84.312050,39.304296],[-84.312125,39.304301],[-84.312129,39.304251],[-84.312194,39.304254],[-84.312218,39.303985],[-84.311880,39.303966],[-84.311866,39.304121],[-84.311327,39.304091],[-84.311335,39.304003],[-84.311473,39.304010],[-84.311474,39.303998],[-84.311648,39.304008],[-84.311659,39.303897],[-84.311468,39.303886],[-84.311463,39.303942],[-84.311339,39.303935],[-84.311345,39.303878],[-84.311366,39.303652],[-84.311910,39.303682],[-84.311894,39.303854],[-84.312243,39.303873]]]}},{"type":"Feature","properties":{"id":"00031800424","t":"building","op":null,"nm":"LightEdge SAN1","st":"CA","co":"San Diego County","sqft":83576,"lat":32.827866,"lon":-117.129934},"geometry":{"type":"Polygon","coordinates":[[[-117.129873,32.828155],[-117.130183,32.828153],[-117.130186,32.828070],[-117.130772,32.828069],[-117.130760,32.827632],[-117.129082,32.827650],[-117.129090,32.828078],[-117.129872,32.828066],[-117.129873,32.828155]]]}},{"type":"Feature","properties":{"id":"00031803515","t":"building","op":"EdgeConneX","nm":"EdgeConneX San Diego","st":"CA","co":"San Diego County","sqft":39204,"lat":32.842309,"lon":-117.169345},"geometry":{"type":"Polygon","coordinates":[[[-117.169130,32.841954],[-117.169064,32.842354],[-117.169107,32.842359],[-117.169067,32.842607],[-117.169177,32.842727],[-117.169429,32.842756],[-117.169517,32.842215],[-117.169745,32.842242],[-117.169780,32.842029],[-117.169130,32.841954]]]}},{"type":"Feature","properties":{"id":"00032560290","t":"building","op":"NTT","nm":"RagingWire CA2","st":"CA","co":"Sacramento County","sqft":204702,"lat":38.6504,"lon":-121.491946},"geometry":{"type":"Polygon","coordinates":[[[-121.493174,38.650792],[-121.493164,38.649988],[-121.490948,38.650004],[-121.490718,38.650005],[-121.490730,38.650811],[-121.493174,38.650792]]]}},{"type":"Feature","properties":{"id":"00032560292","t":"building","op":"NTT","nm":"RagingWire CA1","st":"CA","co":"Sacramento County","sqft":192302,"lat":38.650432,"lon":-121.489186},"geometry":{"type":"Polygon","coordinates":[[[-121.490369,38.650034],[-121.490079,38.650036],[-121.487996,38.650049],[-121.488003,38.650829],[-121.490376,38.650813],[-121.490369,38.650034]]]}},{"type":"Feature","properties":{"id":"00035491576","t":"building","op":"Equinix","nm":"Equinix SV1","st":"CA","co":"Santa Clara County","sqft":135022,"lat":37.241587,"lon":-121.78332},"geometry":{"type":"Polygon","coordinates":[[[-121.782602,37.241804],[-121.782605,37.241819],[-121.782615,37.241825],[-121.782639,37.241799],[-121.782716,37.241846],[-121.783459,37.242291],[-121.784076,37.241639],[-121.784208,37.241499],[-121.783762,37.241232],[-121.783710,37.241200],[-121.783214,37.240903],[-121.783200,37.240918],[-121.783182,37.240907],[-121.783018,37.241080],[-121.783037,37.241090],[-121.782963,37.241168],[-121.782768,37.241051],[-121.782687,37.241137],[-121.782882,37.241253],[-121.782596,37.241556],[-121.782564,37.241537],[-121.782556,37.241545],[-121.782560,37.241567],[-121.782446,37.241688],[-121.782465,37.241699],[-121.782451,37.241714],[-121.782602,37.241804]]]}},{"type":"Feature","properties":{"id":"00036897140","t":"building","op":null,"nm":null,"st":"OH","co":"Hamilton County","sqft":13074,"lat":39.294048,"lon":-84.412113},"geometry":{"type":"Polygon","coordinates":[[[-84.412355,39.293929],[-84.412313,39.293856],[-84.411796,39.294035],[-84.411913,39.294240],[-84.412430,39.294060],[-84.412355,39.293929]]]}},{"type":"Feature","properties":{"id":"00037877544","t":"building","op":"Lumen Technologies","nm":"Lumen Sunnyvale 1","st":"CA","co":"Santa Clara County","sqft":77132,"lat":37.373439,"lon":-121.987813},"geometry":{"type":"Polygon","coordinates":[[[-121.988426,37.373674],[-121.988419,37.373144],[-121.987174,37.373144],[-121.987178,37.373673],[-121.987658,37.373676],[-121.987662,37.373794],[-121.988172,37.373793],[-121.988168,37.373727],[-121.988292,37.373726],[-121.988292,37.373674],[-121.988426,37.373674]]]}},{"type":"Feature","properties":{"id":"00037947313","t":"building","op":null,"nm":"OpenColo","st":"CA","co":"Santa Clara County","sqft":65471,"lat":37.378816,"lon":-121.955937},"geometry":{"type":"Polygon","coordinates":[[[-121.956308,37.379245],[-121.956313,37.378838],[-121.956317,37.378417],[-121.955540,37.378412],[-121.955534,37.379077],[-121.955682,37.379078],[-121.955680,37.379241],[-121.956308,37.379245]]]}},{"type":"Feature","properties":{"id":"00037947314","t":"building","op":"Equinix","nm":"Equinix Santa Clara SV2","st":"CA","co":"Santa Clara County","sqft":81106,"lat":37.378434,"lon":-121.954992},"geometry":{"type":"Polygon","coordinates":[[[-121.955332,37.379059],[-121.955331,37.377881],[-121.954635,37.377881],[-121.954636,37.378909],[-121.955332,37.379059]]]}},{"type":"Feature","properties":{"id":"00037947315","t":"building","op":"Layer42","nm":"Layer42 Santa Clara","st":"CA","co":"Santa Clara County","sqft":25031,"lat":37.37804,"lon":-121.954151},"geometry":{"type":"Polygon","coordinates":[[[-121.954415,37.378253],[-121.954415,37.377776],[-121.954257,37.377776],[-121.954257,37.377839],[-121.953884,37.377839],[-121.953884,37.378014],[-121.953840,37.378014],[-121.953840,37.378077],[-121.953881,37.378077],[-121.953881,37.378256],[-121.953894,37.378256],[-121.953934,37.378256],[-121.953934,37.378298],[-121.954003,37.378298],[-121.954003,37.378253],[-121.954415,37.378253]]]}},{"type":"Feature","properties":{"id":"00038305431","t":"building","op":"Digital Realty","nm":"Digital Realty Silicon Valley SJC34","st":"CA","co":"Santa Clara County","sqft":129242,"lat":37.372388,"lon":-121.973619},"geometry":{"type":"Polygon","coordinates":[[[-121.974199,37.372878],[-121.974200,37.372261],[-121.974097,37.372261],[-121.974098,37.371854],[-121.974034,37.371854],[-121.974034,37.371781],[-121.973118,37.371780],[-121.973117,37.372877],[-121.973093,37.372877],[-121.973093,37.373035],[-121.973154,37.373035],[-121.973154,37.373015],[-121.973719,37.373016],[-121.973719,37.372878],[-121.974199,37.372878]]]}},{"type":"Feature","properties":{"id":"00038305568","t":"building","op":"Csquare","nm":"Csquare SFO1","st":"CA","co":"Santa Clara County","sqft":92193,"lat":37.371519,"lon":-121.969697},"geometry":{"type":"Polygon","coordinates":[[[-121.970001,37.371020],[-121.969926,37.371021],[-121.969928,37.371146],[-121.969376,37.371142],[-121.969368,37.371179],[-121.969356,37.371216],[-121.969328,37.371251],[-121.969293,37.371277],[-121.969249,37.371296],[-121.969195,37.371311],[-121.969139,37.371311],[-121.969092,37.371302],[-121.96906,37.371322],[-121.969052,37.371831],[-121.969155,37.371831],[-121.969173,37.371831],[-121.969173,37.371921],[-121.969697,37.371920],[-121.969696,37.371830],[-121.970313,37.371829],[-121.970311,37.371592],[-121.970308,37.371148],[-121.970003,37.371146],[-121.970001,37.371020]]]}},{"type":"Feature","properties":{"id":"00038305611","t":"building","op":"Vantage","nm":null,"st":"CA","co":"Santa Clara County","sqft":89293,"lat":37.373386,"lon":-121.972693},"geometry":{"type":"Polygon","coordinates":[[[-121.973314,37.373819],[-121.973315,37.373297],[-121.972807,37.373296],[-121.972808,37.372796],[-121.972242,37.372796],[-121.97224,37.373817],[-121.973314,37.373819]]]}},{"type":"Feature","properties":{"id":"00039083541","t":"building","op":null,"nm":"Strategic Datasphere","st":"GA","co":"Fulton County","sqft":127487,"lat":34.094797,"lon":-84.235697},"geometry":{"type":"Polygon","coordinates":[[[-84.235773,34.094114],[-84.235499,34.094417],[-84.235405,34.094353],[-84.235331,34.094439],[-84.235074,34.094598],[-84.235022,34.094670],[-84.235166,34.094787],[-84.235030,34.094937],[-84.234934,34.095043],[-84.235572,34.095437],[-84.235690,34.095510],[-84.236514,34.094575],[-84.235773,34.094114]]]}},{"type":"Feature","properties":{"id":"00039083797","t":"building","op":"Flexential","nm":"Flexential Atlanta - Alpharetta Data Center","st":"GA","co":"Fulton County","sqft":74814,"lat":34.087005,"lon":-84.251752},"geometry":{"type":"Polygon","coordinates":[[[-84.252623,34.087215],[-84.252586,34.086948],[-84.252074,34.086982],[-84.252068,34.086921],[-84.251987,34.086924],[-84.251963,34.086659],[-84.251024,34.086728],[-84.251060,34.087069],[-84.251304,34.087051],[-84.251308,34.087123],[-84.251318,34.087314],[-84.251618,34.087294],[-84.251812,34.087281],[-84.251811,34.087268],[-84.252197,34.087243],[-84.252205,34.087281],[-84.252423,34.087267],[-84.252421,34.087226],[-84.252623,34.087215]]]}},{"type":"Feature","properties":{"id":"00039083830","t":"building","op":null,"nm":"Secure Data Center","st":"GA","co":"Fulton County","sqft":184012,"lat":34.093708,"lon":-84.250876},"geometry":{"type":"Polygon","coordinates":[[[-84.252032,34.093845],[-84.250221,34.092906],[-84.249723,34.093574],[-84.251526,34.094506],[-84.252032,34.093845]]]}},{"type":"Feature","properties":{"id":"00040608200","t":"building","op":"Cologix","nm":"Cologix Santa Clara SV1 Data Center","st":"CA","co":"Santa Clara County","sqft":80686,"lat":37.365333,"lon":-121.9617},"geometry":{"type":"Polygon","coordinates":[[[-121.961716,37.364742],[-121.960903,37.365944],[-121.961178,37.366061],[-121.961599,37.365439],[-121.962049,37.365631],[-121.962441,37.365051],[-121.961716,37.364742]]]}},{"type":"Feature","properties":{"id":"00042323063","t":"building","op":null,"nm":"Netrality Data Centers","st":"MO","co":"St. Louis city","sqft":23093,"lat":38.629262,"lon":-90.197175},"geometry":{"type":"Polygon","coordinates":[[[-90.197446,38.628987],[-90.197110,38.628918],[-90.196994,38.629262],[-90.196903,38.629535],[-90.197239,38.629604],[-90.197342,38.629298],[-90.197446,38.628987]]]}},{"type":"Feature","properties":{"id":"00045448535","t":"building","op":null,"nm":null,"st":"MN","co":"Hennepin County","sqft":51180,"lat":44.991458,"lon":-93.280292},"geometry":{"type":"Polygon","coordinates":[[[-93.280413,44.990974],[-93.279898,44.991110],[-93.279980,44.991266],[-93.279877,44.991293],[-93.280019,44.991562],[-93.280044,44.991555],[-93.280064,44.991594],[-93.279895,44.991639],[-93.280039,44.991910],[-93.280802,44.991707],[-93.280413,44.990974]]]}},{"type":"Feature","properties":{"id":"00045583050","t":"building","op":null,"nm":null,"st":"VA","co":"Prince William County","sqft":52906,"lat":38.803415,"lon":-77.510577},"geometry":{"type":"Polygon","coordinates":[[[-77.510343,38.803816],[-77.511114,38.803584],[-77.510851,38.803052],[-77.510602,38.803126],[-77.510571,38.803063],[-77.510049,38.803219],[-77.510343,38.803816]]]}},{"type":"Feature","properties":{"id":"00045776978","t":"building","op":"Amazon Web Services","nm":"Amazon IAD11","st":"VA","co":"Prince William County","sqft":122474,"lat":38.7905,"lon":-77.541111},"geometry":{"type":"Polygon","coordinates":[[[-77.541468,38.791326],[-77.541463,38.789662],[-77.540760,38.789671],[-77.540750,38.791326],[-77.541468,38.791326]]]}},{"type":"Feature","properties":{"id":"00045776979","t":"building","op":"Amazon Web Services","nm":"Amazon IAD24","st":"VA","co":"Prince William County","sqft":31388,"lat":38.79035,"lon":-77.540006},"geometry":{"type":"Polygon","coordinates":[[[-77.540245,38.790739],[-77.540138,38.789932],[-77.539773,38.789957],[-77.539865,38.790760],[-77.540245,38.790739]]]}},{"type":"Feature","properties":{"id":"00045776988","t":"building","op":"Amazon Web Services","nm":"Amazon IAD7","st":"VA","co":"Prince William County","sqft":109423,"lat":38.791204,"lon":-77.538277},"geometry":{"type":"Polygon","coordinates":[[[-77.539414,38.791362],[-77.539366,38.790885],[-77.537118,38.791057],[-77.537177,38.791512],[-77.539414,38.791362]]]}},{"type":"Feature","properties":{"id":"00046128119","t":"building","op":"CyrusOne","nm":"CyrusOne CIN2","st":"OH","co":"Hamilton County","sqft":29534,"lat":39.102695,"lon":-84.517898},"geometry":{"type":"Polygon","coordinates":[[[-84.518234,39.1029],[-84.518111,39.102402],[-84.517564,39.102483],[-84.517570,39.102508],[-84.517610,39.102677],[-84.517668,39.102903],[-84.517652,39.102906],[-84.517672,39.102984],[-84.517771,39.102969],[-84.517775,39.102986],[-84.517877,39.102971],[-84.517873,39.102953],[-84.518234,39.1029]]]}},{"type":"Feature","properties":{"id":"00046831933","t":"building","op":"Digital Realty","nm":"VA 4","st":"VA","co":"Prince William County","sqft":263538,"lat":38.778111,"lon":-77.594876},"geometry":{"type":"Polygon","coordinates":[[[-77.595918,38.777754],[-77.594256,38.777244],[-77.593636,38.778475],[-77.594539,38.778751],[-77.594551,38.778728],[-77.595040,38.778877],[-77.595164,38.778630],[-77.595438,38.778713],[-77.595464,38.778662],[-77.595604,38.778705],[-77.595659,38.778595],[-77.595891,38.778666],[-77.596173,38.778106],[-77.595971,38.778043],[-77.596007,38.777971],[-77.595835,38.777918],[-77.595918,38.777754]]]}},{"type":"Feature","properties":{"id":"00048242814","t":"building","op":"Amazon Web Services","nm":"Amazon IAD10","st":"VA","co":"Loudoun County","sqft":112726,"lat":39.021646,"lon":-77.432876},"geometry":{"type":"Polygon","coordinates":[[[-77.432416,39.022211],[-77.432401,39.022211],[-77.432400,39.022237],[-77.433204,39.022243],[-77.433211,39.021665],[-77.433570,39.021668],[-77.433576,39.021256],[-77.433215,39.021253],[-77.433217,39.021113],[-77.432383,39.021107],[-77.432369,39.022198],[-77.432416,39.022198],[-77.432416,39.022211]]]}},{"type":"Feature","properties":{"id":"00048242816","t":"building","op":"Amazon Web Services","nm":"Amazon IAD32","st":"VA","co":"Loudoun County","sqft":35700,"lat":39.021569,"lon":-77.434794},"geometry":{"type":"Polygon","coordinates":[[[-77.434582,39.021158],[-77.434587,39.021981],[-77.435006,39.021980],[-77.435001,39.021156],[-77.434582,39.021158]]]}},{"type":"Feature","properties":{"id":"00052059176","t":"building","op":"NTT","nm":"NTT RagingWire Data Center","st":"OR","co":"Washington County","sqft":260339,"lat":45.549584,"lon":-122.937393},"geometry":{"type":"Polygon","coordinates":[[[-122.939688,45.549855],[-122.939695,45.549288],[-122.936076,45.549268],[-122.935085,45.549262],[-122.935079,45.549828],[-122.936069,45.549834],[-122.937067,45.549839],[-122.937064,45.550056],[-122.937381,45.550058],[-122.937381,45.550097],[-122.937537,45.550097],[-122.937537,45.550059],[-122.937854,45.550060],[-122.937856,45.549845],[-122.939688,45.549855]]]}},{"type":"Feature","properties":{"id":"00052094269","t":"building","op":"Centersquare","nm":"Centersquare IAD1-B","st":"VA","co":"Loudoun County","sqft":79070,"lat":39.023907,"lon":-77.41519},"geometry":{"type":"Polygon","coordinates":[[[-77.415387,39.024192],[-77.415382,39.024202],[-77.415922,39.024356],[-77.416158,39.023854],[-77.415746,39.023736],[-77.415651,39.023937],[-77.414818,39.023698],[-77.414912,39.023498],[-77.414496,39.023378],[-77.414259,39.023881],[-77.414808,39.024039],[-77.414815,39.024026],[-77.414826,39.024029],[-77.414815,39.024051],[-77.415364,39.024208],[-77.415373,39.024188],[-77.415387,39.024192]]]}},{"type":"Feature","properties":{"id":"00052094270","t":"building","op":"Centersquare","nm":"Centersquare IAD1-A","st":"VA","co":"Loudoun County","sqft":89830,"lat":39.023321,"lon":-77.413201},"geometry":{"type":"Polygon","coordinates":[[[-77.413392,39.023622],[-77.413387,39.023633],[-77.413928,39.023787],[-77.414163,39.023286],[-77.413753,39.023168],[-77.413706,39.023267],[-77.413388,39.023176],[-77.413423,39.023100],[-77.413367,39.023082],[-77.413329,39.023159],[-77.412866,39.023027],[-77.412913,39.022926],[-77.412529,39.022816],[-77.412528,39.022819],[-77.412496,39.022807],[-77.412278,39.023271],[-77.412285,39.023273],[-77.412273,39.023299],[-77.412267,39.023297],[-77.412260,39.023311],[-77.412810,39.023468],[-77.412816,39.023456],[-77.412829,39.023460],[-77.412818,39.023485],[-77.413363,39.023640],[-77.413374,39.023617],[-77.413392,39.023622]]]}},{"type":"Feature","properties":{"id":"00052094294","t":"building","op":"Centersquare","nm":"Centersquare IAD1-C","st":"VA","co":"Loudoun County","sqft":135383,"lat":39.024756,"lon":-77.412204},"geometry":{"type":"Polygon","coordinates":[[[-77.411488,39.024172],[-77.411175,39.024836],[-77.412918,39.025335],[-77.413233,39.024668],[-77.412928,39.024580],[-77.412919,39.024598],[-77.412727,39.024543],[-77.412736,39.024525],[-77.412430,39.024438],[-77.412421,39.024457],[-77.412283,39.024417],[-77.412291,39.024399],[-77.411984,39.024311],[-77.411975,39.024328],[-77.411786,39.024274],[-77.411793,39.024259],[-77.411488,39.024172]]]}},{"type":"Feature","properties":{"id":"00052227492","t":"building","op":"Flexential","nm":"Flexential Minneapolis - Chaska","st":"MN","co":"Carver County","sqft":135505,"lat":44.851593,"lon":-93.598831},"geometry":{"type":"Polygon","coordinates":[[[-93.598950,44.852252],[-93.598950,44.852035],[-93.599261,44.852039],[-93.599266,44.851708],[-93.599518,44.851712],[-93.599529,44.851484],[-93.599599,44.851434],[-93.599636,44.851434],[-93.599626,44.851054],[-93.599508,44.850970],[-93.599223,44.850982],[-93.599229,44.851012],[-93.59917,44.851031],[-93.599068,44.850966],[-93.598907,44.850963],[-93.598907,44.851157],[-93.598156,44.851157],[-93.598177,44.852031],[-93.598183,44.852260],[-93.598830,44.852253],[-93.598950,44.852252]]]}},{"type":"Feature","properties":{"id":"00052958203","t":"building","op":null,"nm":"Pearl Plaza Office Building","st":"CO","co":"Denver County","sqft":48787,"lat":39.74523,"lon":-104.979332},"geometry":{"type":"Polygon","coordinates":[[[-104.979795,39.745487],[-104.979797,39.744974],[-104.978868,39.744973],[-104.978867,39.745485],[-104.979119,39.745486],[-104.979795,39.745487]]]}},{"type":"Feature","properties":{"id":"00054119665","t":"building","op":"Csquare","nm":"Csquare SFO2","st":"CA","co":"Santa Clara County","sqft":146098,"lat":37.397579,"lon":-121.980869},"geometry":{"type":"Polygon","coordinates":[[[-121.981741,37.397218],[-121.980300,37.397218],[-121.980300,37.397168],[-121.979944,37.397168],[-121.979944,37.397975],[-121.980845,37.397975],[-121.980845,37.397843],[-121.980892,37.397843],[-121.980892,37.397894],[-121.981046,37.397894],[-121.981046,37.397886],[-121.981981,37.397886],[-121.981981,37.397537],[-121.981741,37.397537],[-121.981741,37.397218]]]}},{"type":"Feature","properties":{"id":"00054119667","t":"building","op":"Csquare","nm":"Csquare SFO2","st":"CA","co":"Santa Clara County","sqft":115693,"lat":37.398618,"lon":-121.981112},"geometry":{"type":"Polygon","coordinates":[[[-121.982127,37.398842],[-121.982126,37.398332],[-121.980185,37.398334],[-121.980186,37.398943],[-121.981351,37.398942],[-121.981350,37.398815],[-121.981742,37.398815],[-121.981742,37.398842],[-121.982127,37.398842]]]}},{"type":"Feature","properties":{"id":"00054121151","t":"building","op":"Quality Technology Services","nm":"QTS Santa Clara 1","st":"CA","co":"Santa Clara County","sqft":32173,"lat":37.393984,"lon":-121.97831},"geometry":{"type":"Polygon","coordinates":[[[-121.978674,37.394288],[-121.978672,37.394013],[-121.978566,37.394014],[-121.978568,37.393967],[-121.978547,37.393916],[-121.978483,37.393890],[-121.978421,37.393893],[-121.978433,37.393685],[-121.977969,37.393683],[-121.977966,37.393988],[-121.978340,37.394285],[-121.978674,37.394288]]]}},{"type":"Feature","properties":{"id":"00054173383","t":"building","op":"CoreSite","nm":"CoreSite SV3","st":"CA","co":"Santa Clara County","sqft":57809,"lat":37.375142,"lon":-121.971709},"geometry":{"type":"Polygon","coordinates":[[[-121.971305,37.375337],[-121.971373,37.375337],[-121.971373,37.375511],[-121.972008,37.375510],[-121.972008,37.375336],[-121.972123,37.375336],[-121.972122,37.374803],[-121.971304,37.374804],[-121.971305,37.375337]]]}},{"type":"Feature","properties":{"id":"00054173753","t":"building","op":"CoreSite","nm":"CoreSite SV6","st":"CA","co":"Santa Clara County","sqft":61065,"lat":37.376302,"lon":-121.972084},"geometry":{"type":"Polygon","coordinates":[[[-121.97181,37.375781],[-121.971801,37.376819],[-121.972357,37.376822],[-121.972366,37.375784],[-121.97181,37.375781]]]}},{"type":"Feature","properties":{"id":"00054173755","t":"building","op":"CoreSite","nm":"CoreSite SV8","st":"CA","co":"Santa Clara County","sqft":41609,"lat":37.377383,"lon":-121.97184},"geometry":{"type":"Polygon","coordinates":[[[-121.971294,37.377547],[-121.972194,37.377578],[-121.972365,37.377584],[-121.972385,37.377218],[-121.971314,37.377180],[-121.971294,37.377547]]]}},{"type":"Feature","properties":{"id":"00054383196","t":"building","op":"CoreSite","nm":"CoreSite SV5","st":"CA","co":"Santa Clara County","sqft":50856,"lat":37.375196,"lon":-121.97069},"geometry":{"type":"Polygon","coordinates":[[[-121.970401,37.374782],[-121.970397,37.375608],[-121.970979,37.375610],[-121.970980,37.374780],[-121.970401,37.374782]]]}},{"type":"Feature","properties":{"id":"00054383197","t":"building","op":"CoreSite","nm":"CoreSite SV9","st":"CA","co":"Santa Clara County","sqft":60403,"lat":37.375559,"lon":-121.96961},"geometry":{"type":"Polygon","coordinates":[[[-121.969249,37.375208],[-121.969248,37.375328],[-121.969186,37.375328],[-121.969180,37.375895],[-121.970022,37.375901],[-121.970029,37.375213],[-121.969249,37.375208]]]}},{"type":"Feature","properties":{"id":"00058708529","t":"building","op":"Quality Technology Services","nm":"QTS Santa Clara 2","st":"CA","co":"Santa Clara County","sqft":36808,"lat":37.392722,"lon":-121.978397},"geometry":{"type":"Polygon","coordinates":[[[-121.978514,37.393059],[-121.978517,37.392789],[-121.978793,37.392700],[-121.978757,37.392638],[-121.978840,37.392613],[-121.978713,37.392370],[-121.978455,37.392448],[-121.978429,37.392443],[-121.978403,37.392439],[-121.978357,37.392446],[-121.978323,37.392460],[-121.978300,37.392475],[-121.978276,37.392509],[-121.978014,37.392595],[-121.978112,37.392780],[-121.978038,37.392809],[-121.978096,37.392927],[-121.978095,37.393057],[-121.978203,37.393057],[-121.978242,37.393082],[-121.978285,37.393090],[-121.978325,37.393091],[-121.978366,37.393082],[-121.978406,37.393057],[-121.978514,37.393059]]]}},{"type":"Feature","properties":{"id":"00059294476","t":"building","op":"Stack Infrastructure","nm":"STACK NVA01A - Northern Virginia","st":"VA","co":"Loudoun County","sqft":179330,"lat":39.004699,"lon":-77.441764},"geometry":{"type":"Polygon","coordinates":[[[-77.440706,39.004534],[-77.441943,39.005537],[-77.442388,39.005203],[-77.442424,39.005232],[-77.442468,39.005200],[-77.442530,39.005250],[-77.442633,39.005174],[-77.442657,39.005194],[-77.442773,39.005109],[-77.442543,39.004923],[-77.442649,39.004844],[-77.442544,39.004758],[-77.442565,39.004743],[-77.442365,39.004581],[-77.442450,39.004517],[-77.441627,39.003848],[-77.441200,39.004168],[-77.441179,39.004151],[-77.441135,39.004185],[-77.441152,39.004199],[-77.440706,39.004534]]]}},{"type":"Feature","properties":{"id":"00063619642","t":"building","op":null,"nm":"Minnesota Gateway Data Center","st":"MN","co":"Hennepin County","sqft":87697,"lat":44.971302,"lon":-93.254652},"geometry":{"type":"Polygon","coordinates":[[[-93.254901,44.971833],[-93.255031,44.971680],[-93.255092,44.971706],[-93.255179,44.971603],[-93.255123,44.971579],[-93.255267,44.971410],[-93.255396,44.971466],[-93.255547,44.971289],[-93.254261,44.970742],[-93.254107,44.970923],[-93.254205,44.970964],[-93.253847,44.971385],[-93.254901,44.971833]]]}},{"type":"Feature","properties":{"id":"00069827429","t":"building","op":null,"nm":"IBM Building","st":"NY","co":"Albany County","sqft":15355,"lat":42.649353,"lon":-73.752745},"geometry":{"type":"Polygon","coordinates":[[[-73.752806,42.649588],[-73.753063,42.649299],[-73.752990,42.649264],[-73.752683,42.649117],[-73.752526,42.649294],[-73.752427,42.649406],[-73.752806,42.649588]]]}},{"type":"Feature","properties":{"id":"00071187940","t":"building","op":"Verizon Wireless","nm":null,"st":"MI","co":"Wayne County","sqft":24933,"lat":42.326266,"lon":-83.076986},"geometry":{"type":"Polygon","coordinates":[[[-83.076959,42.325873],[-83.076641,42.325971],[-83.077050,42.326701],[-83.077210,42.326652],[-83.077154,42.326552],[-83.077311,42.326504],[-83.076959,42.325873]]]}},{"type":"Feature","properties":{"id":"00079056848","t":"building","op":"University of New Hampshire","nm":null,"st":"NH","co":"Strafford County","sqft":30553,"lat":43.143619,"lon":-70.952473},"geometry":{"type":"Polygon","coordinates":[[[-70.952261,43.143307],[-70.952198,43.143418],[-70.952030,43.143714],[-70.952755,43.143933],[-70.952800,43.143854],[-70.952761,43.143842],[-70.952804,43.143767],[-70.952777,43.143759],[-70.952847,43.143636],[-70.952790,43.143618],[-70.952809,43.143585],[-70.952863,43.143489],[-70.952261,43.143307]]]}},{"type":"Feature","properties":{"id":"00079158387","t":"building","op":"Digital Realty","nm":"VA3","st":"VA","co":"Fairfax County","sqft":96241,"lat":38.948464,"lon":-77.327295},"geometry":{"type":"Polygon","coordinates":[[[-77.327766,38.948749],[-77.327742,38.948708],[-77.327770,38.948698],[-77.327731,38.948630],[-77.327985,38.948540],[-77.327835,38.948283],[-77.327778,38.948303],[-77.327657,38.948096],[-77.327617,38.948111],[-77.327535,38.947971],[-77.327482,38.947925],[-77.327327,38.947979],[-77.327272,38.947884],[-77.326937,38.948001],[-77.326998,38.948108],[-77.326628,38.948237],[-77.327128,38.949103],[-77.327511,38.948970],[-77.327487,38.948927],[-77.327558,38.948902],[-77.327624,38.948879],[-77.327585,38.948812],[-77.327704,38.948771],[-77.327766,38.948749]]]}},{"type":"Feature","properties":{"id":"00079159494","t":"building","op":"Evocative","nm":"IAD1","st":"VA","co":"Fairfax County","sqft":19325,"lat":38.948816,"lon":-77.32941},"geometry":{"type":"Polygon","coordinates":[[[-77.32984,38.948856],[-77.329664,38.948747],[-77.329628,38.948781],[-77.329455,38.948665],[-77.329417,38.948698],[-77.329243,38.948585],[-77.329123,38.948693],[-77.329077,38.948662],[-77.328988,38.948740],[-77.328993,38.948789],[-77.329101,38.948858],[-77.329158,38.948854],[-77.329170,38.948843],[-77.329311,38.948936],[-77.329366,38.948932],[-77.329379,38.948920],[-77.329518,38.949014],[-77.329575,38.949010],[-77.329587,38.949000],[-77.329641,38.949038],[-77.32984,38.948856]]]}},{"type":"Feature","properties":{"id":"00079298926","t":"building","op":"CoreSite","nm":"CoreSite Reston Campus VA1","st":"VA","co":"Fairfax County","sqft":138035,"lat":38.950586,"lon":-77.364548},"geometry":{"type":"Polygon","coordinates":[[[-77.364666,38.949950],[-77.364400,38.950044],[-77.364376,38.950011],[-77.364352,38.949998],[-77.364317,38.949998],[-77.364290,38.950011],[-77.364280,38.950036],[-77.364290,38.950055],[-77.364044,38.950146],[-77.364025,38.950126],[-77.364001,38.950117],[-77.363974,38.950124],[-77.363947,38.950138],[-77.363939,38.950157],[-77.363947,38.950180],[-77.363695,38.950267],[-77.363859,38.950555],[-77.363816,38.950658],[-77.363896,38.950799],[-77.364070,38.950751],[-77.364373,38.951277],[-77.365403,38.950918],[-77.365127,38.950418],[-77.365103,38.950401],[-77.365060,38.950401],[-77.365017,38.950411],[-77.364910,38.950228],[-77.365015,38.950194],[-77.365039,38.950163],[-77.365047,38.950140],[-77.365049,38.950113],[-77.365031,38.950084],[-77.364993,38.950063],[-77.364966,38.950057],[-77.364929,38.950059],[-77.364832,38.950088],[-77.364752,38.949950],[-77.364736,38.949936],[-77.364714,38.949934],[-77.364666,38.949950]]]}},{"type":"Feature","properties":{"id":"00079818498","t":"building","op":"CoreSite","nm":"CoreSite Reston VA3","st":"VA","co":"Fairfax County","sqft":249707,"lat":38.948468,"lon":-77.37237},"geometry":{"type":"Polygon","coordinates":[[[-77.372557,38.948135],[-77.372695,38.947901],[-77.372303,38.947761],[-77.372073,38.948133],[-77.371820,38.948033],[-77.371796,38.947989],[-77.371756,38.947974],[-77.371987,38.947611],[-77.371528,38.947442],[-77.371346,38.947751],[-77.371456,38.947793],[-77.371179,38.948256],[-77.371512,38.948381],[-77.371563,38.948306],[-77.371888,38.948437],[-77.371753,38.948665],[-77.371083,38.948410],[-77.370909,38.948715],[-77.371855,38.949067],[-77.371930,38.948967],[-77.372027,38.948994],[-77.372132,38.948814],[-77.372424,38.948925],[-77.372456,38.948874],[-77.373405,38.949225],[-77.373637,38.948850],[-77.373717,38.948879],[-77.373950,38.948512],[-77.373441,38.948316],[-77.373403,38.948375],[-77.372891,38.948189],[-77.372849,38.948246],[-77.372557,38.948135]]]}},{"type":"Feature","properties":{"id":"00087058670","t":"building","op":"FirstLight","nm":null,"st":"NH","co":"Rockingham County","sqft":9316,"lat":43.076119,"lon":-70.808043},"geometry":{"type":"Polygon","coordinates":[[[-70.808273,43.076293],[-70.808118,43.076100],[-70.808137,43.076092],[-70.808111,43.076059],[-70.808145,43.076044],[-70.808090,43.075976],[-70.808109,43.075967],[-70.808079,43.075930],[-70.808056,43.075939],[-70.808020,43.075894],[-70.807806,43.075986],[-70.808109,43.076363],[-70.808273,43.076293]]]}},{"type":"Feature","properties":{"id":"00089784186","t":"building","op":null,"nm":"Insurance Exchange Building","st":"CO","co":"Denver County","sqft":19807,"lat":39.745572,"lon":-104.995691},"geometry":{"type":"Polygon","coordinates":[[[-104.995729,39.745298],[-104.995333,39.745602],[-104.995653,39.745846],[-104.996048,39.745540],[-104.995729,39.745298]]]}},{"type":"Feature","properties":{"id":"00093210344","t":"building","op":"Lincoln Rackhouse","nm":"Lincoln Rackhouse Maryland","st":"MD","co":"Montgomery County","sqft":146301,"lat":39.058563,"lon":-76.964322},"geometry":{"type":"Polygon","coordinates":[[[-76.963853,39.058006],[-76.963765,39.058582],[-76.963638,39.058570],[-76.963598,39.058814],[-76.964152,39.059367],[-76.965335,39.058643],[-76.964911,39.058601],[-76.964826,39.058654],[-76.964825,39.058678],[-76.964587,39.058655],[-76.964602,39.058550],[-76.964722,39.058477],[-76.964723,39.058457],[-76.964824,39.058396],[-76.964892,39.057955],[-76.964838,39.057900],[-76.964276,39.057849],[-76.964265,39.057919],[-76.964026,39.057895],[-76.964014,39.057993],[-76.963934,39.057986],[-76.963931,39.058012],[-76.963853,39.058006]]]}},{"type":"Feature","properties":{"id":"00095349317","t":"building","op":null,"nm":"CyrusOne Cincinnati-Lebanon","st":"OH","co":"Warren County","sqft":198403,"lat":39.389019,"lon":-84.221875},"geometry":{"type":"Polygon","coordinates":[[[-84.221621,39.389984],[-84.222949,39.388657],[-84.222393,39.388324],[-84.222577,39.388140],[-84.222268,39.387955],[-84.220755,39.389467],[-84.221621,39.389984]]]}},{"type":"Feature","properties":{"id":"00095782052","t":"building","op":"Equinix","nm":"Equinix NY7 Data Center","st":"NJ","co":"Hudson County","sqft":68650,"lat":40.796864,"lon":-74.031141},"geometry":{"type":"Polygon","coordinates":[[[-74.031732,40.796485],[-74.031175,40.796266],[-74.030548,40.797243],[-74.031108,40.797458],[-74.031732,40.796485]]]}},{"type":"Feature","properties":{"id":"00099813512","t":"building","op":"Equinix","nm":"Equinix SV4","st":"CA","co":"Santa Clara County","sqft":122369,"lat":37.414564,"lon":-122.01458},"geometry":{"type":"Polygon","coordinates":[[[-122.015028,37.413784],[-122.014950,37.414022],[-122.014429,37.413914],[-122.014375,37.414077],[-122.014573,37.414118],[-122.014544,37.414207],[-122.014196,37.414135],[-122.013949,37.414884],[-122.013896,37.415047],[-122.014036,37.415076],[-122.014019,37.415127],[-122.014551,37.415237],[-122.014610,37.415055],[-122.014903,37.415116],[-122.015161,37.414324],[-122.015057,37.414303],[-122.015078,37.414239],[-122.015181,37.414261],[-122.015211,37.414170],[-122.015109,37.414149],[-122.015216,37.413823],[-122.015028,37.413784]]]}},{"type":"Feature","properties":{"id":"00102129663","t":"building","op":"H5 Data Centers","nm":"H5 Data Centers San Antonio","st":"TX","co":"Bexar County","sqft":20898,"lat":29.429371,"lon":-98.486906},"geometry":{"type":"Polygon","coordinates":[[[-98.486587,29.429382],[-98.486894,29.429654],[-98.487224,29.429362],[-98.486921,29.429086],[-98.486587,29.429382]]]}},{"type":"Feature","properties":{"id":"00104082694","t":"building","op":null,"nm":"Aureon","st":"IA","co":"Polk County","sqft":11253,"lat":41.587999,"lon":-93.631009},"geometry":{"type":"Polygon","coordinates":[[[-93.631203,41.588145],[-93.631177,41.588077],[-93.631189,41.588074],[-93.631186,41.588065],[-93.631226,41.588057],[-93.631167,41.587896],[-93.631115,41.587907],[-93.631076,41.587800],[-93.630801,41.587861],[-93.630833,41.587945],[-93.630811,41.587949],[-93.630900,41.588184],[-93.631203,41.588145]]]}},{"type":"Feature","properties":{"id":"00116005354","t":"building","op":null,"nm":null,"st":"NC","co":"Catawba County","sqft":564402,"lat":35.588013,"lon":-81.262527},"geometry":{"type":"Polygon","coordinates":[[[-81.261208,35.589437],[-81.261722,35.589198],[-81.261662,35.589112],[-81.262141,35.588890],[-81.262120,35.588861],[-81.262369,35.588745],[-81.262464,35.588880],[-81.263707,35.588302],[-81.263597,35.588144],[-81.263856,35.588023],[-81.263870,35.588043],[-81.264351,35.587819],[-81.264405,35.587896],[-81.264652,35.587782],[-81.263946,35.586777],[-81.263483,35.586992],[-81.263335,35.586782],[-81.262871,35.586998],[-81.261528,35.587622],[-81.261082,35.587830],[-81.261256,35.588076],[-81.260498,35.588428],[-81.261208,35.589437]]]}},{"type":"Feature","properties":{"id":"00122665255","t":"building","op":"Digital Realty","nm":"Digital Realty New York HVN10","st":"CT","co":"Greater Bridgeport Planning Region","sqft":134982,"lat":41.240846,"lon":-73.147299},"geometry":{"type":"Polygon","coordinates":[[[-73.147589,41.241276],[-73.148046,41.241048],[-73.148004,41.240992],[-73.148086,41.240951],[-73.147634,41.240419],[-73.147165,41.240642],[-73.147074,41.240533],[-73.147069,41.240534],[-73.147037,41.240472],[-73.147000,41.240434],[-73.147122,41.240397],[-73.147119,41.240384],[-73.147187,41.240365],[-73.147038,41.240077],[-73.147012,41.240086],[-73.146965,41.239987],[-73.146995,41.239980],[-73.146921,41.239834],[-73.146770,41.239874],[-73.146670,41.239683],[-73.146730,41.239660],[-73.146678,41.239558],[-73.146640,41.239568],[-73.146644,41.239587],[-73.146623,41.239593],[-73.146581,41.239607],[-73.146545,41.239631],[-73.146519,41.239652],[-73.146477,41.239693],[-73.146461,41.239723],[-73.146453,41.239750],[-73.146446,41.239818],[-73.146463,41.239860],[-73.146548,41.240005],[-73.146522,41.240014],[-73.146565,41.240098],[-73.146590,41.240091],[-73.146643,41.240195],[-73.146592,41.240207],[-73.146622,41.240281],[-73.146642,41.240357],[-73.146663,41.240407],[-73.146694,41.240459],[-73.146702,41.240485],[-73.146804,41.240453],[-73.146864,41.240559],[-73.146987,41.240701],[-73.146867,41.240754],[-73.146898,41.240795],[-73.146935,41.240779],[-73.146998,41.240859],[-73.146971,41.240871],[-73.147023,41.240939],[-73.147064,41.240921],[-73.147138,41.241013],[-73.147112,41.241025],[-73.147244,41.241165],[-73.147264,41.241155],[-73.147318,41.241222],[-73.146998,41.241382],[-73.147129,41.241531],[-73.147088,41.241551],[-73.147154,41.241626],[-73.147196,41.241604],[-73.147459,41.241902],[-73.147653,41.241805],[-73.147704,41.241862],[-73.147983,41.241723],[-73.147589,41.241276]]]}},{"type":"Feature","properties":{"id":"00124088810","t":"building","op":null,"nm":"Lincoln Rackhouse","st":"IL","co":"DuPage County","sqft":70123,"lat":41.772165,"lon":-88.217091},"geometry":{"type":"Polygon","coordinates":[[[-88.217810,41.772480],[-88.217776,41.772155],[-88.217541,41.772170],[-88.217529,41.772050],[-88.216809,41.771670],[-88.216353,41.772158],[-88.217071,41.772536],[-88.217146,41.772456],[-88.217206,41.772482],[-88.217212,41.772518],[-88.217810,41.772480]]]}},{"type":"Feature","properties":{"id":"00128499684","t":"building","op":"Digital Realty","nm":"Digital Realty CH1","st":"IL","co":"Cook County","sqft":469756,"lat":41.994237,"lon":-87.962172},"geometry":{"type":"Polygon","coordinates":[[[-87.960922,41.993999],[-87.960784,41.994112],[-87.960588,41.993972],[-87.960249,41.994253],[-87.960562,41.994482],[-87.960916,41.994206],[-87.960896,41.994192],[-87.960932,41.994163],[-87.960953,41.995131],[-87.963547,41.995100],[-87.963513,41.993517],[-87.963620,41.993516],[-87.963616,41.993351],[-87.960909,41.993383],[-87.960922,41.993999]]]}},{"type":"Feature","properties":{"id":"00131874718","t":"building","op":"H5","nm":"H5 Minneapolis","st":"MN","co":"Ramsey County","sqft":108201,"lat":44.972253,"lon":-93.14746},"geometry":{"type":"Polygon","coordinates":[[[-93.147974,44.972940],[-93.147982,44.972274],[-93.147585,44.972274],[-93.147593,44.972115],[-93.147744,44.972116],[-93.147746,44.971672],[-93.147763,44.971666],[-93.147797,44.971649],[-93.147754,44.971620],[-93.147803,44.971591],[-93.147760,44.971563],[-93.147797,44.971538],[-93.147749,44.971508],[-93.147752,44.971454],[-93.147522,44.971452],[-93.147121,44.971449],[-93.147119,44.971995],[-93.146963,44.971997],[-93.146963,44.972504],[-93.147121,44.972502],[-93.147116,44.972940],[-93.147974,44.972940]]]}},{"type":"Feature","properties":{"id":"00131891022","t":"building","op":null,"nm":"Iron Mountain Records Storage","st":"AZ","co":"Maricopa County","sqft":145832,"lat":33.42038,"lon":-112.041326},"geometry":{"type":"Polygon","coordinates":[[[-112.042202,33.420710],[-112.042123,33.419931],[-112.040449,33.420049],[-112.040528,33.420828],[-112.042202,33.420710]]]}},{"type":"Feature","properties":{"id":"00132746406","t":"building","op":"Equinix","nm":"Equinix SV8","st":"CA","co":"Santa Clara County","sqft":12034,"lat":37.445895,"lon":-122.160782},"geometry":{"type":"Polygon","coordinates":[[[-122.160944,37.445609],[-122.160473,37.446082],[-122.160629,37.446180],[-122.160834,37.445973],[-122.160809,37.445957],[-122.160933,37.445833],[-122.160956,37.445848],[-122.161098,37.445706],[-122.160944,37.445609]]]}},{"type":"Feature","properties":{"id":"00138260136","t":"building","op":null,"nm":"NCSA Petascale Computing Facility","st":"IL","co":"Champaign County","sqft":45620,"lat":40.095259,"lon":-88.242031},"geometry":{"type":"Polygon","coordinates":[[[-88.241807,40.095748],[-88.242265,40.095745],[-88.242259,40.095123],[-88.242255,40.094769],[-88.241884,40.094771],[-88.241797,40.094772],[-88.241807,40.095748]]]}},{"type":"Feature","properties":{"id":"00138643160","t":"building","op":null,"nm":"LexisNexus Springfield","st":"OH","co":"Clark County","sqft":79937,"lat":39.91278,"lon":-83.723761},"geometry":{"type":"Polygon","coordinates":[[[-83.724502,39.913110],[-83.724583,39.912534],[-83.724340,39.912518],[-83.724335,39.912598],[-83.723658,39.912550],[-83.723608,39.912581],[-83.723606,39.912626],[-83.723435,39.912615],[-83.723440,39.912528],[-83.722771,39.912483],[-83.722744,39.912753],[-83.723138,39.912780],[-83.723132,39.912863],[-83.723288,39.912874],[-83.723278,39.912960],[-83.723323,39.912964],[-83.723327,39.912950],[-83.723376,39.912954],[-83.723368,39.913030],[-83.724502,39.913110]]]}},{"type":"Feature","properties":{"id":"00149379943","t":"building","op":"Digital Realty","nm":"Digital Realty ORD11","st":"IL","co":"Cook County","sqft":9092,"lat":41.874293,"lon":-87.629954},"geometry":{"type":"Polygon","coordinates":[[[-87.629751,41.874169],[-87.629753,41.874260],[-87.629755,41.874352],[-87.629813,41.874351],[-87.629888,41.874399],[-87.629889,41.874442],[-87.629969,41.874441],[-87.630009,41.874440],[-87.630129,41.874439],[-87.630122,41.874164],[-87.629751,41.874169]]]}},{"type":"Feature","properties":{"id":"00151179323","t":"building","op":"Lumen Technologies","nm":"Lumen","st":"AZ","co":"Maricopa County","sqft":25456,"lat":33.494336,"lon":-112.070786},"geometry":{"type":"Polygon","coordinates":[[[-112.070975,33.494646],[-112.070979,33.494060],[-112.070739,33.494058],[-112.070740,33.493971],[-112.070608,33.493971],[-112.070603,33.494644],[-112.070975,33.494646]]]}},{"type":"Feature","properties":{"id":"00152163711","t":"building","op":null,"nm":"L3Harris Technologies Inc","st":"AZ","co":"Maricopa County","sqft":14469,"lat":33.305358,"lon":-111.671704},"geometry":{"type":"Polygon","coordinates":[[[-111.671947,33.305494],[-111.671950,33.305262],[-111.671849,33.305261],[-111.671850,33.305179],[-111.671730,33.305178],[-111.671729,33.305247],[-111.671604,33.305246],[-111.671604,33.305219],[-111.671518,33.305218],[-111.671518,33.305241],[-111.671470,33.305240],[-111.671469,33.305332],[-111.671431,33.305331],[-111.671430,33.305409],[-111.671473,33.305409],[-111.671472,33.305491],[-111.671947,33.305494]]]}},{"type":"Feature","properties":{"id":"00152163722","t":"building","op":null,"nm":"AZ Labs","st":"AZ","co":"Maricopa County","sqft":31625,"lat":33.306272,"lon":-111.6717},"geometry":{"type":"Polygon","coordinates":[[[-111.672200,33.306191],[-111.672118,33.306191],[-111.672118,33.306105],[-111.671492,33.306102],[-111.671491,33.306149],[-111.671245,33.306147],[-111.671243,33.306455],[-111.671611,33.306458],[-111.671612,33.306399],[-111.672111,33.306402],[-111.672112,33.306378],[-111.672198,33.306378],[-111.672200,33.306191]]]}},{"type":"Feature","properties":{"id":"00152449872","t":"building","op":"Serverfarm","nm":"Serverfarm CH1","st":"IL","co":"Cook County","sqft":56419,"lat":41.870944,"lon":-87.640141},"geometry":{"type":"Polygon","coordinates":[[[-87.640637,41.871227],[-87.640621,41.870645],[-87.639645,41.870660],[-87.639652,41.870920],[-87.639653,41.870948],[-87.639654,41.870977],[-87.639660,41.871242],[-87.640637,41.871227]]]}},{"type":"Feature","properties":{"id":"00155739337","t":"building","op":null,"nm":"Aligned Energy Data Center","st":"AZ","co":"Maricopa County","sqft":512814,"lat":33.659041,"lon":-112.111168},"geometry":{"type":"Polygon","coordinates":[[[-112.111828,33.660448],[-112.112962,33.659090],[-112.112136,33.658612],[-112.112031,33.658738],[-112.111733,33.658566],[-112.111807,33.658478],[-112.111586,33.658351],[-112.111513,33.658438],[-112.111236,33.658278],[-112.111340,33.658152],[-112.110489,33.657660],[-112.110024,33.658218],[-112.109356,33.659019],[-112.110094,33.659445],[-112.110224,33.659520],[-112.110384,33.659327],[-112.111191,33.659794],[-112.111031,33.659987],[-112.111081,33.660021],[-112.111828,33.660448]]]}},{"type":"Feature","properties":{"id":"00156468497","t":"building","op":null,"nm":null,"st":"VA","co":"Fairfax County","sqft":19578,"lat":38.913702,"lon":-77.225838},"geometry":{"type":"Polygon","coordinates":[[[-77.225557,38.913750],[-77.225918,38.913957],[-77.225994,38.913948],[-77.226102,38.913836],[-77.226089,38.913780],[-77.226115,38.913741],[-77.226105,38.913685],[-77.226055,38.913662],[-77.226053,38.913599],[-77.225785,38.913445],[-77.225712,38.913451],[-77.225552,38.913627],[-77.225557,38.913750]]]}},{"type":"Feature","properties":{"id":"00156520409","t":"building","op":null,"nm":"Lakeside Technology Center","st":"IL","co":"Cook County","sqft":129156,"lat":41.853653,"lon":-87.618359},"geometry":{"type":"Polygon","coordinates":[[[-87.618924,41.853112],[-87.617598,41.853124],[-87.617602,41.853247],[-87.618050,41.854270],[-87.618633,41.854262],[-87.618944,41.854260],[-87.618924,41.853112]]]}},{"type":"Feature","properties":{"id":"00157362579","t":"building","op":"Flexential","nm":"Flexential Phoenix - Deer Valley","st":"AZ","co":"Maricopa County","sqft":110023,"lat":33.684674,"lon":-112.098357},"geometry":{"type":"Polygon","coordinates":[[[-112.098982,33.685075],[-112.098982,33.684698],[-112.098982,33.684279],[-112.097865,33.684279],[-112.097865,33.684336],[-112.097696,33.684336],[-112.097696,33.684951],[-112.097766,33.684951],[-112.097863,33.684951],[-112.097863,33.685075],[-112.098982,33.685075]]]}},{"type":"Feature","properties":{"id":"00161126131","t":"building","op":"Equinix","nm":"Equinix SV5","st":"CA","co":"Santa Clara County","sqft":166314,"lat":37.24204,"lon":-121.781839},"geometry":{"type":"Polygon","coordinates":[[[-121.783104,37.242353],[-121.783040,37.242315],[-121.782645,37.242080],[-121.781957,37.241671],[-121.781950,37.241666],[-121.781911,37.241708],[-121.781808,37.241646],[-121.781336,37.241365],[-121.781310,37.241394],[-121.781171,37.241311],[-121.781011,37.241482],[-121.780884,37.241406],[-121.780761,37.241538],[-121.780749,37.241551],[-121.780673,37.241631],[-121.780597,37.241585],[-121.780557,37.241562],[-121.780466,37.241658],[-121.781840,37.242476],[-121.781916,37.242395],[-121.782213,37.242570],[-121.782639,37.242821],[-121.782658,37.242831],[-121.783104,37.242353]]]}},{"type":"Feature","properties":{"id":"00166431620","t":"building","op":"Union Pacific Railroad","nm":"Union Pacific Jack Koraleski Technology, Research & Development Center","st":"NE","co":"Douglas County","sqft":54386,"lat":41.318005,"lon":-96.050345},"geometry":{"type":"Polygon","coordinates":[[[-96.051113,41.318250],[-96.051169,41.317918],[-96.050163,41.317821],[-96.050179,41.317730],[-96.050097,41.317722],[-96.050081,41.317812],[-96.049583,41.317764],[-96.049527,41.318097],[-96.051113,41.318250]]]}},{"type":"Feature","properties":{"id":"00168129695","t":"building","op":null,"nm":"DataBank Pittsburgh PIT2","st":"PA","co":"Allegheny County","sqft":60007,"lat":40.451369,"lon":-80.190118},"geometry":{"type":"Polygon","coordinates":[[[-80.190478,40.451440],[-80.190332,40.451458],[-80.190323,40.451420],[-80.190474,40.451402],[-80.190389,40.451006],[-80.189964,40.451059],[-80.189951,40.450999],[-80.189623,40.451040],[-80.189643,40.451131],[-80.189505,40.451149],[-80.189553,40.451370],[-80.189724,40.451349],[-80.189757,40.451501],[-80.189662,40.451513],[-80.189692,40.451655],[-80.190037,40.451612],[-80.190035,40.451602],[-80.190106,40.451593],[-80.190137,40.451741],[-80.190529,40.451692],[-80.190522,40.451661],[-80.190701,40.451639],[-80.190827,40.451623],[-80.190782,40.451413],[-80.190481,40.451451],[-80.190478,40.451440]]]}},{"type":"Feature","properties":{"id":"00169170979","t":"building","op":null,"nm":"Molina Healthcare","st":"NM","co":"Bernalillo County","sqft":25568,"lat":34.995446,"lon":-106.618034},"geometry":{"type":"Polygon","coordinates":[[[-106.618294,34.995547],[-106.618272,34.995508],[-106.618416,34.995452],[-106.618249,34.995165],[-106.617650,34.995399],[-106.617846,34.995737],[-106.617974,34.995687],[-106.617967,34.995675],[-106.618294,34.995547]]]}},{"type":"Feature","properties":{"id":"00172739950","t":"building","op":"Switch","nm":"Switch12","st":"NV","co":"Clark County","sqft":378533,"lat":36.061739,"lon":-115.213292},"geometry":{"type":"Polygon","coordinates":[[[-115.213838,36.063303],[-115.213872,36.060181],[-115.212745,36.060173],[-115.212712,36.063296],[-115.213838,36.063303]]]}},{"type":"Feature","properties":{"id":"00172739953","t":"building","op":"Switch","nm":"Switch Las Vegas 7","st":"NV","co":"Clark County","sqft":324714,"lat":36.059925,"lon":-115.210245},"geometry":{"type":"Polygon","coordinates":[[[-115.211953,36.060374],[-115.211966,36.059494],[-115.208646,36.059463],[-115.208640,36.059890],[-115.208433,36.059888],[-115.208427,36.060341],[-115.211953,36.060374]]]}},{"type":"Feature","properties":{"id":"00174242795","t":"building","op":"EdgeConneX","nm":"EdgeConneX CHI01","st":"IL","co":"Cook County","sqft":120191,"lat":42.000775,"lon":-87.950769},"geometry":{"type":"Polygon","coordinates":[[[-87.951919,42.001020],[-87.951903,42.000490],[-87.949617,42.000529],[-87.949633,42.001060],[-87.951919,42.001020]]]}},{"type":"Feature","properties":{"id":"00178331621","t":"building","op":null,"nm":null,"st":"MD","co":"Frederick County","sqft":64023,"lat":39.377776,"lon":-77.411519},"geometry":{"type":"Polygon","coordinates":[[[-77.411957,39.377791],[-77.412050,39.377833],[-77.412182,39.377658],[-77.411390,39.377300],[-77.410906,39.377939],[-77.411606,39.378255],[-77.411957,39.377791]]]}},{"type":"Feature","properties":{"id":"00187574082","t":"building","op":null,"nm":"Verizon Wireline Network Building","st":"NJ","co":"Middlesex County","sqft":32247,"lat":40.494903,"lon":-74.443095},"geometry":{"type":"Polygon","coordinates":[[[-74.443414,40.495184],[-74.443264,40.494554],[-74.442775,40.494621],[-74.442925,40.495251],[-74.443414,40.495184]]]}},{"type":"Feature","properties":{"id":"00190868312","t":"building","op":"NTT","nm":"RagingWire CA3","st":"CA","co":"Sacramento County","sqft":151366,"lat":38.644239,"lon":-121.498763},"geometry":{"type":"Polygon","coordinates":[[[-121.499612,38.644665],[-121.499606,38.643806],[-121.497913,38.643813],[-121.497919,38.644672],[-121.499612,38.644665]]]}},{"type":"Feature","properties":{"id":"00191655977","t":"building","op":null,"nm":null,"st":"IA","co":"Pottawattamie County","sqft":227733,"lat":41.221486,"lon":-95.863822},"geometry":{"type":"Polygon","coordinates":[[[-95.865882,41.221772],[-95.865887,41.221221],[-95.861762,41.221199],[-95.861756,41.221749],[-95.865882,41.221772]]]}},{"type":"Feature","properties":{"id":"00192307107","t":"building","op":"Digital Realty","nm":"360 Spear Street Data Center","st":"CA","co":"San Francisco County","sqft":34599,"lat":37.788992,"lon":-122.390137},"geometry":{"type":"Polygon","coordinates":[[[-122.390626,37.789135],[-122.389958,37.788603],[-122.389646,37.788847],[-122.390315,37.789379],[-122.390626,37.789135]]]}},{"type":"Feature","properties":{"id":"00193611192","t":"building","op":"Equinix","nm":"Equinix New York Secaucus NY5","st":"NJ","co":"Hudson County","sqft":211455,"lat":40.778602,"lon":-74.072301},"geometry":{"type":"Polygon","coordinates":[[[-74.072894,40.779352],[-74.073436,40.778328],[-74.071750,40.777816],[-74.071479,40.778327],[-74.071336,40.778283],[-74.071286,40.778376],[-74.071432,40.778421],[-74.071211,40.778837],[-74.071502,40.778926],[-74.071459,40.779006],[-74.072328,40.779270],[-74.072368,40.779193],[-74.072894,40.779352]]]}},{"type":"Feature","properties":{"id":"00193611211","t":"building","op":"Equinix","nm":"Equinix New York Secaucus NY4","st":"NJ","co":"Hudson County","sqft":317271,"lat":40.776428,"lon":-74.069776},"geometry":{"type":"Polygon","coordinates":[[[-74.068573,40.777506],[-74.069662,40.777837],[-74.070978,40.775349],[-74.069889,40.775019],[-74.068573,40.777506]]]}},{"type":"Feature","properties":{"id":"00193611216","t":"building","op":"Equinix","nm":"Equinix NY3","st":"NJ","co":"Hudson County","sqft":274326,"lat":40.774852,"lon":-74.06889},"geometry":{"type":"Polygon","coordinates":[[[-74.069977,40.773986],[-74.068821,40.773639],[-74.06796,40.775283],[-74.068278,40.775379],[-74.067997,40.775914],[-74.068835,40.776166],[-74.069977,40.773986]]]}},{"type":"Feature","properties":{"id":"00193611219","t":"building","op":"Equinix","nm":"Equinix New York Secaucus NY2","st":"NJ","co":"Hudson County","sqft":402960,"lat":40.77742,"lon":-74.075917},"geometry":{"type":"Polygon","coordinates":[[[-74.077176,40.778433],[-74.075940,40.775750],[-74.075255,40.775931],[-74.075523,40.776514],[-74.074861,40.776689],[-74.074704,40.776731],[-74.075671,40.778831],[-74.077176,40.778433]]]}},{"type":"Feature","properties":{"id":"00193612533","t":"building","op":"Centersquare","nm":"Centersquare NYC3 Data Center","st":"NJ","co":"Hudson County","sqft":143163,"lat":40.786164,"lon":-74.069182},"geometry":{"type":"Polygon","coordinates":[[[-74.069628,40.786820],[-74.070101,40.785923],[-74.068726,40.785507],[-74.068411,40.786103],[-74.068597,40.786160],[-74.068553,40.786244],[-74.068341,40.786179],[-74.068227,40.786396],[-74.069628,40.786820]]]}},{"type":"Feature","properties":{"id":"00194049551","t":"building","op":"Quality Technology Services","nm":"QTS Sacramento","st":"CA","co":"Sacramento County","sqft":90196,"lat":38.646349,"lon":-121.486223},"geometry":{"type":"Polygon","coordinates":[[[-121.485765,38.646628],[-121.485766,38.646572],[-121.486789,38.646578],[-121.48679,38.646500],[-121.487242,38.646500],[-121.487242,38.646123],[-121.485306,38.646123],[-121.485294,38.646624],[-121.485765,38.646628]]]}},{"type":"Feature","properties":{"id":"00195165330","t":"building","op":null,"nm":null,"st":"MO","co":"Platte County","sqft":59078,"lat":39.290601,"lon":-94.675865},"geometry":{"type":"Polygon","coordinates":[[[-94.676588,39.290582],[-94.676325,39.290242],[-94.675869,39.290454],[-94.675856,39.290438],[-94.675722,39.290500],[-94.675524,39.290244],[-94.675243,39.290375],[-94.675370,39.290715],[-94.675617,39.291033],[-94.676588,39.290582]]]}},{"type":"Feature","properties":{"id":"00195165354","t":"building","op":null,"nm":null,"st":"MO","co":"Platte County","sqft":240121,"lat":39.295658,"lon":-94.673472},"geometry":{"type":"Polygon","coordinates":[[[-94.674881,39.296098],[-94.674880,39.295808],[-94.674610,39.295808],[-94.674610,39.295628],[-94.674935,39.295627],[-94.674934,39.295213],[-94.674645,39.295213],[-94.674644,39.295148],[-94.673612,39.295149],[-94.673612,39.295555],[-94.672765,39.295555],[-94.672764,39.295282],[-94.672523,39.295282],[-94.672523,39.295153],[-94.672673,39.295153],[-94.672673,39.295009],[-94.67221,39.295009],[-94.672210,39.295221],[-94.672155,39.295221],[-94.672156,39.295292],[-94.672037,39.295292],[-94.672038,39.296101],[-94.674881,39.296098]]]}},{"type":"Feature","properties":{"id":"00195165374","t":"building","op":null,"nm":"Black Rock Financial Management","st":"MO","co":"Platte County","sqft":80025,"lat":39.295492,"lon":-94.678025},"geometry":{"type":"Polygon","coordinates":[[[-94.678491,39.295927],[-94.678486,39.295130],[-94.678212,39.295126],[-94.678217,39.295039],[-94.677729,39.295035],[-94.677724,39.295121],[-94.677531,39.295137],[-94.677537,39.295343],[-94.677547,39.295739],[-94.677670,39.295740],[-94.677687,39.295926],[-94.678491,39.295927]]]}},{"type":"Feature","properties":{"id":"00195169261","t":"building","op":null,"nm":null,"st":"MO","co":"Platte County","sqft":51140,"lat":39.302406,"lon":-94.684792},"geometry":{"type":"Polygon","coordinates":[[[-94.685168,39.302734],[-94.685171,39.302078],[-94.684415,39.302076],[-94.684412,39.302732],[-94.685168,39.302734]]]}},{"type":"Feature","properties":{"id":"00195664350","t":"building","op":null,"nm":"Cherokee Data Center","st":"OK","co":"Tulsa County","sqft":414827,"lat":36.262546,"lon":-95.910031},"geometry":{"type":"Polygon","coordinates":[[[-95.910926,36.263603],[-95.910928,36.263015],[-95.910985,36.263015],[-95.910985,36.262959],[-95.910916,36.262959],[-95.910916,36.262929],[-95.910949,36.262929],[-95.910949,36.262878],[-95.910917,36.262878],[-95.910917,36.262530],[-95.911228,36.262530],[-95.911228,36.262273],[-95.910919,36.262273],[-95.910919,36.262225],[-95.910954,36.262225],[-95.910954,36.262166],[-95.910921,36.262166],[-95.910921,36.262144],[-95.910988,36.262144],[-95.910988,36.262083],[-95.910931,36.262083],[-95.910931,36.261559],[-95.910900,36.261497],[-95.909508,36.261495],[-95.909507,36.262046],[-95.909492,36.262046],[-95.909492,36.261857],[-95.908940,36.261857],[-95.908939,36.262487],[-95.908854,36.262487],[-95.908854,36.262609],[-95.908939,36.262609],[-95.908938,36.263241],[-95.909491,36.263242],[-95.909492,36.263050],[-95.909507,36.263050],[-95.909506,36.263600],[-95.910926,36.263603]]]}},{"type":"Feature","properties":{"id":"00199252950","t":"building","op":"CyrusOne","nm":"CyrusOne Chicago Aurora CME","st":"IL","co":"DuPage County","sqft":483103,"lat":41.796711,"lon":-88.243603},"geometry":{"type":"Polygon","coordinates":[[[-88.243626,41.795551],[-88.242629,41.795552],[-88.242629,41.795539],[-88.242320,41.795539],[-88.242321,41.795671],[-88.242340,41.795671],[-88.242342,41.797471],[-88.242325,41.797471],[-88.242325,41.797604],[-88.242417,41.797604],[-88.242417,41.797654],[-88.242497,41.797654],[-88.242497,41.797660],[-88.242554,41.797660],[-88.242554,41.797653],[-88.242602,41.797653],[-88.242602,41.797622],[-88.242602,41.797609],[-88.242552,41.797609],[-88.242552,41.797604],[-88.242635,41.797604],[-88.242635,41.797589],[-88.243220,41.797589],[-88.243633,41.797589],[-88.243632,41.797516],[-88.243724,41.797516],[-88.243724,41.797594],[-88.243791,41.797594],[-88.243791,41.797642],[-88.244049,41.797642],[-88.244049,41.797652],[-88.244357,41.797652],[-88.244418,41.797652],[-88.244418,41.797642],[-88.244742,41.797642],[-88.244742,41.797675],[-88.244801,41.797675],[-88.244853,41.797675],[-88.244853,41.797644],[-88.245259,41.797644],[-88.245259,41.797597],[-88.245293,41.797597],[-88.245325,41.797597],[-88.245325,41.797516],[-88.245085,41.797516],[-88.245085,41.797506],[-88.245085,41.797444],[-88.245034,41.797444],[-88.245032,41.796159],[-88.244691,41.796159],[-88.244691,41.796119],[-88.244594,41.796119],[-88.244593,41.796036],[-88.243769,41.796037],[-88.243769,41.796160],[-88.243627,41.796160],[-88.243626,41.795551]]]}},{"type":"Feature","properties":{"id":"00200989527","t":"building","op":null,"nm":"Xfinity/Comcast Data Center","st":"CO","co":"Arapahoe County","sqft":51338,"lat":39.588307,"lon":-104.832435},"geometry":{"type":"Polygon","coordinates":[[[-104.832933,39.588027],[-104.832109,39.588020],[-104.832096,39.588020],[-104.832097,39.588141],[-104.832097,39.588186],[-104.832097,39.588240],[-104.832054,39.588242],[-104.832054,39.588273],[-104.832044,39.588273],[-104.831968,39.588274],[-104.831969,39.588282],[-104.831921,39.588282],[-104.831921,39.588321],[-104.831906,39.588321],[-104.831906,39.588358],[-104.831922,39.588358],[-104.831918,39.588493],[-104.831904,39.588493],[-104.831903,39.588520],[-104.831902,39.588577],[-104.831917,39.588577],[-104.831917,39.588616],[-104.831964,39.588616],[-104.831963,39.588626],[-104.832302,39.588626],[-104.832303,39.588515],[-104.832708,39.588518],[-104.832932,39.588520],[-104.832932,39.588444],[-104.832933,39.588027]]]}},{"type":"Feature","properties":{"id":"00203432103","t":"building","op":"Indiana University","nm":"IU Data Center","st":"IN","co":"Monroe County","sqft":94298,"lat":39.174419,"lon":-86.500703},"geometry":{"type":"Polygon","coordinates":[[[-86.501345,39.174615],[-86.500937,39.173837],[-86.500597,39.173943],[-86.500540,39.173961],[-86.500030,39.174120],[-86.500508,39.175008],[-86.500795,39.174920],[-86.500827,39.174966],[-86.500976,39.174918],[-86.501122,39.174871],[-86.501041,39.174721],[-86.501345,39.174615]]]}},{"type":"Feature","properties":{"id":"00204316962","t":"building","op":null,"nm":"IO Datacenter","st":"NJ","co":"Middlesex County","sqft":829908,"lat":40.520901,"lon":-74.347317},"geometry":{"type":"Polygon","coordinates":[[[-74.347316,40.522568],[-74.347407,40.522516],[-74.34752,40.522609],[-74.349387,40.521493],[-74.349277,40.521388],[-74.349424,40.521292],[-74.349342,40.521200],[-74.349497,40.521113],[-74.349428,40.521051],[-74.349310,40.521123],[-74.349172,40.520993],[-74.349355,40.520888],[-74.349367,40.520761],[-74.349159,40.520569],[-74.348915,40.520699],[-74.348775,40.520578],[-74.347106,40.519024],[-74.346948,40.519123],[-74.347058,40.519237],[-74.345309,40.520294],[-74.345094,40.520229],[-74.344948,40.520316],[-74.346082,40.521416],[-74.345948,40.521506],[-74.346415,40.521954],[-74.346448,40.521929],[-74.346614,40.522081],[-74.346712,40.522013],[-74.347316,40.522568]]]}},{"type":"Feature","properties":{"id":"00204460681","t":"building","op":null,"nm":"DataBank Piscataway EWR2","st":"NJ","co":"Middlesex County","sqft":50646,"lat":40.549213,"lon":-74.45821},"geometry":{"type":"Polygon","coordinates":[[[-74.457950,40.549612],[-74.458787,40.549288],[-74.458468,40.548814],[-74.457632,40.549137],[-74.457950,40.549612]]]}},{"type":"Feature","properties":{"id":"00204460799","t":"building","op":null,"nm":"Optimum","st":"NJ","co":"Middlesex County","sqft":68126,"lat":40.546826,"lon":-74.492029},"geometry":{"type":"Polygon","coordinates":[[[-74.491634,40.547341],[-74.492181,40.547011],[-74.492308,40.547132],[-74.492539,40.546993],[-74.492417,40.546877],[-74.492694,40.546710],[-74.492309,40.546343],[-74.492144,40.546442],[-74.492072,40.546374],[-74.491685,40.546608],[-74.491777,40.546696],[-74.491408,40.546919],[-74.491530,40.547035],[-74.491397,40.547115],[-74.491634,40.547341]]]}},{"type":"Feature","properties":{"id":"00204460812","t":"building","op":"Equinix","nm":"Equinix","st":"NJ","co":"Middlesex County","sqft":62331,"lat":40.544882,"lon":-74.495381},"geometry":{"type":"Polygon","coordinates":[[[-74.495356,40.545406],[-74.495775,40.545162],[-74.495576,40.544965],[-74.495984,40.544738],[-74.495732,40.544489],[-74.495646,40.544432],[-74.495512,40.544440],[-74.495415,40.544477],[-74.495356,40.544526],[-74.495329,40.544599],[-74.495388,40.544681],[-74.495335,40.544713],[-74.495163,40.544571],[-74.494734,40.544815],[-74.495356,40.545406]]]}},{"type":"Feature","properties":{"id":"00204460835","t":"building","op":"Barclays","nm":"Barclays Datacenter","st":"NJ","co":"Middlesex County","sqft":352286,"lat":40.547244,"lon":-74.459737},"geometry":{"type":"Polygon","coordinates":[[[-74.458211,40.547142],[-74.459941,40.548397],[-74.461263,40.547346],[-74.459533,40.546090],[-74.458701,40.546752],[-74.458286,40.547082],[-74.458211,40.547142]]]}},{"type":"Feature","properties":{"id":"00204460903","t":"building","op":"Digital Realty","nm":"Digital Realty New York EWR12","st":"NJ","co":"Middlesex County","sqft":302795,"lat":40.552905,"lon":-74.459301},"geometry":{"type":"Polygon","coordinates":[[[-74.459906,40.552866],[-74.460083,40.552809],[-74.459969,40.552605],[-74.460284,40.552499],[-74.460151,40.552269],[-74.459887,40.551814],[-74.459388,40.551981],[-74.459392,40.551988],[-74.458076,40.552422],[-74.458165,40.552584],[-74.458548,40.553231],[-74.458578,40.553283],[-74.458796,40.553665],[-74.459013,40.554041],[-74.460331,40.553602],[-74.459906,40.552866]]]}},{"type":"Feature","properties":{"id":"00204460950","t":"building","op":"Digital Realty","nm":"Digital Realty New York EWR11","st":"NJ","co":"Middlesex County","sqft":96114,"lat":40.553779,"lon":-74.457179},"geometry":{"type":"Polygon","coordinates":[[[-74.457736,40.553796],[-74.457683,40.553814],[-74.457642,40.553743],[-74.457794,40.553693],[-74.457716,40.553556],[-74.457825,40.553520],[-74.457740,40.553372],[-74.457630,40.553408],[-74.457553,40.553273],[-74.457129,40.553413],[-74.457073,40.553315],[-74.457053,40.553322],[-74.456812,40.553402],[-74.456774,40.553414],[-74.456834,40.553518],[-74.456410,40.553659],[-74.456483,40.553785],[-74.456379,40.553819],[-74.456395,40.553848],[-74.456474,40.553985],[-74.456579,40.553950],[-74.456650,40.554074],[-74.456871,40.554001],[-74.456913,40.554074],[-74.456886,40.554083],[-74.456962,40.554216],[-74.456983,40.554209],[-74.457067,40.554181],[-74.457142,40.554312],[-74.457778,40.554101],[-74.457788,40.554098],[-74.457714,40.553969],[-74.457816,40.553935],[-74.457748,40.553816],[-74.457736,40.553796]]]}},{"type":"Feature","properties":{"id":"00205724881","t":"building","op":null,"nm":"Intergate Seattle East Building 2","st":"WA","co":"King County","sqft":107319,"lat":47.495031,"lon":-122.29057},"geometry":{"type":"Polygon","coordinates":[[[-122.289691,47.495363],[-122.291429,47.495383],[-122.291447,47.494698],[-122.289709,47.494678],[-122.289691,47.495363]]]}},{"type":"Feature","properties":{"id":"00205724885","t":"building","op":"Sabey","nm":"Intergate Seattle East Building 1","st":"WA","co":"King County","sqft":97862,"lat":47.49486,"lon":-122.288194},"geometry":{"type":"Polygon","coordinates":[[[-122.287017,47.495076],[-122.289358,47.495106],[-122.289371,47.494643],[-122.287030,47.494612],[-122.287017,47.495076]]]}},{"type":"Feature","properties":{"id":"00205823968","t":"building","op":"Equinix","nm":"Equinix SV15","st":"CA","co":"Santa Clara County","sqft":38211,"lat":37.375495,"lon":-121.988406},"geometry":{"type":"Polygon","coordinates":[[[-121.988677,37.375828],[-121.988676,37.375161],[-121.988134,37.375162],[-121.988135,37.375828],[-121.988677,37.375828]]]}},{"type":"Feature","properties":{"id":"00205823970","t":"building","op":"Equinix","nm":"Equinix SV16","st":"CA","co":"Santa Clara County","sqft":26347,"lat":37.376118,"lon":-121.988688},"geometry":{"type":"Polygon","coordinates":[[[-121.989052,37.376294],[-121.989047,37.375947],[-121.988290,37.375955],[-121.988294,37.376211],[-121.988441,37.376210],[-121.988442,37.376300],[-121.989052,37.376294]]]}},{"type":"Feature","properties":{"id":"00205823971","t":"building","op":"Equinix","nm":"Equinix SV17","st":"CA","co":"Santa Clara County","sqft":42360,"lat":37.376529,"lon":-121.988584},"geometry":{"type":"Polygon","coordinates":[[[-121.988875,37.376752],[-121.988874,37.376672],[-121.989066,37.376671],[-121.989063,37.376305],[-121.988184,37.37631],[-121.988185,37.376482],[-121.988098,37.376482],[-121.988100,37.376755],[-121.988875,37.376752]]]}},{"type":"Feature","properties":{"id":"00205823980","t":"building","op":"Equinix","nm":"Equinix SV14","st":"CA","co":"Santa Clara County","sqft":20213,"lat":37.374962,"lon":-121.988509},"geometry":{"type":"Polygon","coordinates":[[[-121.988910,37.375119],[-121.988908,37.374847],[-121.988038,37.374851],[-121.988039,37.375043],[-121.988615,37.375041],[-121.988616,37.375120],[-121.988910,37.375119]]]}},{"type":"Feature","properties":{"id":"00205846843","t":"building","op":"CoreSite","nm":"CoreSite SV4","st":"CA","co":"Santa Clara County","sqft":51928,"lat":37.376263,"lon":-121.970684},"geometry":{"type":"Polygon","coordinates":[[[-121.970972,37.376692],[-121.970966,37.375833],[-121.970400,37.375830],[-121.970397,37.376691],[-121.970972,37.376692]]]}},{"type":"Feature","properties":{"id":"00209073635","t":"building","op":"Lumen Technologies","nm":"Lumen Santa Clara","st":"CA","co":"Santa Clara County","sqft":25424,"lat":37.377005,"lon":-121.952082},"geometry":{"type":"Polygon","coordinates":[[[-121.952362,37.377265],[-121.952362,37.376804],[-121.951963,37.376802],[-121.951757,37.376800],[-121.951755,37.377115],[-121.951781,37.377133],[-121.951967,37.377136],[-121.951969,37.377194],[-121.952140,37.377197],[-121.952142,37.377263],[-121.952362,37.377265]]]}},{"type":"Feature","properties":{"id":"00209073636","t":"building","op":"Prime","nm":"Prime Santa Clara","st":"CA","co":"Santa Clara County","sqft":30065,"lat":37.375017,"lon":-121.95325},"geometry":{"type":"Polygon","coordinates":[[[-121.953516,37.375283],[-121.953515,37.374749],[-121.952982,37.374751],[-121.952984,37.375284],[-121.953516,37.375283]]]}},{"type":"Feature","properties":{"id":"00209073641","t":"building","op":"Digital Realty","nm":"Digital Realty Silicon Valley SJC10","st":"CA","co":"Santa Clara County","sqft":57051,"lat":37.375823,"lon":-121.953335},"geometry":{"type":"Polygon","coordinates":[[[-121.952839,37.375922],[-121.952840,37.376027],[-121.952840,37.376059],[-121.952840,37.376094],[-121.953832,37.376094],[-121.953831,37.375900],[-121.953831,37.375881],[-121.953830,37.375552],[-121.952842,37.375549],[-121.952840,37.375709],[-121.952839,37.375922]]]}},{"type":"Feature","properties":{"id":"00209073645","t":"building","op":null,"nm":"Colovore","st":"CA","co":"Santa Clara County","sqft":24161,"lat":37.376729,"lon":-121.953149},"geometry":{"type":"Polygon","coordinates":[[[-121.953479,37.376903],[-121.953482,37.376558],[-121.953462,37.376558],[-121.952931,37.376561],[-121.952906,37.376561],[-121.952908,37.376540],[-121.952805,37.376541],[-121.952805,37.376628],[-121.952827,37.376627],[-121.952823,37.376904],[-121.953270,37.376902],[-121.953479,37.376903]]]}},{"type":"Feature","properties":{"id":"00209073647","t":"building","op":"Digital Realty","nm":"Digital Realty Silicon Valley SJC30","st":"CA","co":"Santa Clara County","sqft":48539,"lat":37.378289,"lon":-121.958105},"geometry":{"type":"Polygon","coordinates":[[[-121.958429,37.378654],[-121.958429,37.378341],[-121.958386,37.378341],[-121.958386,37.378215],[-121.958419,37.378215],[-121.958419,37.377920],[-121.957792,37.377920],[-121.957792,37.378653],[-121.958429,37.378654]]]}},{"type":"Feature","properties":{"id":"00209073649","t":"building","op":"Digital Realty","nm":"Digital Realty Silicon Valley SJC15","st":"CA","co":"Santa Clara County","sqft":24615,"lat":37.374997,"lon":-121.954077},"geometry":{"type":"Polygon","coordinates":[[[-121.954344,37.375214],[-121.954343,37.374778],[-121.953809,37.374778],[-121.953810,37.375214],[-121.954344,37.375214]]]}},{"type":"Feature","properties":{"id":"00209073653","t":"building","op":"Digital Realty","nm":"Digital Realty Silicon Valley SJC16","st":"CA","co":"Santa Clara County","sqft":42504,"lat":37.374929,"lon":-121.955986},"geometry":{"type":"Polygon","coordinates":[[[-121.956444,37.375124],[-121.956445,37.375016],[-121.956539,37.375017],[-121.956541,37.374745],[-121.955458,37.374739],[-121.955455,37.375120],[-121.956444,37.375124]]]}},{"type":"Feature","properties":{"id":"00209073657","t":"building","op":"Digital Realty","nm":"Digital Realty Silicon Valley SJC29","st":"CA","co":"Santa Clara County","sqft":40287,"lat":37.375023,"lon":-121.958096},"geometry":{"type":"Polygon","coordinates":[[[-121.958502,37.375257],[-121.958500,37.374787],[-121.957690,37.374789],[-121.957692,37.375259],[-121.958502,37.375257]]]}},{"type":"Feature","properties":{"id":"00209073658","t":"building","op":"Csquare","nm":"Csquare SFO4","st":"CA","co":"Santa Clara County","sqft":27286,"lat":37.375777,"lon":-121.955193},"geometry":{"type":"Polygon","coordinates":[[[-121.955490,37.376031],[-121.955498,37.375571],[-121.954877,37.375565],[-121.954870,37.375964],[-121.955330,37.375969],[-121.955329,37.376030],[-121.955490,37.376031]]]}},{"type":"Feature","properties":{"id":"00209073659","t":"building","op":"Prime","nm":"Prime SANTA CLARA DATA CENTER","st":"CA","co":"Santa Clara County","sqft":25825,"lat":37.375026,"lon":-121.954881},"geometry":{"type":"Polygon","coordinates":[[[-121.955132,37.375272],[-121.955131,37.374785],[-121.954622,37.374786],[-121.954623,37.375217],[-121.954685,37.375217],[-121.954685,37.375272],[-121.955132,37.375272]]]}},{"type":"Feature","properties":{"id":"00209076412","t":"building","op":"Digital Realty","nm":"Digital Realty Silicon Valley SJC11","st":"CA","co":"Santa Clara County","sqft":44027,"lat":37.376341,"lon":-121.948531},"geometry":{"type":"Polygon","coordinates":[[[-121.948756,37.376581],[-121.948758,37.376497],[-121.948899,37.376495],[-121.948897,37.376353],[-121.949178,37.376359],[-121.949180,37.376154],[-121.947949,37.376152],[-121.948110,37.376580],[-121.948756,37.376581]]]}},{"type":"Feature","properties":{"id":"00209077298","t":"building","op":"Lumen Technologies","nm":"Lumen","st":"CA","co":"Santa Clara County","sqft":15840,"lat":37.377585,"lon":-121.950682},"geometry":{"type":"Polygon","coordinates":[[[-121.950943,37.377729],[-121.950948,37.377446],[-121.950420,37.377439],[-121.950415,37.377723],[-121.950943,37.377729]]]}},{"type":"Feature","properties":{"id":"00209087373","t":"building","op":"Digital Realty","nm":"Silicon Valley SJC31","st":"CA","co":"Santa Clara County","sqft":146597,"lat":37.37225,"lon":-121.948329},"geometry":{"type":"Polygon","coordinates":[[[-121.948344,37.372606],[-121.948343,37.372668],[-121.948840,37.372675],[-121.948841,37.372637],[-121.949009,37.372639],[-121.949009,37.372670],[-121.949175,37.372672],[-121.949192,37.371814],[-121.949147,37.371813],[-121.949147,37.371774],[-121.948604,37.371767],[-121.948601,37.371918],[-121.947449,37.371904],[-121.947445,37.372100],[-121.947342,37.372099],[-121.947332,37.372593],[-121.948344,37.372606]]]}},{"type":"Feature","properties":{"id":"00209105766","t":"building","op":null,"nm":null,"st":"CA","co":"Santa Clara County","sqft":18864,"lat":37.379779,"lon":-121.94991},"geometry":{"type":"Polygon","coordinates":[[[-121.950097,37.380032],[-121.950092,37.379548],[-121.949708,37.379542],[-121.949708,37.379894],[-121.949861,37.380036],[-121.950097,37.380032]]]}},{"type":"Feature","properties":{"id":"00209117217","t":"building","op":null,"nm":"Evocative Santa Clara SJC11","st":"CA","co":"Santa Clara County","sqft":51418,"lat":37.38954,"lon":-121.961946},"geometry":{"type":"Polygon","coordinates":[[[-121.961796,37.389961],[-121.961981,37.389891],[-121.962004,37.389929],[-121.962063,37.389907],[-121.962133,37.389768],[-121.962166,37.389822],[-121.962392,37.389734],[-121.962440,37.389628],[-121.962334,37.389456],[-121.962237,37.389424],[-121.962168,37.389313],[-121.962212,37.389296],[-121.962098,37.389111],[-121.961805,37.389225],[-121.961838,37.389277],[-121.961666,37.389231],[-121.961599,37.389256],[-121.961624,37.389298],[-121.961439,37.389369],[-121.961796,37.389961]]]}},{"type":"Feature","properties":{"id":"00209786637","t":"building","op":"Quality Technology Services","nm":"QTS Chicago","st":"IL","co":"Cook County","sqft":267112,"lat":41.842187,"lon":-87.669008},"geometry":{"type":"Polygon","coordinates":[[[-87.670617,41.841967],[-87.670665,41.841966],[-87.670662,41.841895],[-87.670320,41.841902],[-87.668726,41.841930],[-87.668707,41.841540],[-87.667440,41.841565],[-87.667449,41.841830],[-87.667328,41.841829],[-87.667337,41.842015],[-87.667212,41.842015],[-87.667220,41.842125],[-87.667312,41.842125],[-87.667324,41.842628],[-87.667433,41.842627],[-87.667433,41.842650],[-87.667488,41.842650],[-87.667479,41.842379],[-87.667678,41.842376],[-87.667676,41.842316],[-87.668635,41.842299],[-87.668636,41.842334],[-87.668856,41.842329],[-87.668863,41.842659],[-87.668691,41.842662],[-87.668698,41.842839],[-87.668882,41.842836],[-87.668879,41.842763],[-87.670146,41.842739],[-87.670521,41.842736],[-87.670521,41.842807],[-87.670651,41.842805],[-87.670642,41.842635],[-87.670674,41.842635],[-87.670663,41.842290],[-87.670627,41.842289],[-87.670617,41.841967]]]}},{"type":"Feature","properties":{"id":"00210222970","t":"building","op":"Iron Mountain","nm":"Iron Mountain Data & Record Storage","st":"IL","co":"Cook County","sqft":106033,"lat":41.848797,"lon":-87.64551},"geometry":{"type":"Polygon","coordinates":[[[-87.646276,41.848250],[-87.646148,41.848303],[-87.646164,41.848325],[-87.645871,41.848444],[-87.645626,41.848498],[-87.645545,41.848516],[-87.645417,41.848544],[-87.645290,41.848570],[-87.645161,41.848592],[-87.645031,41.848615],[-87.644900,41.848634],[-87.644771,41.848653],[-87.644639,41.848670],[-87.644509,41.848686],[-87.644514,41.848740],[-87.644557,41.849162],[-87.645209,41.849128],[-87.645203,41.849074],[-87.645275,41.849070],[-87.645283,41.849124],[-87.646289,41.849073],[-87.646289,41.848854],[-87.646289,41.848528],[-87.646280,41.848505],[-87.646406,41.848475],[-87.646400,41.848247],[-87.646276,41.848250]]]}},{"type":"Feature","properties":{"id":"00210917861","t":"building","op":null,"nm":"Data Storage Centers","st":"AZ","co":"Maricopa County","sqft":38109,"lat":33.421693,"lon":-112.034303},"geometry":{"type":"Polygon","coordinates":[[[-112.034592,33.421992],[-112.034577,33.421383],[-112.034014,33.421393],[-112.034028,33.422001],[-112.034592,33.421992]]]}},{"type":"Feature","properties":{"id":"00211832626","t":"building","op":"TierPoint","nm":null,"st":"MA","co":"Essex County","sqft":51354,"lat":42.685709,"lon":-71.208599},"geometry":{"type":"Polygon","coordinates":[[[-71.208625,42.686010],[-71.208681,42.685917],[-71.209084,42.686048],[-71.209212,42.685842],[-71.209095,42.685804],[-71.209164,42.685689],[-71.209016,42.685640],[-71.209075,42.685542],[-71.208655,42.685405],[-71.208596,42.685503],[-71.208177,42.685367],[-71.207993,42.685675],[-71.208231,42.685753],[-71.208213,42.685782],[-71.208190,42.685774],[-71.208197,42.685762],[-71.208046,42.685712],[-71.207991,42.685804],[-71.208209,42.685881],[-71.208219,42.685872],[-71.208625,42.686010]]]}},{"type":"Feature","properties":{"id":"00214321737","t":"building","op":"Markley Group","nm":"Markley Data Center","st":"MA","co":"Middlesex County","sqft":123665,"lat":42.630262,"lon":-71.304424},"geometry":{"type":"Polygon","coordinates":[[[-71.303797,42.629923],[-71.303781,42.630931],[-71.304663,42.630939],[-71.304676,42.630078],[-71.305334,42.630084],[-71.305341,42.629632],[-71.304660,42.629626],[-71.304659,42.629697],[-71.304576,42.629696],[-71.304573,42.629824],[-71.304648,42.629825],[-71.304648,42.629846],[-71.303987,42.629840],[-71.303986,42.629925],[-71.303797,42.629923]]]}},{"type":"Feature","properties":{"id":"00215630401","t":"building","op":"Flexential","nm":"Flexential Charlotte - South","st":"NC","co":"Mecklenburg County","sqft":33741,"lat":35.135431,"lon":-80.936872},"geometry":{"type":"Polygon","coordinates":[[[-80.937319,35.135183],[-80.937008,35.135042],[-80.936729,35.135453],[-80.936473,35.135337],[-80.936342,35.135529],[-80.936910,35.135786],[-80.937319,35.135183]]]}},{"type":"Feature","properties":{"id":"00220518160","t":"building","op":"Digital Realty","nm":"Digital Realty Data Center","st":"AZ","co":"Maricopa County","sqft":67568,"lat":33.344648,"lon":-111.899227},"geometry":{"type":"Polygon","coordinates":[[[-111.899450,33.344096],[-111.899419,33.344115],[-111.899179,33.344260],[-111.899210,33.344303],[-111.898998,33.344425],[-111.899036,33.344471],[-111.898771,33.344622],[-111.898762,33.344627],[-111.898799,33.344675],[-111.898640,33.344766],[-111.898659,33.344798],[-111.898607,33.344830],[-111.898702,33.344938],[-111.898758,33.344909],[-111.898947,33.345142],[-111.899208,33.344994],[-111.899309,33.344964],[-111.899412,33.344913],[-111.899503,33.344855],[-111.899569,33.344788],[-111.89983,33.344640],[-111.899520,33.344275],[-111.899576,33.344241],[-111.899450,33.344096]]]}},{"type":"Feature","properties":{"id":"00221201212","t":"building","op":"Comcast","nm":null,"st":"WA","co":"King County","sqft":8025,"lat":47.693324,"lon":-122.317317},"geometry":{"type":"Polygon","coordinates":[[[-122.317465,47.693474],[-122.317466,47.693173],[-122.317169,47.693173],[-122.317169,47.693207],[-122.317167,47.693473],[-122.317465,47.693474]]]}},{"type":"Feature","properties":{"id":"00221897579","t":"building","op":null,"nm":"Equinix DC97","st":"VA","co":"Fairfax County","sqft":43991,"lat":38.961571,"lon":-77.377423},"geometry":{"type":"Polygon","coordinates":[[[-77.378086,38.961549],[-77.377854,38.961466],[-77.377810,38.961540],[-77.376925,38.961223],[-77.376748,38.961522],[-77.377866,38.961921],[-77.378086,38.961549]]]}},{"type":"Feature","properties":{"id":"00222672860","t":"building","op":"Amazon Web Services","nm":"Amazon IAD-55","st":"VA","co":"Prince William County","sqft":228140,"lat":38.815062,"lon":-77.648764},"geometry":{"type":"Polygon","coordinates":[[[-77.648016,38.815511],[-77.647944,38.815493],[-77.647885,38.815574],[-77.647798,38.815683],[-77.647729,38.815647],[-77.647637,38.815873],[-77.647998,38.815891],[-77.647969,38.815966],[-77.648259,38.816042],[-77.648307,38.815927],[-77.648687,38.816023],[-77.648751,38.815868],[-77.648770,38.815822],[-77.649046,38.815891],[-77.649722,38.814263],[-77.648676,38.813999],[-77.648016,38.815511]]]}},{"type":"Feature","properties":{"id":"00223783259","t":"building","op":null,"nm":"CTI Biopharma","st":"WA","co":"King County","sqft":20600,"lat":47.617788,"lon":-122.356693},"geometry":{"type":"Polygon","coordinates":[[[-122.356495,47.617976],[-122.356557,47.618007],[-122.356569,47.618011],[-122.356591,47.618018],[-122.356668,47.618034],[-122.356704,47.618037],[-122.356815,47.618027],[-122.356851,47.618018],[-122.356893,47.617999],[-122.356991,47.617927],[-122.356903,47.617874],[-122.356942,47.617831],[-122.356966,47.617785],[-122.356972,47.617745],[-122.356971,47.617722],[-122.356949,47.617662],[-122.356919,47.617625],[-122.356868,47.617586],[-122.356799,47.617555],[-122.356743,47.617540],[-122.356703,47.617536],[-122.356623,47.617537],[-122.356538,47.617559],[-122.356494,47.617577],[-122.356491,47.617579],[-122.356429,47.617621],[-122.356396,47.617644],[-122.356487,47.617697],[-122.356462,47.617720],[-122.356447,47.617739],[-122.356437,47.617753],[-122.356424,47.617770],[-122.356414,47.617804],[-122.356412,47.617810],[-122.356410,47.617821],[-122.356413,47.617859],[-122.356420,47.617883],[-122.356436,47.617912],[-122.356466,47.617953],[-122.356495,47.617976]]]}},{"type":"Feature","properties":{"id":"00223928497","t":"building","op":"Digital Realty","nm":"Westin Building","st":"WA","co":"King County","sqft":13117,"lat":47.614355,"lon":-122.338864},"geometry":{"type":"Polygon","coordinates":[[[-122.338975,47.614523],[-122.339139,47.614393],[-122.339192,47.614352],[-122.338825,47.614134],[-122.338535,47.614356],[-122.338905,47.614577],[-122.338975,47.614523]]]}},{"type":"Feature","properties":{"id":"00224100721","t":"building","op":null,"nm":"COPT Data Center","st":"VA","co":"Prince William County","sqft":127955,"lat":38.747281,"lon":-77.531845},"geometry":{"type":"Polygon","coordinates":[[[-77.532437,38.747871],[-77.532793,38.747217],[-77.532156,38.747006],[-77.532207,38.746912],[-77.531712,38.746748],[-77.531617,38.746922],[-77.531171,38.746774],[-77.530859,38.747348],[-77.532437,38.747871]]]}},{"type":"Feature","properties":{"id":"00224139416","t":"building","op":null,"nm":"Dell 350 Holger Way","st":"CA","co":"Santa Clara County","sqft":45282,"lat":37.418407,"lon":-121.943085},"geometry":{"type":"Polygon","coordinates":[[[-121.942810,37.418142],[-121.942639,37.418145],[-121.942640,37.418189],[-121.942575,37.418190],[-121.942587,37.418619],[-121.943658,37.418600],[-121.943649,37.418256],[-121.943575,37.418258],[-121.943574,37.418234],[-121.943428,37.418237],[-121.943429,37.418260],[-121.943100,37.418266],[-121.943097,37.418153],[-121.942928,37.418156],[-121.942929,37.418185],[-121.942811,37.418187],[-121.942810,37.418142]]]}},{"type":"Feature","properties":{"id":"00224174031","t":"building","op":"SV Colo","nm":"SV Colo","st":"CA","co":"Santa Clara County","sqft":57709,"lat":37.36431,"lon":-121.958799},"geometry":{"type":"Polygon","coordinates":[[[-121.959192,37.364652],[-121.959200,37.363996],[-121.958953,37.363994],[-121.958954,37.363911],[-121.958560,37.363908],[-121.958557,37.364122],[-121.958381,37.364120],[-121.958375,37.364645],[-121.959192,37.364652]]]}},{"type":"Feature","properties":{"id":"00224998784","t":"building","op":"Microsoft","nm":"Microsoft","st":"CA","co":"Santa Clara County","sqft":166655,"lat":37.362066,"lon":-121.946436},"geometry":{"type":"Polygon","coordinates":[[[-121.946399,37.362542],[-121.946179,37.362019],[-121.946582,37.361912],[-121.946830,37.362504],[-121.947627,37.362293],[-121.947283,37.361472],[-121.946087,37.361789],[-121.946012,37.361610],[-121.945289,37.361801],[-121.945679,37.362732],[-121.946399,37.362542]]]}},{"type":"Feature","properties":{"id":"00225745958","t":"building","op":null,"nm":"OVH US East Vint Hill","st":"VA","co":"Fauquier County","sqft":85783,"lat":38.747445,"lon":-77.674454},"geometry":{"type":"Polygon","coordinates":[[[-77.673927,38.747043],[-77.673909,38.747168],[-77.673852,38.747163],[-77.673842,38.747235],[-77.673897,38.747240],[-77.673859,38.747503],[-77.673804,38.747498],[-77.673793,38.747573],[-77.673853,38.747579],[-77.673836,38.747692],[-77.674029,38.747709],[-77.674016,38.747798],[-77.674385,38.747831],[-77.674397,38.747746],[-77.675112,38.747810],[-77.675136,38.747644],[-77.675120,38.747643],[-77.675129,38.747582],[-77.675072,38.747577],[-77.675108,38.747329],[-77.674869,38.747307],[-77.674894,38.747132],[-77.674688,38.747114],[-77.674701,38.747025],[-77.674512,38.747008],[-77.674499,38.747094],[-77.673927,38.747043]]]}},{"type":"Feature","properties":{"id":"00231047065","t":"building","op":"University Corporation for Atmospheric Research","nm":"NCAR-Wyoming Supercomputing Center","st":"WY","co":"Laramie County","sqft":101129,"lat":41.12879,"lon":-104.897487},"geometry":{"type":"Polygon","coordinates":[[[-104.897694,41.129320],[-104.897690,41.128971],[-104.898105,41.128968],[-104.898105,41.128247],[-104.897912,41.128247],[-104.897884,41.128197],[-104.897825,41.128182],[-104.897765,41.128173],[-104.897706,41.128200],[-104.897682,41.128238],[-104.897670,41.128280],[-104.897686,41.128316],[-104.897682,41.128399],[-104.897042,41.128414],[-104.897042,41.128771],[-104.896757,41.128774],[-104.896769,41.129025],[-104.896923,41.129028],[-104.896939,41.129314],[-104.897694,41.129320]]]}},{"type":"Feature","properties":{"id":"00231664575","t":"building","op":"H5 Data Centers","nm":"The Seattle Times","st":"WA","co":"King County","sqft":48589,"lat":47.618985,"lon":-122.336462},"geometry":{"type":"Polygon","coordinates":[[[-122.336022,47.619276],[-122.336577,47.619278],[-122.336577,47.619266],[-122.337038,47.619268],[-122.337040,47.618953],[-122.336684,47.618952],[-122.336685,47.618695],[-122.336786,47.618695],[-122.336787,47.618656],[-122.336645,47.618655],[-122.336645,47.618631],[-122.336062,47.618629],[-122.336061,47.618652],[-122.336026,47.618652],[-122.336022,47.619276]]]}},{"type":"Feature","properties":{"id":"00233888384","t":"building","op":null,"nm":"Segra Data Center","st":"NC","co":"Wake County","sqft":46141,"lat":35.724992,"lon":-78.662363},"geometry":{"type":"Polygon","coordinates":[[[-78.662666,35.725577],[-78.662946,35.725415],[-78.662060,35.724406],[-78.661779,35.724568],[-78.662666,35.725577]]]}},{"type":"Feature","properties":{"id":"00234722029","t":"building","op":"Equinix","nm":"Equinix Ashburn DC2","st":"VA","co":"Loudoun County","sqft":175215,"lat":39.016471,"lon":-77.459006},"geometry":{"type":"Polygon","coordinates":[[[-77.460388,39.017014],[-77.460544,39.016787],[-77.458387,39.015891],[-77.457805,39.015649],[-77.457594,39.015951],[-77.457609,39.015991],[-77.457816,39.016080],[-77.457746,39.016193],[-77.458408,39.016469],[-77.458317,39.016609],[-77.458484,39.016710],[-77.458629,39.016785],[-77.458766,39.016843],[-77.458943,39.016912],[-77.459128,39.016966],[-77.459278,39.016999],[-77.459364,39.016876],[-77.459989,39.017128],[-77.460061,39.017016],[-77.460281,39.017106],[-77.460332,39.017099],[-77.460388,39.017014]]]}},{"type":"Feature","properties":{"id":"00234722720","t":"building","op":"H5","nm":"H5 Data Centers Ashburn","st":"VA","co":"Loudoun County","sqft":83656,"lat":39.013675,"lon":-77.45172},"geometry":{"type":"Polygon","coordinates":[[[-77.452015,39.014199],[-77.452262,39.013293],[-77.452146,39.013274],[-77.452155,39.013241],[-77.452072,39.013227],[-77.452064,39.013256],[-77.451670,39.013191],[-77.451678,39.013161],[-77.451594,39.013148],[-77.451587,39.013174],[-77.451424,39.013148],[-77.451176,39.014062],[-77.451297,39.014082],[-77.451291,39.014106],[-77.451373,39.014120],[-77.451380,39.014094],[-77.451818,39.014166],[-77.451810,39.014194],[-77.451894,39.014208],[-77.451902,39.014181],[-77.452015,39.014199]]]}},{"type":"Feature","properties":{"id":"00239032142","t":"building","op":null,"nm":"TierPoint Sioux Falls West Data Center","st":"SD","co":"Minnehaha County","sqft":55963,"lat":43.606971,"lon":-96.809195},"geometry":{"type":"Polygon","coordinates":[[[-96.809601,43.607339],[-96.809537,43.606568],[-96.808787,43.606601],[-96.808852,43.607372],[-96.808956,43.607368],[-96.809601,43.607339]]]}},{"type":"Feature","properties":{"id":"00239147373","t":"building","op":"Lumen Technologies","nm":"Lumen McLean","st":"VA","co":"Fairfax County","sqft":42056,"lat":38.920021,"lon":-77.211619},"geometry":{"type":"Polygon","coordinates":[[[-77.211902,38.920351],[-77.212041,38.919797],[-77.211335,38.919690],[-77.211196,38.920243],[-77.211902,38.920351]]]}},{"type":"Feature","properties":{"id":"00239147724","t":"building","op":"DataBank","nm":"DataBank McLean IAD2","st":"VA","co":"Fairfax County","sqft":22957,"lat":38.919905,"lon":-77.213585},"geometry":{"type":"Polygon","coordinates":[[[-77.213948,38.919789],[-77.213308,38.919688],[-77.213221,38.920020],[-77.213861,38.920121],[-77.213948,38.919789]]]}},{"type":"Feature","properties":{"id":"00240724127","t":"building","op":null,"nm":"eBay","st":"UT","co":"Salt Lake County","sqft":183167,"lat":40.563749,"lon":-112.047725},"geometry":{"type":"Polygon","coordinates":[[[-112.047867,40.563202],[-112.047912,40.563202],[-112.047912,40.563221],[-112.048948,40.563222],[-112.048948,40.563198],[-112.048997,40.563198],[-112.048997,40.563114],[-112.047911,40.563113],[-112.047911,40.563133],[-112.047867,40.563133],[-112.047901,40.562918],[-112.047758,40.562915],[-112.047758,40.562795],[-112.047408,40.562800],[-112.047410,40.562912],[-112.047300,40.562910],[-112.047316,40.563073],[-112.047378,40.563072],[-112.047371,40.563576],[-112.046615,40.563571],[-112.046611,40.563847],[-112.046853,40.563849],[-112.046852,40.563965],[-112.047064,40.563967],[-112.047062,40.564174],[-112.047163,40.564175],[-112.047160,40.564399],[-112.048508,40.564408],[-112.048517,40.563584],[-112.047827,40.563579],[-112.047827,40.563250],[-112.047856,40.563250],[-112.047867,40.563202]]]}},{"type":"Feature","properties":{"id":"00243242167","t":"building","op":"Equinix","nm":"Equinix Chicago Data CH7","st":"IL","co":"DuPage County","sqft":47336,"lat":41.812557,"lon":-87.972843},"geometry":{"type":"Polygon","coordinates":[[[-87.973273,41.812271],[-87.972406,41.812292],[-87.972429,41.812853],[-87.973111,41.812837],[-87.973109,41.812778],[-87.973294,41.812773],[-87.973273,41.812271]]]}},{"type":"Feature","properties":{"id":"00244490839","t":"building","op":null,"nm":"PhoenixNAP","st":"AZ","co":"Maricopa County","sqft":79223,"lat":33.416051,"lon":-112.009426},"geometry":{"type":"Polygon","coordinates":[[[-112.009665,33.415516],[-112.009635,33.415544],[-112.009514,33.415596],[-112.009396,33.415657],[-112.009280,33.415733],[-112.009163,33.415825],[-112.009187,33.415845],[-112.009117,33.415910],[-112.009091,33.415892],[-112.009006,33.415987],[-112.008927,33.416092],[-112.008861,33.416199],[-112.008825,33.416269],[-112.008810,33.416319],[-112.008784,33.416343],[-112.008789,33.416347],[-112.008881,33.416418],[-112.008911,33.416391],[-112.008938,33.416412],[-112.008910,33.416438],[-112.009173,33.416637],[-112.009797,33.416062],[-112.009891,33.416133],[-112.010099,33.415941],[-112.010159,33.415887],[-112.010057,33.415809],[-112.010029,33.415835],[-112.009997,33.415811],[-112.010024,33.415786],[-112.009792,33.415610],[-112.009764,33.415636],[-112.009737,33.415616],[-112.009764,33.415591],[-112.009665,33.415516]]]}},{"type":"Feature","properties":{"id":"00247427998","t":"building","op":"Merrill Lynch","nm":"Merrill Lynch Data Center","st":"NY","co":"Richmond County","sqft":63435,"lat":40.60738,"lon":-74.17318},"geometry":{"type":"Polygon","coordinates":[[[-74.173455,40.606937],[-74.172597,40.607142],[-74.172604,40.607154],[-74.172614,40.607165],[-74.172626,40.607175],[-74.172641,40.607183],[-74.172648,40.607187],[-74.172651,40.607192],[-74.172831,40.607632],[-74.172823,40.607651],[-74.172820,40.607666],[-74.172821,40.607680],[-74.172825,40.607694],[-74.172832,40.607707],[-74.172842,40.607719],[-74.172854,40.607730],[-74.172861,40.607735],[-74.172876,40.607742],[-74.172908,40.607821],[-74.173121,40.607770],[-74.173219,40.607747],[-74.173736,40.607624],[-74.173728,40.607603],[-74.173455,40.606937]]]}},{"type":"Feature","properties":{"id":"00247428943","t":"building","op":"Telehouse","nm":"Telehouse Teleport","st":"NY","co":"Richmond County","sqft":69999,"lat":40.606985,"lon":-74.174887},"geometry":{"type":"Polygon","coordinates":[[[-74.174357,40.606674],[-74.174369,40.606705],[-74.174385,40.606743],[-74.174420,40.606826],[-74.174471,40.606949],[-74.174481,40.606975],[-74.174543,40.607125],[-74.174556,40.607155],[-74.174564,40.607175],[-74.174660,40.607406],[-74.174712,40.607533],[-74.174891,40.607490],[-74.174904,40.607522],[-74.174932,40.607515],[-74.174962,40.607588],[-74.174976,40.607621],[-74.175010,40.607613],[-74.175018,40.607630],[-74.175169,40.607594],[-74.175162,40.607576],[-74.175195,40.607569],[-74.175153,40.607249],[-74.175095,40.606967],[-74.175452,40.606717],[-74.175254,40.606552],[-74.175223,40.606573],[-74.175192,40.606547],[-74.175161,40.606521],[-74.175194,40.606499],[-74.175126,40.606443],[-74.175109,40.606454],[-74.175093,40.606466],[-74.175068,40.606445],[-74.174937,40.606536],[-74.174597,40.606618],[-74.174584,40.606587],[-74.174483,40.606612],[-74.174495,40.606641],[-74.174449,40.606652],[-74.174430,40.606656],[-74.174357,40.606674]]]}},{"type":"Feature","properties":{"id":"00250052753","t":"building","op":null,"nm":"32 Avenue of the Americas","st":"NY","co":"New York County","sqft":42396,"lat":40.719998,"lon":-74.004636},"geometry":{"type":"Polygon","coordinates":[[[-74.004482,40.719592],[-74.004435,40.719648],[-74.004296,40.719821],[-74.004249,40.719880],[-74.004120,40.720041],[-74.004235,40.720093],[-74.004309,40.720128],[-74.004596,40.720259],[-74.004662,40.720290],[-74.004881,40.720395],[-74.005007,40.720346],[-74.005002,40.720230],[-74.005016,40.720213],[-74.005001,40.720206],[-74.004999,40.720167],[-74.005011,40.720152],[-74.004998,40.720146],[-74.004993,40.720031],[-74.005006,40.720016],[-74.004992,40.720010],[-74.004990,40.719967],[-74.005005,40.719949],[-74.004989,40.719942],[-74.004985,40.719837],[-74.004872,40.719783],[-74.004482,40.719592]]]}},{"type":"Feature","properties":{"id":"00251716328","t":"building","op":"Digital Realty","nm":"Digital Realty","st":"VA","co":"Fairfax County","sqft":72337,"lat":38.910133,"lon":-77.47258},"geometry":{"type":"Polygon","coordinates":[[[-77.473439,38.910667],[-77.473622,38.910371],[-77.471605,38.909565],[-77.471562,38.909619],[-77.471701,38.909966],[-77.473439,38.910667]]]}},{"type":"Feature","properties":{"id":"00253682978","t":"building","op":null,"nm":"TierPoint","st":"MO","co":"St. Louis city","sqft":24039,"lat":38.629761,"lon":-90.19642},"geometry":{"type":"Polygon","coordinates":[[[-90.196852,38.629702],[-90.196083,38.629539],[-90.195988,38.629822],[-90.196759,38.629980],[-90.196852,38.629702]]]}},{"type":"Feature","properties":{"id":"00254583328","t":"building","op":null,"nm":"Verizon","st":"NV","co":"Clark County","sqft":25884,"lat":36.144733,"lon":-115.077928},"geometry":{"type":"Polygon","coordinates":[[[-115.078336,36.144878],[-115.078336,36.144585],[-115.077520,36.144583],[-115.077524,36.144882],[-115.078336,36.144878]]]}},{"type":"Feature","properties":{"id":"00254742608","t":"building","op":null,"nm":null,"st":"TX","co":"Bexar County","sqft":127563,"lat":29.446674,"lon":-98.64069},"geometry":{"type":"Polygon","coordinates":[[[-98.640486,29.447084],[-98.641440,29.447002],[-98.641412,29.446750],[-98.641355,29.446251],[-98.641351,29.446216],[-98.641332,29.446217],[-98.640750,29.446267],[-98.640570,29.446283],[-98.640568,29.446262],[-98.640272,29.446287],[-98.640274,29.446310],[-98.640115,29.446324],[-98.640136,29.446506],[-98.640152,29.446644],[-98.639781,29.446676],[-98.639718,29.446682],[-98.639748,29.446943],[-98.640182,29.446906],[-98.640205,29.447108],[-98.640486,29.447084]]]}},{"type":"Feature","properties":{"id":"00254742609","t":"building","op":null,"nm":null,"st":"TX","co":"Bexar County","sqft":142712,"lat":29.447922,"lon":-98.641129},"geometry":{"type":"Polygon","coordinates":[[[-98.640735,29.447383],[-98.640774,29.447722],[-98.640438,29.447751],[-98.640521,29.448483],[-98.640833,29.448456],[-98.641735,29.448378],[-98.641762,29.448376],[-98.641660,29.447476],[-98.641639,29.447294],[-98.641475,29.447308],[-98.640735,29.447383]]]}},{"type":"Feature","properties":{"id":"00254742610","t":"building","op":null,"nm":null,"st":"TX","co":"Bexar County","sqft":36014,"lat":29.447199,"lon":-98.640993},"geometry":{"type":"Polygon","coordinates":[[[-98.640486,29.447084],[-98.640522,29.447402],[-98.640735,29.447383],[-98.641475,29.447308],[-98.641485,29.447288],[-98.641494,29.447264],[-98.641503,29.447228],[-98.641506,29.447178],[-98.641504,29.447151],[-98.641498,29.447120],[-98.641483,29.447075],[-98.641467,29.447036],[-98.641458,29.447021],[-98.641440,29.447002],[-98.640486,29.447084]]]}},{"type":"Feature","properties":{"id":"00254773884","t":"building","op":null,"nm":null,"st":"TX","co":"Collin County","sqft":121665,"lat":33.095994,"lon":-96.681565},"geometry":{"type":"Polygon","coordinates":[[[-96.681473,33.096220],[-96.681474,33.096255],[-96.681214,33.096259],[-96.681217,33.096393],[-96.681802,33.096384],[-96.681799,33.096252],[-96.681602,33.096256],[-96.681601,33.096221],[-96.682141,33.096212],[-96.682145,33.096372],[-96.682318,33.096369],[-96.682314,33.096206],[-96.682411,33.096204],[-96.682398,33.095613],[-96.681646,33.095625],[-96.681647,33.095681],[-96.681156,33.095689],[-96.681157,33.095744],[-96.680672,33.095752],[-96.680688,33.096422],[-96.680816,33.096420],[-96.680815,33.096368],[-96.680884,33.096367],[-96.680882,33.096273],[-96.680968,33.096272],[-96.680967,33.096228],[-96.681473,33.096220]]]}},{"type":"Feature","properties":{"id":"00254773897","t":"building","op":"Centersquare","nm":"Evoque Allen DA1","st":"TX","co":"Collin County","sqft":114534,"lat":33.095064,"lon":-96.683764},"geometry":{"type":"Polygon","coordinates":[[[-96.684586,33.094580],[-96.683951,33.094773],[-96.683909,33.094675],[-96.683228,33.094882],[-96.683253,33.094940],[-96.682791,33.095081],[-96.683008,33.095585],[-96.683829,33.095335],[-96.683840,33.095362],[-96.683958,33.095327],[-96.683943,33.095294],[-96.684784,33.095037],[-96.684586,33.094580]]]}},{"type":"Feature","properties":{"id":"00256728809","t":"building","op":null,"nm":null,"st":"NE","co":"Douglas County","sqft":69219,"lat":41.261419,"lon":-95.936495},"geometry":{"type":"Polygon","coordinates":[[[-95.936857,41.261876],[-95.936860,41.261793],[-95.936861,41.261627],[-95.936900,41.261628],[-95.936901,41.261544],[-95.936862,41.261544],[-95.936864,41.261302],[-95.936970,41.261302],[-95.936971,41.261216],[-95.936861,41.261217],[-95.936863,41.260969],[-95.936129,41.260967],[-95.936127,41.261212],[-95.936025,41.261212],[-95.936024,41.261297],[-95.936129,41.261298],[-95.936127,41.261540],[-95.936088,41.261539],[-95.936090,41.261628],[-95.936127,41.261628],[-95.936123,41.261874],[-95.936857,41.261876]]]}},{"type":"Feature","properties":{"id":"00257581364","t":"building","op":"Flexential","nm":"Flexential - Richmond","st":"VA","co":"Henrico County","sqft":39778,"lat":37.64689,"lon":-77.438695},"geometry":{"type":"Polygon","coordinates":[[[-77.438710,37.646440],[-77.438266,37.647183],[-77.438680,37.647340],[-77.439124,37.646596],[-77.438710,37.646440]]]}},{"type":"Feature","properties":{"id":"00258343744","t":"building","op":"Amazon Web Services","nm":"Amazon IAD-9","st":"VA","co":"Fairfax County","sqft":85855,"lat":38.899652,"lon":-77.45344},"geometry":{"type":"Polygon","coordinates":[[[-77.453112,38.900417],[-77.453181,38.900202],[-77.453311,38.900228],[-77.453381,38.900011],[-77.453619,38.900058],[-77.453690,38.899839],[-77.453822,38.899865],[-77.454025,38.899235],[-77.453818,38.899195],[-77.453850,38.899096],[-77.453514,38.899030],[-77.453485,38.899119],[-77.453278,38.899079],[-77.452861,38.900368],[-77.453112,38.900417]]]}},{"type":"Feature","properties":{"id":"00258343748","t":"building","op":null,"nm":"Amazon IAD22","st":"VA","co":"Fairfax County","sqft":30140,"lat":38.897902,"lon":-77.455102},"geometry":{"type":"Polygon","coordinates":[[[-77.455207,38.898226],[-77.455412,38.897579],[-77.455029,38.897506],[-77.454794,38.898250],[-77.455070,38.898303],[-77.455100,38.898206],[-77.455207,38.898226]]]}},{"type":"Feature","properties":{"id":"00258343749","t":"building","op":"Amazon Web Services","nm":"Amazon IAD-1","st":"VA","co":"Fairfax County","sqft":93882,"lat":38.897859,"lon":-77.454075},"geometry":{"type":"Polygon","coordinates":[[[-77.454292,38.898449],[-77.454636,38.897374],[-77.453871,38.897226],[-77.453528,38.898298],[-77.453738,38.898339],[-77.453707,38.898436],[-77.454039,38.898500],[-77.454069,38.898406],[-77.454292,38.898449]]]}},{"type":"Feature","properties":{"id":"00258519934","t":"building","op":null,"nm":null,"st":"VA","co":"Fairfax County","sqft":43330,"lat":38.909245,"lon":-77.472245},"geometry":{"type":"Polygon","coordinates":[[[-77.472709,38.909630],[-77.472880,38.909369],[-77.472535,38.909232],[-77.47257,38.909181],[-77.472193,38.909031],[-77.472229,38.908976],[-77.471892,38.908842],[-77.471650,38.909209],[-77.472709,38.909630]]]}},{"type":"Feature","properties":{"id":"00258519959","t":"building","op":null,"nm":null,"st":"VA","co":"Fairfax County","sqft":32222,"lat":38.909798,"lon":-77.473466},"geometry":{"type":"Polygon","coordinates":[[[-77.473915,38.910119],[-77.474093,38.909847],[-77.473850,38.909750],[-77.473809,38.909812],[-77.472953,38.909472],[-77.472815,38.909682],[-77.473915,38.910119]]]}},{"type":"Feature","properties":{"id":"00260996040","t":"building","op":null,"nm":null,"st":"VA","co":"Fairfax County","sqft":56049,"lat":38.750817,"lon":-77.196273},"geometry":{"type":"Polygon","coordinates":[[[-77.196333,38.750361],[-77.195710,38.751267],[-77.196105,38.751433],[-77.196136,38.751388],[-77.196152,38.751364],[-77.196832,38.750361],[-77.196446,38.750196],[-77.196333,38.750361]]]}},{"type":"Feature","properties":{"id":"00269166415","t":"building","op":null,"nm":"Cox Data Center","st":"GA","co":"Fulton County","sqft":127858,"lat":34.036202,"lon":-84.319553},"geometry":{"type":"Polygon","coordinates":[[[-84.318776,34.035793],[-84.318766,34.036467],[-84.319473,34.036475],[-84.319469,34.036713],[-84.320144,34.036720],[-84.320147,34.036481],[-84.320247,34.036482],[-84.320257,34.035808],[-84.318776,34.035793]]]}},{"type":"Feature","properties":{"id":"00269847438","t":"building","op":"Quality Technology Services","nm":"QTS Atlanta Data Center 1","st":"GA","co":"Fulton County","sqft":719736,"lat":33.777681,"lon":-84.4211},"geometry":{"type":"Polygon","coordinates":[[[-84.420335,33.779494],[-84.421877,33.779498],[-84.421877,33.779427],[-84.421984,33.779427],[-84.421993,33.777270],[-84.421827,33.777269],[-84.421827,33.777065],[-84.421963,33.777066],[-84.421963,33.777075],[-84.422034,33.777075],[-84.422034,33.777066],[-84.422065,33.777066],[-84.422131,33.777056],[-84.422195,33.777055],[-84.422195,33.777024],[-84.422035,33.777025],[-84.422036,33.777004],[-84.422029,33.777004],[-84.422030,33.776919],[-84.422097,33.776919],[-84.422101,33.775951],[-84.421852,33.775951],[-84.421852,33.775908],[-84.421768,33.775908],[-84.421768,33.775884],[-84.421592,33.775883],[-84.421592,33.775950],[-84.420709,33.775947],[-84.420710,33.775902],[-84.420416,33.775902],[-84.420416,33.775880],[-84.420308,33.775880],[-84.420308,33.775900],[-84.420186,33.775900],[-84.420186,33.775950],[-84.420114,33.775949],[-84.420113,33.776093],[-84.420181,33.776093],[-84.420177,33.776912],[-84.420119,33.776912],[-84.420118,33.776973],[-84.420198,33.776973],[-84.420187,33.779420],[-84.420336,33.779420],[-84.420335,33.779494]]]}},{"type":"Feature","properties":{"id":"00271893323","t":"building","op":"Csquare","nm":"Csquare SFO3","st":"CA","co":"Santa Clara County","sqft":71209,"lat":37.372104,"lon":-121.986031},"geometry":{"type":"Polygon","coordinates":[[[-121.986322,37.372524],[-121.986322,37.372466],[-121.986422,37.372466],[-121.986421,37.372357],[-121.986525,37.372357],[-121.986524,37.371840],[-121.986015,37.371840],[-121.986015,37.371583],[-121.985737,37.371584],[-121.985737,37.371713],[-121.985556,37.371713],[-121.985557,37.371975],[-121.985738,37.371975],[-121.985738,37.372145],[-121.985556,37.372145],[-121.985556,37.372357],[-121.985733,37.372356],[-121.985733,37.372524],[-121.986322,37.372524]]]}},{"type":"Feature","properties":{"id":"00273895868","t":"building","op":"Centersquare","nm":"Centersquare IAD3","st":"VA","co":"Loudoun County","sqft":130748,"lat":38.980925,"lon":-77.444247},"geometry":{"type":"Polygon","coordinates":[[[-77.444136,38.980561],[-77.445201,38.981612],[-77.445527,38.981664],[-77.445671,38.981574],[-77.445511,38.981425],[-77.445499,38.981394],[-77.445462,38.981375],[-77.445312,38.981228],[-77.445300,38.981235],[-77.445133,38.981070],[-77.445148,38.981061],[-77.444987,38.980909],[-77.444977,38.980879],[-77.444945,38.980866],[-77.444787,38.980710],[-77.444774,38.980718],[-77.444607,38.980554],[-77.444622,38.980544],[-77.444267,38.980194],[-77.444149,38.980267],[-77.444141,38.980259],[-77.444150,38.980253],[-77.444126,38.980230],[-77.444116,38.980236],[-77.444109,38.980229],[-77.444004,38.980294],[-77.443957,38.980248],[-77.443649,38.980442],[-77.443617,38.980451],[-77.443598,38.980471],[-77.443284,38.980664],[-77.443330,38.980710],[-77.443223,38.980777],[-77.443267,38.980820],[-77.443155,38.980889],[-77.443195,38.980928],[-77.443085,38.980996],[-77.443426,38.981332],[-77.443671,38.981372],[-77.443702,38.981388],[-77.443746,38.981383],[-77.443981,38.981423],[-77.444119,38.981338],[-77.443865,38.981092],[-77.443645,38.981058],[-77.443611,38.981024],[-77.443653,38.980860],[-77.444136,38.980561]]]}},{"type":"Feature","properties":{"id":"00273896089","t":"building","op":"Centersquare","nm":"Centersquare IAD2-A","st":"VA","co":"Loudoun County","sqft":48153,"lat":38.984418,"lon":-77.423817},"geometry":{"type":"Polygon","coordinates":[[[-77.423153,38.984323],[-77.424163,38.984821],[-77.424465,38.984449],[-77.424111,38.984274],[-77.424057,38.984341],[-77.423401,38.984017],[-77.423153,38.984323]]]}},{"type":"Feature","properties":{"id":"00273896096","t":"building","op":"CyrusOne","nm":null,"st":"VA","co":"Loudoun County","sqft":127744,"lat":38.984887,"lon":-77.425649},"geometry":{"type":"Polygon","coordinates":[[[-77.424886,38.985263],[-77.425537,38.985584],[-77.425678,38.985409],[-77.425830,38.985484],[-77.426204,38.985021],[-77.426084,38.984962],[-77.426459,38.984497],[-77.425749,38.984148],[-77.425376,38.984611],[-77.425256,38.984552],[-77.424881,38.985016],[-77.425027,38.985088],[-77.424886,38.985263]]]}},{"type":"Feature","properties":{"id":"00273896102","t":"building","op":"Centersquare","nm":"Centersquare IAD2-B","st":"VA","co":"Loudoun County","sqft":71819,"lat":38.983604,"lon":-77.424105},"geometry":{"type":"Polygon","coordinates":[[[-77.424372,38.984027],[-77.424680,38.984180],[-77.424980,38.983809],[-77.423437,38.983047],[-77.423189,38.983353],[-77.423790,38.983651],[-77.423781,38.983662],[-77.423802,38.983672],[-77.423813,38.983659],[-77.424381,38.98394],[-77.424326,38.984007],[-77.424333,38.984011],[-77.424322,38.984025],[-77.424359,38.984043],[-77.424372,38.984027]]]}},{"type":"Feature","properties":{"id":"00278560778","t":"building","op":"Digital Realty","nm":"Digital Realty Data Center","st":"GA","co":"Fulton County","sqft":128785,"lat":33.657032,"lon":-84.415203},"geometry":{"type":"Polygon","coordinates":[[[-84.415838,33.657652],[-84.415990,33.657450],[-84.416012,33.657462],[-84.416064,33.657393],[-84.416038,33.657379],[-84.416183,33.657186],[-84.416038,33.657109],[-84.416051,33.657092],[-84.415978,33.657054],[-84.415962,33.657076],[-84.415479,33.656821],[-84.415535,33.656746],[-84.415363,33.656655],[-84.415302,33.656736],[-84.414815,33.656478],[-84.414831,33.656457],[-84.414762,33.656420],[-84.414745,33.656443],[-84.414600,33.656366],[-84.414453,33.656560],[-84.414429,33.656547],[-84.414381,33.656610],[-84.414407,33.656624],[-84.414255,33.656826],[-84.414464,33.656936],[-84.414398,33.657023],[-84.41447,33.657061],[-84.414482,33.657045],[-84.415421,33.657541],[-84.415433,33.657526],[-84.415511,33.657568],[-84.415493,33.657592],[-84.415566,33.657630],[-84.415632,33.657543],[-84.415838,33.657652]]]}},{"type":"Feature","properties":{"id":"00279410762","t":"building","op":"Cyxtera","nm":"Cyxtera (Digital Realty Trust) Citibank Data Center","st":"NJ","co":"Hudson County","sqft":58356,"lat":40.760765,"lon":-74.025758},"geometry":{"type":"Polygon","coordinates":[[[-74.026020,40.761185],[-74.026367,40.760633],[-74.025648,40.760374],[-74.025604,40.760444],[-74.025533,40.760418],[-74.025446,40.760462],[-74.025356,40.760605],[-74.025290,40.760581],[-74.025116,40.760859],[-74.026020,40.761185]]]}},{"type":"Feature","properties":{"id":"00279410766","t":"building","op":"Digital Realty","nm":"Digital Realty New Jersey EWR10","st":"NJ","co":"Hudson County","sqft":126960,"lat":40.761831,"lon":-74.025025},"geometry":{"type":"Polygon","coordinates":[[[-74.025862,40.761529],[-74.024830,40.761148],[-74.024193,40.762150],[-74.025111,40.762487],[-74.02538,40.762286],[-74.025862,40.761529]]]}},{"type":"Feature","properties":{"id":"00283051469","t":"building","op":null,"nm":null,"st":"WA","co":"Grant County","sqft":151976,"lat":47.246212,"lon":-119.813229},"geometry":{"type":"Polygon","coordinates":[[[-119.814422,47.246560],[-119.814421,47.245854],[-119.812034,47.245868],[-119.812028,47.246565],[-119.814422,47.246560]]]}},{"type":"Feature","properties":{"id":"00283051470","t":"building","op":null,"nm":null,"st":"WA","co":"Grant County","sqft":133363,"lat":47.247652,"lon":-119.813187},"geometry":{"type":"Polygon","coordinates":[[[-119.811989,47.247966],[-119.814372,47.247955],[-119.814383,47.247335],[-119.811994,47.247352],[-119.811989,47.247966]]]}},{"type":"Feature","properties":{"id":"00283051471","t":"building","op":null,"nm":null,"st":"WA","co":"Grant County","sqft":135310,"lat":47.246168,"lon":-119.815756},"geometry":{"type":"Polygon","coordinates":[[[-119.816203,47.245340],[-119.815302,47.245338],[-119.815308,47.246994],[-119.81621,47.246997],[-119.816203,47.245340]]]}},{"type":"Feature","properties":{"id":"00283051475","t":"building","op":null,"nm":null,"st":"WA","co":"Grant County","sqft":246778,"lat":47.252574,"lon":-119.819665},"geometry":{"type":"Polygon","coordinates":[[[-119.820581,47.253318],[-119.820567,47.251821],[-119.818748,47.251828],[-119.818761,47.253326],[-119.820581,47.253318]]]}},{"type":"Feature","properties":{"id":"00283051478","t":"building","op":null,"nm":null,"st":"WA","co":"Grant County","sqft":151213,"lat":47.246736,"lon":-119.828866},"geometry":{"type":"Polygon","coordinates":[[[-119.830039,47.247085],[-119.830030,47.246371],[-119.828838,47.246378],[-119.828499,47.246380],[-119.827692,47.246385],[-119.827701,47.247099],[-119.830039,47.247085]]]}},{"type":"Feature","properties":{"id":"00283051481","t":"building","op":null,"nm":null,"st":"WA","co":"Grant County","sqft":35848,"lat":47.245991,"lon":-119.829791},"geometry":{"type":"Polygon","coordinates":[[[-119.830078,47.246336],[-119.830075,47.245644],[-119.829503,47.245645],[-119.829507,47.246338],[-119.830078,47.246336]]]}},{"type":"Feature","properties":{"id":"00283051482","t":"building","op":null,"nm":null,"st":"WA","co":"Grant County","sqft":35925,"lat":47.245989,"lon":-119.82917},"geometry":{"type":"Polygon","coordinates":[[[-119.829457,47.246334],[-119.829457,47.245644],[-119.828883,47.245644],[-119.828883,47.246334],[-119.829457,47.246334]]]}},{"type":"Feature","properties":{"id":"00283051483","t":"building","op":null,"nm":null,"st":"WA","co":"Grant County","sqft":33824,"lat":47.245989,"lon":-119.828159},"geometry":{"type":"Polygon","coordinates":[[[-119.828433,47.246332],[-119.828426,47.245643],[-119.827883,47.245646],[-119.827891,47.246335],[-119.828433,47.246332]]]}},{"type":"Feature","properties":{"id":"00283051484","t":"building","op":null,"nm":null,"st":"WA","co":"Grant County","sqft":33688,"lat":47.246003,"lon":-119.827541},"geometry":{"type":"Polygon","coordinates":[[[-119.827826,47.246339],[-119.827800,47.245657],[-119.827256,47.245666],[-119.827282,47.246349],[-119.827826,47.246339]]]}},{"type":"Feature","properties":{"id":"00283051485","t":"building","op":null,"nm":null,"st":"WA","co":"Grant County","sqft":19067,"lat":47.246067,"lon":-119.828662},"geometry":{"type":"Polygon","coordinates":[[[-119.828820,47.245751],[-119.828488,47.245751],[-119.828499,47.246380],[-119.828838,47.246378],[-119.828820,47.245751]]]}},{"type":"Feature","properties":{"id":"00284044002","t":"building","op":"datasite","nm":"DataSite Atlanta","st":"GA","co":"Cobb County","sqft":77660,"lat":33.925511,"lon":-84.481616},"geometry":{"type":"Polygon","coordinates":[[[-84.481956,33.924993],[-84.481283,33.924985],[-84.481269,33.925984],[-84.481423,33.925986],[-84.481423,33.926048],[-84.481921,33.926052],[-84.481921,33.925990],[-84.481935,33.925990],[-84.481944,33.925553],[-84.481972,33.925555],[-84.481991,33.925538],[-84.481998,33.925513],[-84.481995,33.925489],[-84.481991,33.925464],[-84.481974,33.925437],[-84.481944,33.925435],[-84.481956,33.924993]]]}},{"type":"Feature","properties":{"id":"00288909509","t":"building","op":null,"nm":null,"st":"MO","co":"Platte County","sqft":30923,"lat":39.290121,"lon":-94.685051},"geometry":{"type":"Polygon","coordinates":[[[-94.685056,39.290447],[-94.685247,39.290447],[-94.685264,39.290443],[-94.685277,39.290436],[-94.685288,39.290424],[-94.685294,39.290410],[-94.685297,39.290032],[-94.685294,39.290019],[-94.685284,39.290006],[-94.685269,39.289998],[-94.685253,39.289994],[-94.685211,39.289993],[-94.685211,39.289970],[-94.685212,39.289946],[-94.685298,39.289946],[-94.685298,39.289875],[-94.685184,39.289875],[-94.685184,39.289815],[-94.685183,39.289773],[-94.685119,39.289773],[-94.685119,39.289797],[-94.685114,39.289784],[-94.685102,39.289772],[-94.685085,39.289764],[-94.685068,39.289761],[-94.684880,39.289761],[-94.684865,39.289764],[-94.684850,39.289771],[-94.684842,39.289777],[-94.684835,39.289788],[-94.684831,39.289800],[-94.684831,39.289908],[-94.684830,39.290047],[-94.684830,39.290173],[-94.684829,39.290469],[-94.684835,39.290484],[-94.684847,39.290496],[-94.684867,39.290505],[-94.684885,39.290507],[-94.684904,39.290504],[-94.684921,39.290496],[-94.684934,39.290483],[-94.684939,39.290467],[-94.684940,39.290370],[-94.685006,39.290370],[-94.685006,39.290407],[-94.685010,39.290421],[-94.685021,39.290434],[-94.685037,39.290443],[-94.685056,39.290447]]]}},{"type":"Feature","properties":{"id":"00289620443","t":"building","op":"Digital Realty","nm":"Digital Realty San Francisco SFO10","st":"CA","co":"San Francisco County","sqft":104867,"lat":37.723602,"lon":-122.397936},"geometry":{"type":"Polygon","coordinates":[[[-122.398271,37.723881],[-122.398292,37.723884],[-122.398524,37.723166],[-122.398366,37.723128],[-122.398367,37.723124],[-122.397647,37.722954],[-122.397384,37.723776],[-122.397439,37.723785],[-122.397447,37.723752],[-122.397572,37.723771],[-122.397481,37.724148],[-122.398106,37.724252],[-122.398101,37.724282],[-122.398205,37.724299],[-122.398235,37.724186],[-122.398195,37.724179],[-122.398271,37.723881]]]}},{"type":"Feature","properties":{"id":"00289884123","t":"building","op":null,"nm":"33 Thomas Street","st":"NY","co":"New York County","sqft":30791,"lat":40.716525,"lon":-74.005913},"geometry":{"type":"Polygon","coordinates":[[[-74.006127,40.716829],[-74.006175,40.716767],[-74.006191,40.716774],[-74.006224,40.716788],[-74.006251,40.716753],[-74.006235,40.716746],[-74.006247,40.716730],[-74.006264,40.716737],[-74.006289,40.716704],[-74.006277,40.716698],[-74.006289,40.716683],[-74.006305,40.716690],[-74.006333,40.716653],[-74.006320,40.716647],[-74.006328,40.716637],[-74.006341,40.716642],[-74.006369,40.716605],[-74.006338,40.716591],[-74.006323,40.716584],[-74.006375,40.716516],[-74.006285,40.716476],[-74.006229,40.716451],[-74.006220,40.716463],[-74.006201,40.716455],[-74.006210,40.716443],[-74.006154,40.716418],[-74.006146,40.716428],[-74.006128,40.716420],[-74.006135,40.716411],[-74.006078,40.716386],[-74.006069,40.716397],[-74.006050,40.716389],[-74.006058,40.716379],[-74.005996,40.716352],[-74.005914,40.716316],[-74.005893,40.716306],[-74.005855,40.716290],[-74.005834,40.716280],[-74.005825,40.716293],[-74.005819,40.716290],[-74.005814,40.716288],[-74.005824,40.716275],[-74.005791,40.716261],[-74.005765,40.716249],[-74.005719,40.716229],[-74.005680,40.716212],[-74.005637,40.716267],[-74.005618,40.716259],[-74.005591,40.716295],[-74.005608,40.716302],[-74.005594,40.716320],[-74.005579,40.716313],[-74.005555,40.716345],[-74.005569,40.716351],[-74.005557,40.716367],[-74.005542,40.716360],[-74.005515,40.716395],[-74.00553,40.716401],[-74.005519,40.716414],[-74.005504,40.716407],[-74.005477,40.716442],[-74.005491,40.716448],[-74.005481,40.716461],[-74.005466,40.716454],[-74.005428,40.716504],[-74.005437,40.716509],[-74.005429,40.716519],[-74.005528,40.716563],[-74.005587,40.716589],[-74.005596,40.716577],[-74.005607,40.716582],[-74.005597,40.716595],[-74.005656,40.716621],[-74.005757,40.716666],[-74.005813,40.716691],[-74.005821,40.716680],[-74.005839,40.716688],[-74.005830,40.716700],[-74.005887,40.716725],[-74.005894,40.716715],[-74.005913,40.716723],[-74.005906,40.716732],[-74.005962,40.716757],[-74.005971,40.716746],[-74.005990,40.716755],[-74.005982,40.716765],[-74.006044,40.716792],[-74.006127,40.716829]]]}},{"type":"Feature","properties":{"id":"00290101976","t":"building","op":null,"nm":"VentureData","st":"ID","co":"Madison County","sqft":18269,"lat":43.825243,"lon":-111.782093},"geometry":{"type":"Polygon","coordinates":[[[-111.782302,43.825457],[-111.782305,43.825000],[-111.781944,43.824999],[-111.781943,43.825222],[-111.781836,43.825221],[-111.781835,43.825456],[-111.782302,43.825457]]]}},{"type":"Feature","properties":{"id":"00290307022","t":"building","op":"Cogent Communications, Inc.","nm":"Cogent Data Center","st":"AZ","co":"Maricopa County","sqft":51675,"lat":33.400255,"lon":-112.0479},"geometry":{"type":"Polygon","coordinates":[[[-112.048296,33.399952],[-112.047751,33.399946],[-112.047752,33.399889],[-112.047663,33.399888],[-112.04766,33.400102],[-112.047467,33.400100],[-112.047460,33.400518],[-112.047649,33.400520],[-112.047649,33.400543],[-112.048287,33.400550],[-112.048296,33.399952]]]}},{"type":"Feature","properties":{"id":"00290703004","t":"building","op":"CoreSpace","nm":"CoreSpace Dallas","st":"TX","co":"Dallas County","sqft":31626,"lat":32.817559,"lon":-96.873065},"geometry":{"type":"Polygon","coordinates":[[[-96.872854,32.817964],[-96.872874,32.817940],[-96.872913,32.817965],[-96.872982,32.817891],[-96.872970,32.817884],[-96.873508,32.817307],[-96.873251,32.817136],[-96.872633,32.817791],[-96.872670,32.817814],[-96.872654,32.817833],[-96.872854,32.817964]]]}},{"type":"Feature","properties":{"id":"00292506449","t":"building","op":null,"nm":null,"st":"CO","co":"Arapahoe County","sqft":108473,"lat":39.590131,"lon":-104.846963},"geometry":{"type":"Polygon","coordinates":[[[-104.847761,39.590464],[-104.847761,39.590416],[-104.847761,39.590327],[-104.847763,39.589803],[-104.847524,39.589802],[-104.847322,39.589802],[-104.84731,39.589802],[-104.847297,39.589802],[-104.847126,39.589801],[-104.846784,39.589800],[-104.846612,39.589800],[-104.846602,39.589800],[-104.846593,39.589800],[-104.846388,39.589799],[-104.846162,39.589798],[-104.846166,39.590461],[-104.846776,39.590461],[-104.846854,39.590461],[-104.847609,39.590463],[-104.847669,39.590464],[-104.847761,39.590464]]]}},{"type":"Feature","properties":{"id":"00292506452","t":"building","op":null,"nm":"zColo by Zayo","st":"CO","co":"Arapahoe County","sqft":62177,"lat":39.591352,"lon":-104.847039},"geometry":{"type":"Polygon","coordinates":[[[-104.847532,39.591476],[-104.847534,39.591081],[-104.847572,39.591080],[-104.847572,39.591064],[-104.847573,39.591046],[-104.847536,39.591046],[-104.847537,39.591015],[-104.847534,39.591005],[-104.847530,39.590997],[-104.847523,39.590989],[-104.847511,39.590980],[-104.847498,39.590976],[-104.847486,39.590974],[-104.847455,39.590973],[-104.847455,39.590963],[-104.847401,39.590963],[-104.847401,39.590974],[-104.847147,39.590973],[-104.847099,39.590975],[-104.847099,39.591010],[-104.847077,39.591010],[-104.847056,39.591010],[-104.847051,39.591010],[-104.847050,39.591098],[-104.846667,39.591098],[-104.846587,39.591098],[-104.846573,39.591098],[-104.846559,39.591098],[-104.846558,39.591192],[-104.846557,39.591452],[-104.846557,39.591714],[-104.847269,39.591716],[-104.847267,39.591510],[-104.847484,39.591512],[-104.847483,39.591476],[-104.847532,39.591476]]]}},{"type":"Feature","properties":{"id":"00293211683","t":"building","op":"Sabey","nm":"Intergate Seattle East Building 5","st":"WA","co":"King County","sqft":200124,"lat":47.49192,"lon":-122.289736},"geometry":{"type":"Polygon","coordinates":[[[-122.290671,47.491425],[-122.290561,47.491354],[-122.288770,47.491338],[-122.288678,47.491405],[-122.288659,47.492128],[-122.288717,47.492129],[-122.288713,47.492298],[-122.289630,47.492309],[-122.289622,47.492620],[-122.290639,47.492633],[-122.290641,47.492546],[-122.290671,47.491425]]]}},{"type":"Feature","properties":{"id":"00293211686","t":"building","op":"Sabey","nm":"Intergate Seattle East Building 3","st":"WA","co":"King County","sqft":203387,"lat":47.493556,"lon":-122.290302},"geometry":{"type":"Polygon","coordinates":[[[-122.289622,47.492620],[-122.289601,47.493321],[-122.289494,47.493323],[-122.289483,47.493459],[-122.289593,47.493466],[-122.289593,47.493560],[-122.289494,47.493562],[-122.289480,47.493745],[-122.289601,47.493752],[-122.289590,47.494263],[-122.290540,47.494281],[-122.290538,47.494330],[-122.290768,47.494338],[-122.290773,47.494283],[-122.291433,47.494286],[-122.291448,47.494049],[-122.291162,47.493683],[-122.290690,47.493672],[-122.290714,47.492634],[-122.290639,47.492633],[-122.289622,47.492620]]]}},{"type":"Feature","properties":{"id":"00293211687","t":"building","op":"Digital Realty","nm":"Intergate Seattle East Building 4","st":"WA","co":"King County","sqft":116828,"lat":47.493411,"lon":-122.288858},"geometry":{"type":"Polygon","coordinates":[[[-122.289263,47.492912],[-122.289372,47.492913],[-122.289382,47.492748],[-122.289262,47.492744],[-122.289267,47.492601],[-122.288788,47.492596],[-122.288787,47.492619],[-122.288490,47.492615],[-122.288465,47.493728],[-122.288396,47.493727],[-122.288378,47.494196],[-122.288811,47.494203],[-122.289230,47.494209],[-122.289263,47.492912]]]}},{"type":"Feature","properties":{"id":"00296374269","t":"building","op":"Flexential","nm":"Flexential Allentown data center","st":"PA","co":"Lehigh County","sqft":48995,"lat":40.635695,"lon":-75.457573},"geometry":{"type":"Polygon","coordinates":[[[-75.458063,40.636120],[-75.457495,40.635133],[-75.457083,40.635270],[-75.457650,40.636256],[-75.458063,40.636120]]]}},{"type":"Feature","properties":{"id":"00298126010","t":"building","op":"Digital Realty","nm":"Digital Realty ACC4","st":"VA","co":"Loudoun County","sqft":294156,"lat":39.017902,"lon":-77.462549},"geometry":{"type":"Polygon","coordinates":[[[-77.461684,39.019224],[-77.461772,39.019271],[-77.46191,39.019117],[-77.461921,39.019123],[-77.461942,39.019100],[-77.461977,39.019118],[-77.462750,39.018250],[-77.462975,39.018371],[-77.463126,39.018203],[-77.463106,39.018192],[-77.463234,39.018049],[-77.463301,39.018085],[-77.463505,39.017856],[-77.463297,39.017744],[-77.463094,39.017973],[-77.463023,39.017935],[-77.463796,39.017067],[-77.463750,39.017042],[-77.463908,39.016866],[-77.463816,39.016816],[-77.463850,39.016777],[-77.463235,39.016446],[-77.462551,39.017214],[-77.462590,39.017235],[-77.461748,39.018180],[-77.461717,39.018163],[-77.461033,39.018931],[-77.461650,39.019262],[-77.461684,39.019224]]]}},{"type":"Feature","properties":{"id":"00298127059","t":"building","op":"Equinix","nm":"Equinix Ashburn DC1","st":"VA","co":"Loudoun County","sqft":59757,"lat":39.01556,"lon":-77.460327},"geometry":{"type":"Polygon","coordinates":[[[-77.460512,39.014915],[-77.459747,39.016011],[-77.460209,39.016199],[-77.460343,39.016001],[-77.460286,39.015976],[-77.460909,39.015080],[-77.460512,39.014915]]]}},{"type":"Feature","properties":{"id":"00298127361","t":"building","op":"Equinix","nm":"Equinix Ashburn DC5","st":"VA","co":"Loudoun County","sqft":94665,"lat":39.015987,"lon":-77.461248},"geometry":{"type":"Polygon","coordinates":[[[-77.461261,39.016614],[-77.461755,39.015912],[-77.461900,39.015694],[-77.461685,39.015601],[-77.461786,39.015458],[-77.461365,39.015282],[-77.460894,39.015950],[-77.460774,39.015901],[-77.460617,39.016127],[-77.460682,39.016152],[-77.460658,39.016184],[-77.460544,39.016343],[-77.461241,39.016646],[-77.461261,39.016614]]]}},{"type":"Feature","properties":{"id":"00298127420","t":"building","op":"Equinix","nm":"Equinix Ashburn DC11","st":"VA","co":"Loudoun County","sqft":132897,"lat":39.014931,"lon":-77.458804},"geometry":{"type":"Polygon","coordinates":[[[-77.459623,39.014629],[-77.459089,39.014405],[-77.459153,39.014313],[-77.458768,39.014151],[-77.458702,39.014245],[-77.458719,39.014252],[-77.458709,39.014266],[-77.458680,39.014254],[-77.458436,39.014604],[-77.458503,39.014632],[-77.458385,39.014802],[-77.458316,39.014773],[-77.458072,39.015125],[-77.458099,39.015136],[-77.458092,39.015147],[-77.458080,39.015143],[-77.458074,39.015151],[-77.458038,39.015135],[-77.457983,39.015213],[-77.458017,39.015228],[-77.457975,39.015289],[-77.458682,39.015585],[-77.458716,39.015537],[-77.458938,39.015630],[-77.459623,39.014629]]]}},{"type":"Feature","properties":{"id":"00298242260","t":"building","op":"Equinix","nm":"Equinix Ashburn DC3","st":"VA","co":"Loudoun County","sqft":186227,"lat":39.021948,"lon":-77.460287},"geometry":{"type":"Polygon","coordinates":[[[-77.460700,39.022222],[-77.461558,39.022595],[-77.461353,39.022883],[-77.461733,39.023048],[-77.462115,39.022513],[-77.462104,39.022508],[-77.462137,39.022462],[-77.462075,39.022435],[-77.462080,39.022428],[-77.460599,39.021785],[-77.460593,39.021794],[-77.460533,39.021768],[-77.460501,39.021813],[-77.460166,39.021668],[-77.460197,39.021624],[-77.460136,39.021597],[-77.460143,39.021587],[-77.458785,39.020997],[-77.458777,39.021007],[-77.458718,39.020981],[-77.458685,39.021028],[-77.458676,39.021024],[-77.458332,39.021505],[-77.458714,39.021672],[-77.458884,39.021434],[-77.459620,39.021753],[-77.459449,39.021992],[-77.459828,39.022157],[-77.460045,39.021853],[-77.460362,39.021991],[-77.460145,39.022295],[-77.460528,39.022462],[-77.460700,39.022222]]]}},{"type":"Feature","properties":{"id":"00298242335","t":"building","op":"Digital Realty","nm":"Digital Realty ACC3","st":"VA","co":"Loudoun County","sqft":151562,"lat":39.019936,"lon":-77.459842},"geometry":{"type":"Polygon","coordinates":[[[-77.459822,39.020642],[-77.459849,39.020607],[-77.459892,39.02063],[-77.459916,39.020592],[-77.459965,39.020615],[-77.459989,39.020576],[-77.460029,39.020598],[-77.460753,39.019579],[-77.459694,39.019117],[-77.459479,39.019412],[-77.459669,39.019500],[-77.459292,39.020017],[-77.459107,39.019940],[-77.458898,39.020237],[-77.458853,39.020301],[-77.458962,39.020348],[-77.458988,39.020320],[-77.459162,39.020396],[-77.459129,39.020450],[-77.459385,39.020559],[-77.459415,39.020519],[-77.459454,39.020534],[-77.45948,39.020494],[-77.459822,39.020642]]]}},{"type":"Feature","properties":{"id":"00299388896","t":"building","op":"CoreSite Real Estate 1656 McCarthy, L.P.","nm":"CoreSite SV2","st":"CA","co":"Santa Clara County","sqft":89939,"lat":37.405683,"lon":-121.916241},"geometry":{"type":"Polygon","coordinates":[[[-121.915825,37.406203],[-121.917046,37.405713],[-121.916866,37.405430],[-121.916792,37.405460],[-121.916605,37.405167],[-121.915620,37.405563],[-121.915635,37.405587],[-121.915474,37.405652],[-121.915825,37.406203]]]}},{"type":"Feature","properties":{"id":"00299927846","t":"building","op":"Amazon Web Services","nm":"Amazon IAD76","st":"VA","co":"Loudoun County","sqft":138071,"lat":38.993785,"lon":-77.450509},"geometry":{"type":"Polygon","coordinates":[[[-77.450668,38.993028],[-77.450584,38.993058],[-77.450588,38.993065],[-77.449694,38.993380],[-77.450381,38.994558],[-77.450440,38.994537],[-77.450423,38.994508],[-77.451323,38.994191],[-77.450851,38.993381],[-77.450869,38.993340],[-77.450824,38.993328],[-77.450688,38.993094],[-77.450703,38.993089],[-77.450668,38.993028]]]}},{"type":"Feature","properties":{"id":"00299929061","t":"building","op":"Amazon Web Services","nm":"Amazon IAD12","st":"VA","co":"Loudoun County","sqft":149598,"lat":38.988723,"lon":-77.447671},"geometry":{"type":"Polygon","coordinates":[[[-77.446573,38.989922],[-77.447009,38.990103],[-77.447806,38.988934],[-77.447793,38.988929],[-77.447838,38.988863],[-77.447872,38.988877],[-77.447946,38.988769],[-77.447912,38.988754],[-77.447958,38.988687],[-77.447972,38.988693],[-77.448768,38.987525],[-77.448331,38.987344],[-77.446573,38.989922]]]}},{"type":"Feature","properties":{"id":"00299946152","t":"building","op":"QTS Data Centers","nm":null,"st":"VA","co":"Loudoun County","sqft":10175,"lat":38.994637,"lon":-77.447902},"geometry":{"type":"Polygon","coordinates":[[[-77.447809,38.994456],[-77.447667,38.994709],[-77.447986,38.994818],[-77.448072,38.994664],[-77.448089,38.994670],[-77.448145,38.994571],[-77.447809,38.994456]]]}},{"type":"Feature","properties":{"id":"00300162674","t":"building","op":"Digital Realty","nm":"Digital Realty ACC5","st":"VA","co":"Loudoun County","sqft":298859,"lat":39.020113,"lon":-77.463071},"geometry":{"type":"Polygon","coordinates":[[[-77.461393,39.020237],[-77.461169,39.020295],[-77.461204,39.020374],[-77.461143,39.020390],[-77.461400,39.020972],[-77.462557,39.020662],[-77.462542,39.020627],[-77.463887,39.020266],[-77.463903,39.020302],[-77.465063,39.019991],[-77.464806,39.019409],[-77.464755,39.019423],[-77.464720,39.019343],[-77.464491,39.019405],[-77.464486,39.019393],[-77.464453,39.019402],[-77.464440,39.019371],[-77.463159,39.019715],[-77.463078,39.019531],[-77.462865,39.019588],[-77.462856,39.019568],[-77.462598,39.019637],[-77.462689,39.019843],[-77.461413,39.020185],[-77.461426,39.020216],[-77.46139,39.020226],[-77.461393,39.020237]]]}},{"type":"Feature","properties":{"id":"00300162675","t":"building","op":"Digital Realty","nm":"Digital Realty ACC6","st":"VA","co":"Loudoun County","sqft":226152,"lat":39.021068,"lon":-77.46359},"geometry":{"type":"Polygon","coordinates":[[[-77.462317,39.021664],[-77.462347,39.021732],[-77.462503,39.021690],[-77.462582,39.021669],[-77.462595,39.021697],[-77.463561,39.021439],[-77.463642,39.021624],[-77.463752,39.021594],[-77.463761,39.021614],[-77.464142,39.021512],[-77.464051,39.021307],[-77.464968,39.021062],[-77.464955,39.021031],[-77.464994,39.021021],[-77.464989,39.021009],[-77.465035,39.020997],[-77.465000,39.020918],[-77.465024,39.020912],[-77.464767,39.020331],[-77.464753,39.020334],[-77.464746,39.020320],[-77.464691,39.020334],[-77.464697,39.020348],[-77.463803,39.020587],[-77.463819,39.020622],[-77.462857,39.020879],[-77.462845,39.020852],[-77.462822,39.020858],[-77.462816,39.020844],[-77.462765,39.020857],[-77.462769,39.020866],[-77.462140,39.021034],[-77.462133,39.021018],[-77.462084,39.021031],[-77.462090,39.021046],[-77.462066,39.021053],[-77.462335,39.021659],[-77.462317,39.021664]]]}},{"type":"Feature","properties":{"id":"00300162689","t":"building","op":"Lumen Technologies","nm":"Level 3 Ashburn","st":"VA","co":"Loudoun County","sqft":49022,"lat":39.022173,"lon":-77.457595},"geometry":{"type":"Polygon","coordinates":[[[-77.456896,39.022359],[-77.457012,39.022553],[-77.457609,39.022334],[-77.457625,39.022360],[-77.458223,39.022140],[-77.458322,39.021920],[-77.457926,39.021810],[-77.457886,39.021900],[-77.457748,39.021951],[-77.457735,39.021928],[-77.456933,39.022222],[-77.456948,39.022247],[-77.456896,39.022359]]]}},{"type":"Feature","properties":{"id":"00300163074","t":"building","op":"Centersquare","nm":"Centersquare IAD4-B","st":"VA","co":"Loudoun County","sqft":90029,"lat":39.02214,"lon":-77.45361},"geometry":{"type":"Polygon","coordinates":[[[-77.453697,39.021420],[-77.453675,39.021439],[-77.453807,39.021522],[-77.453770,39.021558],[-77.453861,39.021616],[-77.452709,39.022719],[-77.453078,39.022954],[-77.453331,39.022712],[-77.453346,39.022722],[-77.453436,39.022636],[-77.453423,39.022627],[-77.453734,39.022329],[-77.453750,39.022340],[-77.453841,39.022253],[-77.453824,39.022243],[-77.454133,39.021947],[-77.454155,39.021960],[-77.454247,39.021872],[-77.454225,39.021858],[-77.454480,39.021614],[-77.454118,39.021381],[-77.453935,39.021401],[-77.453829,39.021502],[-77.453697,39.021420]]]}},{"type":"Feature","properties":{"id":"00300163083","t":"building","op":"NTT","nm":"NTT Ashburn VA1 Data Center","st":"VA","co":"Loudoun County","sqft":138507,"lat":39.022764,"lon":-77.454869},"geometry":{"type":"Polygon","coordinates":[[[-77.454073,39.023541],[-77.454471,39.023784],[-77.454733,39.023522],[-77.454688,39.023494],[-77.454948,39.023236],[-77.454891,39.023202],[-77.455154,39.022941],[-77.455101,39.022908],[-77.455360,39.022651],[-77.455330,39.022633],[-77.455593,39.022371],[-77.455538,39.022338],[-77.455792,39.022236],[-77.455734,39.022142],[-77.455365,39.021703],[-77.455147,39.021913],[-77.455216,39.021955],[-77.455097,39.022074],[-77.454969,39.021996],[-77.454711,39.022252],[-77.454942,39.022393],[-77.454674,39.022660],[-77.454560,39.022590],[-77.454300,39.022849],[-77.454465,39.022950],[-77.454323,39.023090],[-77.454227,39.023032],[-77.454103,39.023155],[-77.454152,39.023185],[-77.454015,39.023321],[-77.454116,39.023383],[-77.453989,39.023509],[-77.454061,39.023553],[-77.454073,39.023541]]]}},{"type":"Feature","properties":{"id":"00300952513","t":"building","op":"Digital Realty","nm":"Digital Realty Phoenix PHX15","st":"AZ","co":"Maricopa County","sqft":294678,"lat":33.274974,"lon":-111.886626},"geometry":{"type":"Polygon","coordinates":[[[-111.887062,33.274194],[-111.887035,33.274194],[-111.886727,33.274199],[-111.886720,33.274199],[-111.886725,33.274416],[-111.886591,33.274418],[-111.886586,33.274200],[-111.886560,33.274200],[-111.886252,33.274205],[-111.886257,33.274425],[-111.886113,33.274427],[-111.88607,33.274428],[-111.886071,33.274489],[-111.885916,33.274492],[-111.885917,33.274549],[-111.88592,33.274658],[-111.885921,33.274746],[-111.885455,33.274754],[-111.885474,33.275629],[-111.886116,33.275619],[-111.886117,33.275656],[-111.886236,33.275654],[-111.886235,33.275617],[-111.886757,33.275609],[-111.886758,33.275647],[-111.886871,33.275645],[-111.886870,33.275606],[-111.887382,33.275598],[-111.887383,33.275642],[-111.887497,33.275640],[-111.887485,33.275087],[-111.887530,33.275087],[-111.88753,33.275044],[-111.887565,33.275044],[-111.887819,33.275040],[-111.887811,33.274624],[-111.887747,33.274625],[-111.887618,33.274627],[-111.887616,33.274576],[-111.887554,33.274577],[-111.887548,33.274257],[-111.887510,33.274258],[-111.887509,33.274188],[-111.887200,33.274193],[-111.887205,33.274407],[-111.887066,33.274409],[-111.887062,33.274194]]]}},{"type":"Feature","properties":{"id":"00300959969","t":"building","op":"H5","nm":"H5 Phoenix","st":"AZ","co":"Maricopa County","sqft":50925,"lat":33.276911,"lon":-111.885909},"geometry":{"type":"Polygon","coordinates":[[[-111.885851,33.276579],[-111.885497,33.276580],[-111.885497,33.276592],[-111.885497,33.277060],[-111.885806,33.277059],[-111.885805,33.276704],[-111.885871,33.276704],[-111.885873,33.277465],[-111.886050,33.277465],[-111.886189,33.277291],[-111.886188,33.276897],[-111.886284,33.276897],[-111.886284,33.276838],[-111.886183,33.276838],[-111.886183,33.276672],[-111.88628,33.276672],[-111.886279,33.276532],[-111.885851,33.276533],[-111.885851,33.276579]]]}},{"type":"Feature","properties":{"id":"00300959970","t":"building","op":"CyrusOne","nm":"CyrusOne PHX1","st":"AZ","co":"Maricopa County","sqft":137355,"lat":33.270855,"lon":-111.881912},"geometry":{"type":"Polygon","coordinates":[[[-111.880983,33.271080],[-111.880983,33.271158],[-111.882443,33.271158],[-111.882444,33.271060],[-111.882487,33.271060],[-111.882487,33.270973],[-111.882677,33.270973],[-111.882754,33.271139],[-111.882721,33.271150],[-111.882762,33.271240],[-111.883124,33.271123],[-111.882842,33.270516],[-111.882664,33.270574],[-111.882663,33.270714],[-111.882485,33.270713],[-111.882485,33.270628],[-111.882442,33.270628],[-111.882442,33.270533],[-111.880983,33.270532],[-111.880983,33.270633],[-111.880866,33.270633],[-111.880866,33.271080],[-111.880983,33.271080]]]}},{"type":"Feature","properties":{"id":"00300969250","t":"building","op":"Equinix","nm":"Equinix DC13","st":"VA","co":"Loudoun County","sqft":125613,"lat":39.012537,"lon":-77.475393},"geometry":{"type":"Polygon","coordinates":[[[-77.474675,39.013076],[-77.476421,39.012610],[-77.476193,39.012072],[-77.475930,39.012143],[-77.475890,39.012047],[-77.474388,39.012441],[-77.474675,39.013076]]]}},{"type":"Feature","properties":{"id":"00300969614","t":"building","op":"Digital Realty","nm":"Digital Realty Northern Virginia IAD14","st":"VA","co":"Loudoun County","sqft":134503,"lat":39.003336,"lon":-77.487093},"geometry":{"type":"Polygon","coordinates":[[[-77.486589,39.002709],[-77.486155,39.003459],[-77.487597,39.003963],[-77.488031,39.003212],[-77.486589,39.002709]]]}},{"type":"Feature","properties":{"id":"00300969615","t":"building","op":"Amazon Web Services","nm":"Amazon Web Services Building C","st":"VA","co":"Loudoun County","sqft":116698,"lat":39.002752,"lon":-77.485449},"geometry":{"type":"Polygon","coordinates":[[[-77.485040,39.002156],[-77.484606,39.002905],[-77.485857,39.003346],[-77.486290,39.002597],[-77.485040,39.002156]]]}},{"type":"Feature","properties":{"id":"00300969616","t":"building","op":"Digital Realty","nm":"Digital Realty Northern Virginia IAD12","st":"VA","co":"Loudoun County","sqft":180269,"lat":39.002022,"lon":-77.483345},"geometry":{"type":"Polygon","coordinates":[[[-77.482602,39.001309],[-77.482168,39.002059],[-77.484091,39.002737],[-77.484525,39.001987],[-77.483933,39.001778],[-77.482804,39.001380],[-77.482825,39.001344],[-77.482724,39.001308],[-77.482703,39.001344],[-77.482602,39.001309]]]}},{"type":"Feature","properties":{"id":"00300969617","t":"building","op":"Digital Realty","nm":"Digital Realty Building A","st":"VA","co":"Loudoun County","sqft":133113,"lat":39.002755,"lon":-77.481954},"geometry":{"type":"Polygon","coordinates":[[[-77.481533,39.002092],[-77.481057,39.002916],[-77.482402,39.003390],[-77.482857,39.002603],[-77.481779,39.002224],[-77.481800,39.002186],[-77.481533,39.002092]]]}},{"type":"Feature","properties":{"id":"00300969619","t":"building","op":"Digital Realty","nm":"Digital Realty Northern Virginia IAD24","st":"VA","co":"Loudoun County","sqft":114428,"lat":39.004292,"lon":-77.484355},"geometry":{"type":"Polygon","coordinates":[[[-77.484281,39.003774],[-77.483701,39.004157],[-77.483797,39.004245],[-77.483530,39.004421],[-77.484103,39.004949],[-77.484150,39.004919],[-77.485211,39.004217],[-77.48519,39.004197],[-77.485299,39.004125],[-77.485233,39.004064],[-77.485127,39.004134],[-77.484643,39.003688],[-77.484377,39.003863],[-77.484281,39.003774]]]}},{"type":"Feature","properties":{"id":"00300970759","t":"building","op":"Databank","nm":"Databank Ashburn IAD1","st":"VA","co":"Loudoun County","sqft":144740,"lat":39.015549,"lon":-77.482138},"geometry":{"type":"Polygon","coordinates":[[[-77.482063,39.016223],[-77.481823,39.016170],[-77.481841,39.016121],[-77.481703,39.016091],[-77.482135,39.014852],[-77.482247,39.014877],[-77.482326,39.014659],[-77.481966,39.014580],[-77.481970,39.014569],[-77.481870,39.014547],[-77.481852,39.014596],[-77.481847,39.014595],[-77.481719,39.014951],[-77.481748,39.014958],[-77.481724,39.015025],[-77.481711,39.015022],[-77.481582,39.015378],[-77.481596,39.015381],[-77.481572,39.015448],[-77.481560,39.015445],[-77.481431,39.015801],[-77.481445,39.015804],[-77.481420,39.015871],[-77.481393,39.015865],[-77.481264,39.016222],[-77.481293,39.016228],[-77.481280,39.016263],[-77.481717,39.016359],[-77.481722,39.016347],[-77.481996,39.016408],[-77.481992,39.016418],[-77.482039,39.016428],[-77.482508,39.016367],[-77.482596,39.016126],[-77.482569,39.016120],[-77.482894,39.015207],[-77.482922,39.015211],[-77.483046,39.014855],[-77.483019,39.014850],[-77.483031,39.014814],[-77.482597,39.014721],[-77.482519,39.014935],[-77.482623,39.014961],[-77.482164,39.016223],[-77.482070,39.016202],[-77.482063,39.016223]]]}},{"type":"Feature","properties":{"id":"00300970761","t":"building","op":null,"nm":"Golds Gym Ashburn","st":"VA","co":"Loudoun County","sqft":54700,"lat":39.015601,"lon":-77.483271},"geometry":{"type":"Polygon","coordinates":[[[-77.483732,39.014891],[-77.483378,39.014814],[-77.482835,39.016313],[-77.483194,39.016392],[-77.483303,39.016090],[-77.483250,39.016078],[-77.483574,39.015187],[-77.483621,39.015197],[-77.483732,39.014891]]]}},{"type":"Feature","properties":{"id":"00300974499","t":"building","op":"Apple Inc.","nm":"Apple Data Center","st":"AZ","co":"Maricopa County","sqft":1338261,"lat":33.347019,"lon":-111.604056},"geometry":{"type":"Polygon","coordinates":[[[-111.605468,33.349138],[-111.605439,33.346266],[-111.605763,33.346263],[-111.605758,33.345822],[-111.605435,33.345824],[-111.605425,33.344909],[-111.602772,33.344927],[-111.60278,33.345687],[-111.602520,33.345689],[-111.602537,33.347446],[-111.602546,33.348288],[-111.602805,33.348287],[-111.602814,33.349157],[-111.605468,33.349138]]]}},{"type":"Feature","properties":{"id":"00317466755","t":"building","op":"VISA","nm":"VISA","st":"IL","co":"Lake County","sqft":55001,"lat":42.216757,"lon":-87.952847},"geometry":{"type":"Polygon","coordinates":[[[-87.952903,42.216457],[-87.952444,42.216458],[-87.952426,42.216458],[-87.952371,42.216458],[-87.952367,42.217088],[-87.952906,42.217095],[-87.952903,42.216907],[-87.952974,42.216905],[-87.952978,42.216923],[-87.953370,42.216926],[-87.953370,42.216943],[-87.953431,42.216938],[-87.953468,42.216917],[-87.953489,42.216887],[-87.953492,42.216740],[-87.953408,42.216736],[-87.953382,42.216735],[-87.953375,42.216509],[-87.952942,42.216507],[-87.952924,42.216507],[-87.952903,42.216507],[-87.952903,42.216457]]]}},{"type":"Feature","properties":{"id":"00318069356","t":"building","op":"SONM","nm":"John F. Simms Building","st":"NM","co":"Santa Fe County","sqft":31727,"lat":35.672444,"lon":-105.956575},"geometry":{"type":"Polygon","coordinates":[[[-105.956160,35.672588],[-105.956782,35.672721],[-105.956848,35.672526],[-105.956881,35.672429],[-105.956963,35.672451],[-105.957026,35.672281],[-105.956730,35.672206],[-105.956700,35.672290],[-105.956303,35.672195],[-105.956207,35.672455],[-105.956180,35.672448],[-105.956158,35.672512],[-105.956183,35.672520],[-105.956160,35.672588]]]}},{"type":"Feature","properties":{"id":"00319857331","t":"building","op":"Lumen Technologies","nm":"Lumen San Antonio 2","st":"TX","co":"Bexar County","sqft":12722,"lat":29.438279,"lon":-98.506522},"geometry":{"type":"Polygon","coordinates":[[[-98.506308,29.438399],[-98.506702,29.438434],[-98.506734,29.438158],[-98.506341,29.438123],[-98.506308,29.438399]]]}},{"type":"Feature","properties":{"id":"00321385147","t":"building","op":null,"nm":null,"st":"OR","co":"Crook County","sqft":269642,"lat":44.295883,"lon":-120.887261},"geometry":{"type":"Polygon","coordinates":[[[-120.887554,44.297682],[-120.888252,44.297534],[-120.888161,44.297294],[-120.888335,44.297256],[-120.888195,44.296916],[-120.888020,44.296948],[-120.887399,44.295436],[-120.887622,44.295389],[-120.887216,44.294375],[-120.886991,44.294419],[-120.886900,44.294201],[-120.886212,44.294349],[-120.886300,44.294567],[-120.887554,44.297682]]]}},{"type":"Feature","properties":{"id":"00325096144","t":"building","op":null,"nm":"Adobe Data Center","st":"OR","co":"Washington County","sqft":89232,"lat":45.550182,"lon":-122.931812},"geometry":{"type":"Polygon","coordinates":[[[-122.931037,45.550510],[-122.932247,45.550515],[-122.932267,45.550515],[-122.932264,45.550302],[-122.932743,45.550302],[-122.932744,45.550108],[-122.932744,45.549927],[-122.932318,45.549929],[-122.932261,45.549929],[-122.932258,45.549880],[-122.932103,45.549881],[-122.932085,45.549881],[-122.931787,45.549879],[-122.931250,45.549881],[-122.931210,45.549881],[-122.931184,45.549881],[-122.931037,45.549881],[-122.931037,45.550510]]]}},{"type":"Feature","properties":{"id":"00328702378","t":"building","op":null,"nm":"Stack Infrastructure Portland 2 Data Center","st":"OR","co":"Washington County","sqft":215217,"lat":45.547312,"lon":-122.897449},"geometry":{"type":"Polygon","coordinates":[[[-122.897048,45.547053],[-122.895987,45.546913],[-122.895870,45.547324],[-122.895825,45.547327],[-122.895847,45.547414],[-122.895861,45.547468],[-122.895878,45.547495],[-122.895908,45.547517],[-122.895954,45.547534],[-122.895992,45.547540],[-122.897106,45.547687],[-122.897098,45.547725],[-122.897128,45.547729],[-122.897122,45.547752],[-122.897129,45.547753],[-122.897137,45.547754],[-122.897130,45.547783],[-122.897204,45.547794],[-122.897210,45.547769],[-122.897363,45.547790],[-122.897362,45.547815],[-122.897473,45.547830],[-122.897515,45.547874],[-122.897563,45.547879],[-122.897577,45.547820],[-122.897769,45.547843],[-122.897766,45.547869],[-122.897896,45.547887],[-122.897948,45.547939],[-122.898085,45.547879],[-122.898132,45.547697],[-122.898183,45.547703],[-122.898191,45.547674],[-122.898609,45.547727],[-122.898654,45.547733],[-122.898672,45.547662],[-122.898628,45.547657],[-122.898708,45.547371],[-122.898854,45.547389],[-122.898862,45.547358],[-122.898865,45.547358],[-122.898869,45.547251],[-122.898883,45.547251],[-122.898885,45.547161],[-122.898948,45.547161],[-122.898849,45.547053],[-122.898794,45.547074],[-122.898776,45.547054],[-122.898754,45.547033],[-122.898729,45.547014],[-122.898703,45.546996],[-122.898653,45.546970],[-122.898655,45.546867],[-122.898364,45.546866],[-122.898364,45.546830],[-122.898258,45.546828],[-122.898256,45.546861],[-122.897974,45.546857],[-122.897973,45.546822],[-122.897869,45.546820],[-122.897866,45.546853],[-122.897586,45.546848],[-122.897584,45.546813],[-122.897476,45.546811],[-122.897474,45.546844],[-122.897183,45.546839],[-122.897182,45.546868],[-122.897144,45.546884],[-122.897124,45.546896],[-122.897107,45.546910],[-122.897091,45.546924],[-122.897078,45.546941],[-122.897068,45.546958],[-122.897061,45.546975],[-122.897059,45.546986],[-122.897042,45.546987],[-122.897048,45.547053]]]}},{"type":"Feature","properties":{"id":"00328702750","t":"building","op":"Digital Realty","nm":"Digital Realty PDX10 Data Center","st":"OR","co":"Washington County","sqft":68807,"lat":45.547617,"lon":-122.891958},"geometry":{"type":"Polygon","coordinates":[[[-122.891261,45.547929],[-122.891696,45.548016],[-122.891766,45.547844],[-122.892405,45.547972],[-122.892650,45.547371],[-122.891778,45.547196],[-122.891696,45.547396],[-122.891495,45.547355],[-122.891306,45.547818],[-122.891269,45.547810],[-122.891260,45.547830],[-122.891253,45.547849],[-122.891291,45.547857],[-122.891261,45.547929]]]}},{"type":"Feature","properties":{"id":"00328703598","t":"building","op":"Flexential","nm":"Flexential","st":"OR","co":"Washington County","sqft":41245,"lat":45.549821,"lon":-122.890851},"geometry":{"type":"Polygon","coordinates":[[[-122.890961,45.550057],[-122.890932,45.550095],[-122.891213,45.550204],[-122.891403,45.549961],[-122.891384,45.549953],[-122.891419,45.549908],[-122.891355,45.549883],[-122.891364,45.549871],[-122.891188,45.549803],[-122.891235,45.549743],[-122.891119,45.549698],[-122.890982,45.549645],[-122.891026,45.549590],[-122.890678,45.549455],[-122.890666,45.549470],[-122.890603,45.549446],[-122.890568,45.549490],[-122.890554,45.549485],[-122.890270,45.549845],[-122.890546,45.549952],[-122.890500,45.550010],[-122.890596,45.550048],[-122.890676,45.549946],[-122.890961,45.550057]]]}},{"type":"Feature","properties":{"id":"00328703599","t":"building","op":"Flexential","nm":"Flexential Portland - Hillsboro 1","st":"OR","co":"Washington County","sqft":44088,"lat":45.550334,"lon":-122.892202},"geometry":{"type":"Polygon","coordinates":[[[-122.892211,45.550526],[-122.892180,45.550566],[-122.892548,45.550706],[-122.892782,45.550402],[-122.892699,45.550370],[-122.892744,45.550311],[-122.892726,45.550304],[-122.892762,45.550257],[-122.892694,45.550231],[-122.892702,45.550220],[-122.892359,45.550090],[-122.892312,45.550151],[-122.892136,45.550084],[-122.892126,45.550097],[-122.892063,45.550074],[-122.892028,45.550119],[-122.891833,45.550045],[-122.891822,45.550059],[-122.891761,45.550035],[-122.891724,45.550082],[-122.891705,45.550075],[-122.89152,45.550317],[-122.891794,45.550421],[-122.891748,45.550481],[-122.891842,45.550517],[-122.891920,45.550416],[-122.892211,45.550526]]]}},{"type":"Feature","properties":{"id":"00329551673","t":"building","op":"Flexential","nm":"Flexential Louisville - East","st":"KY","co":"Jefferson County","sqft":34794,"lat":38.277198,"lon":-85.507241},"geometry":{"type":"Polygon","coordinates":[[[-85.507061,38.277005],[-85.506741,38.277219],[-85.507101,38.277555],[-85.507738,38.277131],[-85.507472,38.276882],[-85.507463,38.276874],[-85.507448,38.276860],[-85.507411,38.276825],[-85.507306,38.276896],[-85.507324,38.276913],[-85.507357,38.276943],[-85.507297,38.276983],[-85.507295,38.276984],[-85.507152,38.277080],[-85.507146,38.277084],[-85.507146,38.277084],[-85.507061,38.277005]]]}},{"type":"Feature","properties":{"id":"00330276516","t":"building","op":"Flexential","nm":"Flexential Louisville - Downtown","st":"KY","co":"Jefferson County","sqft":36525,"lat":38.242496,"lon":-85.733351},"geometry":{"type":"Polygon","coordinates":[[[-85.733398,38.242101],[-85.732914,38.242334],[-85.733353,38.242900],[-85.733757,38.242705],[-85.733567,38.242461],[-85.733648,38.242422],[-85.733398,38.242101]]]}},{"type":"Feature","properties":{"id":"00334264478","t":"building","op":null,"nm":"Terminal Commerce Building","st":"PA","co":"Philadelphia County","sqft":119659,"lat":39.95981,"lon":-75.160832},"geometry":{"type":"Polygon","coordinates":[[[-75.161823,39.959609],[-75.159961,39.959393],[-75.159917,39.959605],[-75.159882,39.959774],[-75.159843,39.959964],[-75.160122,39.960044],[-75.161686,39.960230],[-75.161823,39.959609]]]}},{"type":"Feature","properties":{"id":"00335468616","t":"building","op":null,"nm":"TierPoint","st":"WA","co":"Spokane County","sqft":14435,"lat":47.671917,"lon":-117.095935},"geometry":{"type":"Polygon","coordinates":[[[-117.096177,47.672080],[-117.096172,47.671745],[-117.095771,47.671748],[-117.095686,47.671800],[-117.095691,47.672084],[-117.096177,47.672080]]]}},{"type":"Feature","properties":{"id":"00336387583","t":"building","op":null,"nm":"Baltimore Technology Park","st":"MD","co":"Baltimore city","sqft":30131,"lat":39.275384,"lon":-76.625527},"geometry":{"type":"Polygon","coordinates":[[[-76.625435,39.275023],[-76.625171,39.275593],[-76.625615,39.275717],[-76.62571,39.275616],[-76.625848,39.275317],[-76.625819,39.275309],[-76.625836,39.275270],[-76.625773,39.275221],[-76.625698,39.275088],[-76.625438,39.275016],[-76.625435,39.275023]]]}},{"type":"Feature","properties":{"id":"00337126739","t":"building","op":"Sabey","nm":"Intergate Seattle West Building C","st":"WA","co":"King County","sqft":19791,"lat":47.494131,"lon":-122.294407},"geometry":{"type":"Polygon","coordinates":[[[-122.294448,47.494465],[-122.294764,47.494365],[-122.294382,47.493819],[-122.294311,47.493841],[-122.294267,47.493780],[-122.294197,47.493802],[-122.294242,47.493863],[-122.294191,47.493880],[-122.294116,47.493904],[-122.294078,47.493852],[-122.294029,47.493867],[-122.294448,47.494465]]]}},{"type":"Feature","properties":{"id":"00337126741","t":"building","op":"Sabey","nm":"Intergate Seattle West Building B","st":"WA","co":"King County","sqft":19140,"lat":47.493076,"lon":-122.293684},"geometry":{"type":"Polygon","coordinates":[[[-122.294035,47.493307],[-122.293660,47.492757],[-122.293449,47.492825],[-122.293331,47.492863],[-122.293662,47.493337],[-122.293727,47.493315],[-122.293778,47.493391],[-122.293837,47.493372],[-122.294035,47.493307]]]}},{"type":"Feature","properties":{"id":"00337126742","t":"building","op":"Sabey","nm":"Intergate Seattle West Building A","st":"WA","co":"King County","sqft":38547,"lat":47.492148,"lon":-122.29332},"geometry":{"type":"Polygon","coordinates":[[[-122.293651,47.492437],[-122.293615,47.492327],[-122.293718,47.492310],[-122.293692,47.492225],[-122.293584,47.492242],[-122.293433,47.491770],[-122.293343,47.491784],[-122.293323,47.491729],[-122.293257,47.491738],[-122.293237,47.491678],[-122.292916,47.491729],[-122.293187,47.492524],[-122.293469,47.492484],[-122.293543,47.492687],[-122.293694,47.492664],[-122.293651,47.492437]]]}},{"type":"Feature","properties":{"id":"00337127817","t":"building","op":null,"nm":"Vantage WA11","st":"WA","co":"Grant County","sqft":147430,"lat":47.250165,"lon":-119.81449},"geometry":{"type":"Polygon","coordinates":[[[-119.814771,47.251010],[-119.815596,47.250599],[-119.814209,47.249318],[-119.813384,47.249729],[-119.814771,47.251010]]]}},{"type":"Feature","properties":{"id":"00337127824","t":"building","op":"NTT","nm":"NTT Data Quincy","st":"WA","co":"Grant County","sqft":99760,"lat":47.243588,"lon":-119.865712},"geometry":{"type":"Polygon","coordinates":[[[-119.866448,47.244103],[-119.866450,47.243798],[-119.866144,47.243797],[-119.866145,47.243461],[-119.866223,47.243461],[-119.866223,47.243325],[-119.866128,47.243325],[-119.866129,47.243057],[-119.865337,47.243056],[-119.865337,47.243153],[-119.865048,47.243152],[-119.865046,47.243714],[-119.865352,47.243715],[-119.865350,47.244101],[-119.866448,47.244103]]]}},{"type":"Feature","properties":{"id":"00337127832","t":"building","op":null,"nm":null,"st":"WA","co":"Grant County","sqft":44365,"lat":47.238819,"lon":-119.859359},"geometry":{"type":"Polygon","coordinates":[[[-119.859855,47.239064],[-119.859852,47.238569],[-119.858862,47.238572],[-119.858866,47.239067],[-119.859855,47.239064]]]}},{"type":"Feature","properties":{"id":"00337127833","t":"building","op":null,"nm":null,"st":"WA","co":"Grant County","sqft":32106,"lat":47.238262,"lon":-119.859366},"geometry":{"type":"Polygon","coordinates":[[[-119.858867,47.238439],[-119.859864,47.238440],[-119.859864,47.238084],[-119.858868,47.238084],[-119.858867,47.238439]]]}},{"type":"Feature","properties":{"id":"00342664739","t":"building","op":null,"nm":"Geneseo Communications Inc","st":"IA","co":"Scott County","sqft":53983,"lat":41.550269,"lon":-90.482409},"geometry":{"type":"Polygon","coordinates":[[[-90.482893,41.550550],[-90.482903,41.549997],[-90.481924,41.549987],[-90.481915,41.550541],[-90.482893,41.550550]]]}},{"type":"Feature","properties":{"id":"00343593591","t":"building","op":null,"nm":null,"st":"IL","co":"DuPage County","sqft":14550,"lat":41.905355,"lon":-88.219514},"geometry":{"type":"Polygon","coordinates":[[[-88.219724,41.905528],[-88.219716,41.905151],[-88.219570,41.905151],[-88.219570,41.905201],[-88.219297,41.905197],[-88.219287,41.905522],[-88.219724,41.905528]]]}},{"type":"Feature","properties":{"id":"00345650474","t":"building","op":null,"nm":null,"st":"NJ","co":"Middlesex County","sqft":61263,"lat":40.552819,"lon":-74.456676},"geometry":{"type":"Polygon","coordinates":[[[-74.455943,40.553265],[-74.456019,40.553239],[-74.456044,40.553281],[-74.456138,40.553249],[-74.456111,40.553202],[-74.456605,40.553035],[-74.456631,40.553079],[-74.456740,40.553042],[-74.456720,40.553010],[-74.457274,40.552822],[-74.457299,40.552865],[-74.457400,40.552831],[-74.457373,40.552785],[-74.457474,40.552751],[-74.457266,40.552397],[-74.455901,40.552861],[-74.456061,40.553134],[-74.455899,40.553189],[-74.455943,40.553265]]]}},{"type":"Feature","properties":{"id":"00349925359","t":"building","op":"Verizon Wireless","nm":null,"st":"IN","co":"Hancock County","sqft":21005,"lat":39.717184,"lon":-85.94133},"geometry":{"type":"Polygon","coordinates":[[[-85.941113,39.716938],[-85.941105,39.717453],[-85.941338,39.717456],[-85.941340,39.717323],[-85.941556,39.717325],[-85.941557,39.717284],[-85.941647,39.717285],[-85.941648,39.717174],[-85.941715,39.717174],[-85.941716,39.717118],[-85.941647,39.717118],[-85.941464,39.717116],[-85.941466,39.716941],[-85.941357,39.716940],[-85.941303,39.716939],[-85.941113,39.716938]]]}},{"type":"Feature","properties":{"id":"00354590432","t":"building","op":null,"nm":null,"st":"NJ","co":"Hudson County","sqft":34462,"lat":40.784739,"lon":-74.064358},"geometry":{"type":"Polygon","coordinates":[[[-74.064384,40.785159],[-74.064693,40.784534],[-74.064743,40.784432],[-74.064346,40.784310],[-74.064314,40.784373],[-74.063965,40.785042],[-74.064384,40.785159]]]}},{"type":"Feature","properties":{"id":"00355926681","t":"building","op":"Flexential","nm":"Flexential Salt Lake City - South Valley","st":"UT","co":"Salt Lake County","sqft":30547,"lat":40.620352,"lon":-111.986047},"geometry":{"type":"Polygon","coordinates":[[[-111.986320,40.620628],[-111.986317,40.620073],[-111.985773,40.620074],[-111.985776,40.620630],[-111.986320,40.620628]]]}},{"type":"Feature","properties":{"id":"00358455179","t":"building","op":"Digital Realty","nm":"Digital Realty Silicon Valley SC1","st":"CA","co":"Santa Clara County","sqft":297948,"lat":37.361687,"lon":-121.943911},"geometry":{"type":"Polygon","coordinates":[[[-121.945109,37.362911],[-121.944640,37.362034],[-121.944582,37.362054],[-121.944041,37.361043],[-121.944084,37.361017],[-121.943618,37.360146],[-121.942942,37.360374],[-121.942966,37.360419],[-121.942847,37.360459],[-121.942949,37.360651],[-121.942886,37.360673],[-121.943402,37.361636],[-121.943304,37.361669],[-121.943158,37.361718],[-121.943348,37.362073],[-121.943591,37.361991],[-121.944122,37.362982],[-121.944176,37.362964],[-121.944265,37.363130],[-121.944381,37.363091],[-121.944410,37.363147],[-121.945109,37.362911]]]}},{"type":"Feature","properties":{"id":"00358946546","t":"building","op":null,"nm":"QES Computers","st":"CA","co":"Alameda County","sqft":941,"lat":37.699475,"lon":-121.903799},"geometry":{"type":"Polygon","coordinates":[[[-121.903905,37.699455],[-121.903694,37.699452],[-121.903693,37.699495],[-121.903904,37.699497],[-121.903905,37.699455]]]}},{"type":"Feature","properties":{"id":"00359930465","t":"building","op":"Equinix","nm":"Equinix SE3 Data Center","st":"WA","co":"King County","sqft":12575,"lat":47.614423,"lon":-122.339743},"geometry":{"type":"Polygon","coordinates":[[[-122.339826,47.614604],[-122.340065,47.614419],[-122.339703,47.614205],[-122.339669,47.614235],[-122.339419,47.614423],[-122.339785,47.614640],[-122.339826,47.614604]]]}},{"type":"Feature","properties":{"id":"00362662493","t":"building","op":"Quality Technology Services","nm":"QTS Piscataway Data Center","st":"NJ","co":"Middlesex County","sqft":343444,"lat":40.556965,"lon":-74.484007},"geometry":{"type":"Polygon","coordinates":[[[-74.484859,40.558629],[-74.485542,40.558283],[-74.485508,40.558244],[-74.485593,40.558201],[-74.485452,40.558041],[-74.485463,40.558035],[-74.485441,40.558010],[-74.485476,40.557992],[-74.484711,40.557115],[-74.484939,40.557000],[-74.484792,40.556831],[-74.484764,40.556846],[-74.484634,40.556698],[-74.484422,40.556805],[-74.483681,40.555957],[-74.483655,40.555927],[-74.483618,40.555946],[-74.483596,40.555921],[-74.483584,40.555927],[-74.483447,40.555771],[-74.483355,40.555818],[-74.483296,40.555751],[-74.483369,40.555714],[-74.483167,40.555485],[-74.483032,40.555553],[-74.482770,40.555256],[-74.482241,40.555525],[-74.482289,40.555580],[-74.482329,40.555559],[-74.482772,40.556062],[-74.482657,40.556120],[-74.483352,40.556909],[-74.483391,40.556889],[-74.484201,40.557809],[-74.484158,40.557831],[-74.484859,40.558629]]]}},{"type":"Feature","properties":{"id":"00363017375","t":"building","op":null,"nm":"AiNET","st":"MD","co":"Prince George's County","sqft":43057,"lat":39.052823,"lon":-76.925908},"geometry":{"type":"Polygon","coordinates":[[[-76.925732,39.052473],[-76.925413,39.052957],[-76.926039,39.053207],[-76.926356,39.052726],[-76.926397,39.052742],[-76.926436,39.052683],[-76.926259,39.052612],[-76.926248,39.052629],[-76.926128,39.052581],[-76.926140,39.052564],[-76.925962,39.052492],[-76.925948,39.052514],[-76.925917,39.052501],[-76.925893,39.052537],[-76.925732,39.052473]]]}},{"type":"Feature","properties":{"id":"00364289073","t":"building","op":"Microsoft","nm":"Microsoft","st":"TX","co":"Bexar County","sqft":258191,"lat":29.478216,"lon":-98.690721},"geometry":{"type":"Polygon","coordinates":[[[-98.689811,29.478283],[-98.689641,29.478517],[-98.690861,29.479186],[-98.691427,29.478403],[-98.691589,29.478492],[-98.691729,29.478299],[-98.691566,29.478210],[-98.691665,29.478074],[-98.691469,29.477967],[-98.691667,29.477693],[-98.691048,29.477353],[-98.690849,29.477627],[-98.690445,29.477406],[-98.690354,29.477531],[-98.690204,29.477449],[-98.690066,29.477640],[-98.690216,29.477722],[-98.689863,29.478211],[-98.689696,29.478120],[-98.689645,29.478192],[-98.689811,29.478283]]]}},{"type":"Feature","properties":{"id":"00364289074","t":"building","op":"Microsoft","nm":"Microsoft San Antonio","st":"TX","co":"Bexar County","sqft":478642,"lat":29.479926,"lon":-98.692608},"geometry":{"type":"Polygon","coordinates":[[[-98.693870,29.479258],[-98.693948,29.479150],[-98.693444,29.478874],[-98.693501,29.478796],[-98.692723,29.478369],[-98.692530,29.478637],[-98.692648,29.478702],[-98.691303,29.480561],[-98.691182,29.480495],[-98.690995,29.480753],[-98.691763,29.481174],[-98.691811,29.481109],[-98.692327,29.481392],[-98.693135,29.480274],[-98.693303,29.480366],[-98.693627,29.479918],[-98.693661,29.479937],[-98.693741,29.479826],[-98.693817,29.479720],[-98.693878,29.479754],[-98.693960,29.479640],[-98.693899,29.479607],[-98.694072,29.479368],[-98.693870,29.479258]]]}},{"type":"Feature","properties":{"id":"00364289077","t":"building","op":"Microsoft","nm":"Microsoft","st":"TX","co":"Bexar County","sqft":194916,"lat":29.481066,"lon":-98.696559},"geometry":{"type":"Polygon","coordinates":[[[-98.696018,29.481389],[-98.697216,29.481728],[-98.697523,29.480907],[-98.697127,29.480795],[-98.697189,29.480629],[-98.696323,29.480384],[-98.696313,29.480411],[-98.696130,29.480359],[-98.696097,29.480448],[-98.696020,29.480426],[-98.695782,29.481064],[-98.695705,29.481042],[-98.695617,29.481276],[-98.695787,29.481324],[-98.695653,29.481682],[-98.695884,29.481747],[-98.696018,29.481389]]]}},{"type":"Feature","properties":{"id":"00365941471","t":"building","op":"Claro","nm":null,"st":"PR","co":"San Juan Municipio","sqft":23137,"lat":18.446827,"lon":-66.051687},"geometry":{"type":"Polygon","coordinates":[[[-66.051449,18.446631],[-66.051438,18.447008],[-66.051924,18.447022],[-66.051936,18.446645],[-66.051449,18.446631]]]}},{"type":"Feature","properties":{"id":"00366049843","t":"building","op":"Lumen Technologies","nm":"Lumen Norristown","st":"PA","co":"Montgomery County","sqft":34224,"lat":40.127058,"lon":-75.408638},"geometry":{"type":"Polygon","coordinates":[[[-75.409221,40.127001],[-75.408767,40.126727],[-75.408568,40.126920],[-75.408455,40.126852],[-75.408096,40.127200],[-75.408436,40.127406],[-75.408792,40.127062],[-75.409017,40.127198],[-75.409221,40.127001]]]}},{"type":"Feature","properties":{"id":"00368724474","t":"building","op":"Equinix","nm":"Equinix DC7","st":"VA","co":"Fairfax County","sqft":79709,"lat":38.909139,"lon":-77.220557},"geometry":{"type":"Polygon","coordinates":[[[-77.220245,38.908639],[-77.220199,38.908808],[-77.220012,38.909498],[-77.220868,38.909639],[-77.221101,38.908779],[-77.220245,38.908639]]]}},{"type":"Feature","properties":{"id":"00368724479","t":"building","op":null,"nm":"Element Critical VA1","st":"VA","co":"Fairfax County","sqft":20483,"lat":38.908368,"lon":-77.219744},"geometry":{"type":"Polygon","coordinates":[[[-77.219913,38.908613],[-77.220027,38.908195],[-77.219574,38.908121],[-77.219461,38.908539],[-77.219913,38.908613]]]}},{"type":"Feature","properties":{"id":"00369452572","t":"building","op":null,"nm":"Pittock Block","st":"OR","co":"Multnomah County","sqft":41556,"lat":45.521544,"lon":-122.680704},"geometry":{"type":"Polygon","coordinates":[[[-122.681218,45.521382],[-122.681012,45.521327],[-122.680702,45.521244],[-122.680474,45.521183],[-122.680189,45.521704],[-122.680933,45.521903],[-122.681218,45.521382]]]}},{"type":"Feature","properties":{"id":"00369728508","t":"building","op":"Oregon Health & Science University","nm":"Data Center","st":"OR","co":"Washington County","sqft":25297,"lat":45.526684,"lon":-122.875504},"geometry":{"type":"Polygon","coordinates":[[[-122.875716,45.526880],[-122.875775,45.526841],[-122.875819,45.526793],[-122.875847,45.526739],[-122.875856,45.526681],[-122.875846,45.526625],[-122.875817,45.526571],[-122.875771,45.526523],[-122.875712,45.526484],[-122.875641,45.526456],[-122.875562,45.526440],[-122.875480,45.526437],[-122.875400,45.526447],[-122.875325,45.526470],[-122.875260,45.526505],[-122.875208,45.526549],[-122.875171,45.526601],[-122.875153,45.526656],[-122.875154,45.526714],[-122.875173,45.526769],[-122.875210,45.526820],[-122.875263,45.526864],[-122.875329,45.526898],[-122.875405,45.526920],[-122.875485,45.526930],[-122.875567,45.526926],[-122.875645,45.526909],[-122.875716,45.526880]]]}},{"type":"Feature","properties":{"id":"00373913881","t":"building","op":null,"nm":"Cisco Allen","st":"TX","co":"Collin County","sqft":162023,"lat":33.13598,"lon":-96.660952},"geometry":{"type":"Polygon","coordinates":[[[-96.661483,33.135574],[-96.661484,33.135519],[-96.661331,33.135517],[-96.661331,33.135549],[-96.660828,33.135544],[-96.660829,33.135483],[-96.660179,33.135477],[-96.660166,33.136430],[-96.661748,33.136446],[-96.661751,33.136279],[-96.661816,33.136280],[-96.661817,33.136210],[-96.661751,33.136209],[-96.661760,33.135577],[-96.661483,33.135574]]]}},{"type":"Feature","properties":{"id":"00373945186","t":"building","op":null,"nm":null,"st":"OR","co":"Crook County","sqft":231830,"lat":44.294894,"lon":-120.883998},"geometry":{"type":"Polygon","coordinates":[[[-120.884945,44.296243],[-120.884324,44.294904],[-120.884574,44.294848],[-120.884065,44.293736],[-120.883821,44.293793],[-120.883710,44.293527],[-120.883000,44.293685],[-120.883059,44.293816],[-120.884171,44.296289],[-120.884229,44.296417],[-120.884945,44.296243]]]}},{"type":"Feature","properties":{"id":"00376627431","t":"building","op":"CSS Communications","nm":"CSSNW Bellingham","st":"WA","co":"Whatcom County","sqft":4312,"lat":48.757268,"lon":-122.480548},"geometry":{"type":"Polygon","coordinates":[[[-122.480455,48.757362],[-122.480515,48.757323],[-122.480594,48.757376],[-122.480748,48.757275],[-122.480550,48.757143],[-122.480385,48.757251],[-122.480398,48.757259],[-122.480348,48.757291],[-122.480455,48.757362]]]}},{"type":"Feature","properties":{"id":"00377032058","t":"building","op":"EdgeConneX","nm":"EdgeConneX CHI02","st":"IL","co":"Cook County","sqft":64358,"lat":42.001494,"lon":-87.952563},"geometry":{"type":"Polygon","coordinates":[[[-87.952885,42.002016],[-87.952859,42.000966],[-87.952239,42.000973],[-87.952269,42.002023],[-87.952885,42.002016]]]}},{"type":"Feature","properties":{"id":"00377032061","t":"building","op":"Equinix","nm":"Equinix Chicago CH3","st":"IL","co":"Cook County","sqft":135800,"lat":42.001159,"lon":-87.955213},"geometry":{"type":"Polygon","coordinates":[[[-87.954633,42.001919],[-87.955113,42.001914],[-87.955109,42.001740],[-87.955333,42.001738],[-87.955326,42.001426],[-87.955733,42.001421],[-87.955734,42.001454],[-87.955923,42.001451],[-87.955903,42.000540],[-87.955353,42.000547],[-87.955353,42.000522],[-87.955293,42.000522],[-87.955296,42.000674],[-87.954476,42.000684],[-87.954477,42.000729],[-87.954607,42.000727],[-87.954633,42.001919]]]}},{"type":"Feature","properties":{"id":"00377212693","t":"building","op":"Element Critical","nm":"Element Critical CH2","st":"IL","co":"DuPage County","sqft":44358,"lat":41.974227,"lon":-87.967176},"geometry":{"type":"Polygon","coordinates":[[[-87.967572,41.974513],[-87.967549,41.973931],[-87.966778,41.973942],[-87.966802,41.974522],[-87.967572,41.974513]]]}},{"type":"Feature","properties":{"id":"00377345296","t":"building","op":"Centersquare","nm":"Centersquare Elk Grove Village Data Center Campus ORD2","st":"IL","co":"DuPage County","sqft":198323,"lat":41.99204,"lon":-87.958172},"geometry":{"type":"Polygon","coordinates":[[[-87.958801,41.992903],[-87.958790,41.991269],[-87.957226,41.991275],[-87.957227,41.991481],[-87.957393,41.991480],[-87.957395,41.991731],[-87.957663,41.991731],[-87.957671,41.992907],[-87.958801,41.992903]]]}},{"type":"Feature","properties":{"id":"00377545385","t":"building","op":"Flexential","nm":"Flexential Denver - Englewood","st":"CO","co":"Douglas County","sqft":198772,"lat":39.558971,"lon":-104.837553},"geometry":{"type":"Polygon","coordinates":[[[-104.838883,39.559260],[-104.838882,39.558990],[-104.838882,39.558966],[-104.838921,39.558966],[-104.838921,39.558903],[-104.838883,39.558903],[-104.838885,39.558775],[-104.838909,39.558757],[-104.838890,39.558742],[-104.838915,39.558725],[-104.838871,39.558691],[-104.838821,39.558652],[-104.838802,39.558665],[-104.838794,39.558671],[-104.838778,39.558657],[-104.838755,39.558671],[-104.838741,39.558671],[-104.838724,39.558671],[-104.838704,39.558671],[-104.838181,39.558672],[-104.838181,39.558642],[-104.838171,39.558643],[-104.838156,39.558643],[-104.838158,39.558476],[-104.838102,39.558475],[-104.837761,39.558474],[-104.837698,39.558474],[-104.837698,39.558480],[-104.837697,39.558638],[-104.837687,39.558638],[-104.837672,39.558639],[-104.837673,39.558671],[-104.837322,39.558670],[-104.837322,39.558641],[-104.837311,39.558641],[-104.837298,39.558641],[-104.837295,39.558518],[-104.83728,39.558519],[-104.837279,39.558505],[-104.837238,39.558504],[-104.837237,39.558519],[-104.836870,39.558520],[-104.836870,39.558504],[-104.836829,39.558505],[-104.836829,39.558519],[-104.836815,39.558520],[-104.836815,39.558670],[-104.836806,39.558670],[-104.836256,39.558668],[-104.83619,39.558668],[-104.836190,39.559055],[-104.836191,39.559155],[-104.836340,39.559155],[-104.836338,39.559256],[-104.836800,39.559257],[-104.836815,39.559257],[-104.836811,39.559423],[-104.837291,39.559425],[-104.837293,39.559257],[-104.837306,39.559257],[-104.837669,39.559259],[-104.837670,39.559292],[-104.837685,39.559293],[-104.837697,39.559293],[-104.837696,39.559512],[-104.838155,39.559513],[-104.838154,39.559260],[-104.838168,39.559260],[-104.838745,39.559260],[-104.838883,39.559260]]]}},{"type":"Feature","properties":{"id":"00377585075","t":"building","op":"EdgeConneX","nm":"EdgeConneX Detroit DET01","st":"MI","co":"Oakland County","sqft":40574,"lat":42.447697,"lon":-83.262667},"geometry":{"type":"Polygon","coordinates":[[[-83.263088,42.447445],[-83.262756,42.447267],[-83.262142,42.447892],[-83.262476,42.448071],[-83.262498,42.448048],[-83.26253,42.448065],[-83.262550,42.448045],[-83.262580,42.448061],[-83.262623,42.448016],[-83.262684,42.448049],[-83.263125,42.447600],[-83.263061,42.447566],[-83.263106,42.447521],[-83.263077,42.447506],[-83.263100,42.447483],[-83.263067,42.447466],[-83.263088,42.447445]]]}},{"type":"Feature","properties":{"id":"00379195054","t":"building","op":"Lumen Technologies","nm":"Lumen Austin 3","st":"TX","co":"Travis County","sqft":5068,"lat":30.261396,"lon":-97.723597},"geometry":{"type":"Polygon","coordinates":[[[-97.723501,30.261279],[-97.723498,30.261277],[-97.723432,30.261421],[-97.723697,30.261514],[-97.723763,30.261370],[-97.723501,30.261279]]]}},{"type":"Feature","properties":{"id":"00379199519","t":"building","op":"Alpheus","nm":"Alpheus DataCenter","st":"TX","co":"Travis County","sqft":36089,"lat":30.261043,"lon":-97.722102},"geometry":{"type":"Polygon","coordinates":[[[-97.721763,30.261272],[-97.722164,30.261406],[-97.722206,30.261316],[-97.722245,30.261328],[-97.722481,30.260819],[-97.721979,30.260699],[-97.721765,30.261162],[-97.721802,30.261174],[-97.721795,30.261189],[-97.721795,30.261199],[-97.721763,30.261272]]]}},{"type":"Feature","properties":{"id":"00379204279","t":"building","op":null,"nm":"Digital Realty Austin AUS11","st":"TX","co":"Travis County","sqft":79985,"lat":30.212176,"lon":-97.695781},"geometry":{"type":"Polygon","coordinates":[[[-97.695161,30.212712],[-97.695155,30.212715],[-97.695184,30.212752],[-97.695217,30.212734],[-97.695231,30.212751],[-97.696517,30.211999],[-97.696497,30.211973],[-97.69659,30.211917],[-97.696362,30.211623],[-97.696392,30.211605],[-97.696362,30.211566],[-97.696333,30.211583],[-97.696313,30.211558],[-97.69627,30.211583],[-97.696308,30.211633],[-97.696060,30.211779],[-97.696036,30.211748],[-97.695978,30.211782],[-97.696001,30.211812],[-97.695748,30.211959],[-97.69575,30.211962],[-97.695726,30.211976],[-97.695682,30.211920],[-97.695555,30.211995],[-97.695597,30.212050],[-97.695579,30.212060],[-97.695576,30.212058],[-97.695319,30.212208],[-97.695295,30.212177],[-97.695239,30.212210],[-97.695265,30.212244],[-97.695016,30.212389],[-97.694985,30.212348],[-97.694941,30.212378],[-97.694952,30.212392],[-97.694921,30.212410],[-97.69495,30.212448],[-97.694983,30.212428],[-97.69519,30.212695],[-97.695161,30.212712]]]}},{"type":"Feature","properties":{"id":"00379204643","t":"building","op":null,"nm":"LightEdge Austin II","st":"TX","co":"Travis County","sqft":86445,"lat":30.200676,"lon":-97.707044},"geometry":{"type":"Polygon","coordinates":[[[-97.70642,30.200875],[-97.706376,30.200917],[-97.706382,30.200920],[-97.706318,30.200979],[-97.706733,30.201322],[-97.707774,30.200371],[-97.707658,30.200275],[-97.707362,30.200030],[-97.707301,30.200087],[-97.707295,30.200083],[-97.707177,30.200190],[-97.707184,30.200197],[-97.706945,30.200414],[-97.706938,30.200409],[-97.706497,30.200811],[-97.706494,30.200809],[-97.70642,30.200875]]]}},{"type":"Feature","properties":{"id":"00379204766","t":"building","op":null,"nm":"CyrusOne Austin Data Center II","st":"TX","co":"Travis County","sqft":77356,"lat":30.20593,"lon":-97.697965},"geometry":{"type":"Polygon","coordinates":[[[-97.697405,30.206299],[-97.697406,30.206304],[-97.697442,30.206297],[-97.697448,30.206327],[-97.697557,30.206309],[-97.697551,30.206283],[-97.697936,30.206217],[-97.697942,30.206242],[-97.698094,30.206215],[-97.698088,30.206191],[-97.698473,30.206124],[-97.698478,30.206149],[-97.698586,30.206131],[-97.698580,30.206103],[-97.698594,30.206101],[-97.698593,30.206096],[-97.698615,30.206093],[-97.698594,30.206000],[-97.698576,30.206004],[-97.698493,30.205639],[-97.698516,30.205635],[-97.698494,30.205539],[-97.698459,30.205546],[-97.698452,30.205513],[-97.698344,30.205532],[-97.698356,30.205581],[-97.697430,30.205739],[-97.697420,30.205693],[-97.697308,30.205711],[-97.697315,30.205742],[-97.697285,30.205747],[-97.697306,30.205843],[-97.697363,30.205832],[-97.697446,30.206198],[-97.697385,30.206209],[-97.697405,30.206299]]]}},{"type":"Feature","properties":{"id":"00379205427","t":"building","op":null,"nm":"Data Foundry Austin 1 Data Center","st":"TX","co":"Travis County","sqft":50461,"lat":30.215504,"lon":-97.696074},"geometry":{"type":"Polygon","coordinates":[[[-97.695429,30.215529],[-97.695408,30.215535],[-97.695547,30.215858],[-97.69674,30.215472],[-97.696601,30.215148],[-97.695429,30.215529]]]}},{"type":"Feature","properties":{"id":"00380282154","t":"building","op":null,"nm":"VISA Data Center","st":"VA","co":"Loudoun County","sqft":349987,"lat":39.048728,"lon":-77.445416},"geometry":{"type":"Polygon","coordinates":[[[-77.446770,39.049443],[-77.447039,39.048436],[-77.446017,39.048271],[-77.446041,39.048180],[-77.445269,39.048056],[-77.445242,39.048159],[-77.444115,39.047977],[-77.444028,39.048302],[-77.443844,39.048272],[-77.443755,39.048606],[-77.443947,39.048637],[-77.443857,39.048974],[-77.445017,39.049160],[-77.444940,39.049450],[-77.445584,39.049553],[-77.445661,39.049265],[-77.446770,39.049443]]]}},{"type":"Feature","properties":{"id":"00382785871","t":"building","op":null,"nm":"LightEdge Austin I","st":"TX","co":"Travis County","sqft":30876,"lat":30.214297,"lon":-97.712668},"geometry":{"type":"Polygon","coordinates":[[[-97.712855,30.214562],[-97.712947,30.214602],[-97.713118,30.214309],[-97.712387,30.213991],[-97.712216,30.214285],[-97.712855,30.214562]]]}},{"type":"Feature","properties":{"id":"00383545769","t":"building","op":"Skybox","nm":"Skybox Chicago I","st":"IL","co":"Cook County","sqft":174575,"lat":41.993668,"lon":-87.973519},"geometry":{"type":"Polygon","coordinates":[[[-87.974994,41.993937],[-87.974970,41.993350],[-87.974939,41.993332],[-87.974904,41.993320],[-87.974875,41.993327],[-87.974859,41.993341],[-87.972167,41.993394],[-87.972159,41.993382],[-87.972133,41.993377],[-87.972108,41.993378],[-87.972085,41.993390],[-87.972048,41.993391],[-87.972072,41.994001],[-87.974994,41.993937]]]}},{"type":"Feature","properties":{"id":"00383728972","t":"building","op":"Hurricane Electric","nm":"Hurricane Electric Fremont 1","st":"CA","co":"Alameda County","sqft":33640,"lat":37.489865,"lon":-121.931017},"geometry":{"type":"Polygon","coordinates":[[[-121.931463,37.489883],[-121.931140,37.489546],[-121.931055,37.489595],[-121.931006,37.489623],[-121.930989,37.489610],[-121.930974,37.489598],[-121.930932,37.489565],[-121.930852,37.489627],[-121.930792,37.489675],[-121.930771,37.489692],[-121.930583,37.489840],[-121.930953,37.490222],[-121.931152,37.490101],[-121.931136,37.490084],[-121.931151,37.490075],[-121.931277,37.489997],[-121.931441,37.489897],[-121.931463,37.489883]]]}},{"type":"Feature","properties":{"id":"00383796776","t":"building","op":"Aligned Data Centers","nm":null,"st":"OH","co":"Erie County","sqft":633484,"lat":41.432431,"lon":-82.719028},"geometry":{"type":"Polygon","coordinates":[[[-82.721586,41.432949],[-82.721616,41.432002],[-82.721072,41.431982],[-82.720946,41.431914],[-82.719897,41.431888],[-82.719626,41.431874],[-82.717330,41.431841],[-82.717327,41.431799],[-82.716807,41.431787],[-82.716818,41.431207],[-82.716319,41.431215],[-82.716298,41.431724],[-82.716400,41.431720],[-82.716402,41.431779],[-82.716370,41.432478],[-82.717201,41.432497],[-82.717177,41.433076],[-82.721585,41.433188],[-82.721586,41.432949]]]}},{"type":"Feature","properties":{"id":"00383888101","t":"building","op":null,"nm":"Lumen Austin 1","st":"TX","co":"Travis County","sqft":74722,"lat":30.196499,"lon":-97.7124},"geometry":{"type":"Polygon","coordinates":[[[-97.712882,30.197136],[-97.712950,30.197194],[-97.713222,30.196947],[-97.711854,30.195806],[-97.711583,30.196051],[-97.71163,30.196092],[-97.711603,30.196116],[-97.711636,30.196143],[-97.711662,30.196121],[-97.712882,30.197136]]]}},{"type":"Feature","properties":{"id":"00383888914","t":"building","op":null,"nm":"Data Foundry - Texas 1","st":"TX","co":"Travis County","sqft":137095,"lat":30.198926,"lon":-97.713788},"geometry":{"type":"Polygon","coordinates":[[[-97.714201,30.199629],[-97.714223,30.199647],[-97.714718,30.199192],[-97.713467,30.198166],[-97.713171,30.198437],[-97.713244,30.198497],[-97.713137,30.198594],[-97.713166,30.198619],[-97.71316,30.198626],[-97.713179,30.198642],[-97.713161,30.198659],[-97.713133,30.198635],[-97.713064,30.198699],[-97.713104,30.198732],[-97.712959,30.198865],[-97.712941,30.198852],[-97.712849,30.198938],[-97.712896,30.198975],[-97.712906,30.198965],[-97.713152,30.199168],[-97.713346,30.198990],[-97.713853,30.199405],[-97.713889,30.199373],[-97.714201,30.199629]]]}},{"type":"Feature","properties":{"id":"00384310259","t":"building","op":"XO","nm":"XO Fremont","st":"CA","co":"Alameda County","sqft":65815,"lat":37.475337,"lon":-121.922113},"geometry":{"type":"Polygon","coordinates":[[[-121.922669,37.475654],[-121.922176,37.474810],[-121.921544,37.475043],[-121.921645,37.475216],[-121.921682,37.475202],[-121.921798,37.475401],[-121.921761,37.475415],[-121.921965,37.475764],[-121.922012,37.475746],[-121.922129,37.475777],[-121.922165,37.475839],[-121.922669,37.475654]]]}},{"type":"Feature","properties":{"id":"00384310269","t":"building","op":"Hurricane Electric","nm":"Hurricane Electric Fremont 2","st":"CA","co":"Alameda County","sqft":181268,"lat":37.471827,"lon":-121.920311},"geometry":{"type":"Polygon","coordinates":[[[-121.921100,37.472405],[-121.920989,37.472209],[-121.921156,37.472150],[-121.921014,37.471897],[-121.920847,37.471956],[-121.920820,37.471908],[-121.920986,37.471849],[-121.920814,37.471544],[-121.920647,37.471603],[-121.920615,37.471545],[-121.920840,37.471465],[-121.920789,37.471374],[-121.920564,37.471454],[-121.920535,37.471404],[-121.920667,37.471357],[-121.920438,37.470949],[-121.919424,37.471309],[-121.919594,37.471611],[-121.919562,37.471623],[-121.919610,37.471713],[-121.919569,37.471779],[-121.919676,37.471826],[-121.919847,37.472129],[-121.919880,37.472117],[-121.920218,37.472718],[-121.921100,37.472405]]]}},{"type":"Feature","properties":{"id":"00384396017","t":"building","op":null,"nm":"Element Critical","st":"TX","co":"Travis County","sqft":61978,"lat":30.3428,"lon":-97.696176},"geometry":{"type":"Polygon","coordinates":[[[-97.696149,30.343045],[-97.696575,30.343250],[-97.696608,30.343200],[-97.696602,30.343197],[-97.696818,30.342857],[-97.696464,30.342687],[-97.696483,30.342658],[-97.696257,30.342551],[-97.696238,30.342580],[-97.695772,30.342357],[-97.695529,30.342750],[-97.696149,30.343045]]]}},{"type":"Feature","properties":{"id":"00384690290","t":"building","op":"Element Critical","nm":"Element Critical CH1","st":"IL","co":"DuPage County","sqft":92076,"lat":41.975762,"lon":-87.964685},"geometry":{"type":"Polygon","coordinates":[[[-87.964251,41.975237],[-87.964270,41.975877],[-87.964246,41.975881],[-87.964251,41.976310],[-87.965107,41.976296],[-87.965107,41.976227],[-87.965133,41.976227],[-87.965117,41.975810],[-87.965053,41.975802],[-87.965042,41.975632],[-87.965136,41.975632],[-87.965133,41.975377],[-87.965104,41.975381],[-87.965096,41.975303],[-87.965037,41.975305],[-87.965026,41.975154],[-87.964809,41.975156],[-87.964809,41.975222],[-87.964251,41.975237]]]}},{"type":"Feature","properties":{"id":"00387208881","t":"building","op":"Tishman","nm":"165 Halsey / Equinix NY1 / Databank EWR1","st":"NJ","co":"Essex County","sqft":89363,"lat":40.736726,"lon":-74.173925},"geometry":{"type":"Polygon","coordinates":[[[-74.173686,40.736168],[-74.173303,40.736899],[-74.173270,40.736901],[-74.173238,40.736963],[-74.173256,40.736971],[-74.173257,40.736986],[-74.173360,40.737023],[-74.173366,40.737012],[-74.173796,40.737167],[-74.174188,40.737292],[-74.174372,40.736926],[-74.174537,40.736405],[-74.173686,40.736168]]]}},{"type":"Feature","properties":{"id":"00387378765","t":"building","op":"Quality Technology Services","nm":"QTS Suwanee Data Center 1","st":"GA","co":"Gwinnett County","sqft":310488,"lat":34.03539,"lon":-84.061075},"geometry":{"type":"Polygon","coordinates":[[[-84.059828,34.036411],[-84.060837,34.035938],[-84.060853,34.035961],[-84.061860,34.035489],[-84.061877,34.035514],[-84.062882,34.035043],[-84.062429,34.034379],[-84.061144,34.034982],[-84.061064,34.034865],[-84.059329,34.035679],[-84.059828,34.036411]]]}},{"type":"Feature","properties":{"id":"00387379196","t":"building","op":"Quality Technology Services","nm":"QTS Suwanee Data Center 2","st":"GA","co":"Gwinnett County","sqft":360379,"lat":34.037099,"lon":-84.057703},"geometry":{"type":"Polygon","coordinates":[[[-84.056021,34.037319],[-84.056602,34.038142],[-84.057084,34.037908],[-84.057156,34.038010],[-84.057321,34.037930],[-84.057333,34.037948],[-84.058469,34.037397],[-84.058394,34.037291],[-84.05937,34.036817],[-84.058779,34.035982],[-84.056021,34.037319]]]}},{"type":"Feature","properties":{"id":"00388148510","t":"building","op":null,"nm":"TierPoint Little Rock","st":"AR","co":"Pulaski County","sqft":31845,"lat":34.756236,"lon":-92.444724},"geometry":{"type":"Polygon","coordinates":[[[-92.444548,34.755916],[-92.444323,34.756319],[-92.444569,34.756412],[-92.444554,34.756438],[-92.444883,34.756562],[-92.445123,34.756132],[-92.444548,34.755916]]]}},{"type":"Feature","properties":{"id":"00390287635","t":"building","op":"Equinix","nm":"Equinix SV6","st":"CA","co":"Santa Clara County","sqft":21678,"lat":37.399602,"lon":-122.014563},"geometry":{"type":"Polygon","coordinates":[[[-122.014696,37.399898],[-122.014864,37.399419],[-122.014750,37.399394],[-122.014735,37.399438],[-122.014355,37.399354],[-122.014252,37.399648],[-122.014394,37.399679],[-122.014379,37.399722],[-122.014451,37.399737],[-122.014432,37.399791],[-122.014430,37.399809],[-122.014437,37.399818],[-122.014530,37.399839],[-122.014523,37.399860],[-122.014696,37.399898]]]}},{"type":"Feature","properties":{"id":"00392324240","t":"building","op":"Flexential","nm":"Flexential Atlanta - Norcross","st":"GA","co":"Gwinnett County","sqft":32309,"lat":33.954769,"lon":-84.198562},"geometry":{"type":"Polygon","coordinates":[[[-84.198913,33.954859],[-84.198885,33.954831],[-84.198913,33.954812],[-84.198888,33.954787],[-84.198918,33.954766],[-84.198892,33.954740],[-84.198923,33.954719],[-84.198611,33.954407],[-84.198468,33.954506],[-84.198502,33.954540],[-84.198300,33.954679],[-84.198266,33.954645],[-84.198126,33.954741],[-84.198441,33.955056],[-84.198471,33.955035],[-84.198499,33.955062],[-84.198528,33.955042],[-84.198552,33.955067],[-84.198581,33.955047],[-84.198605,33.955071],[-84.198913,33.954859]]]}},{"type":"Feature","properties":{"id":"00396296733","t":"building","op":"Centersquare","nm":"Centersquare Lynnwood SE1","st":"WA","co":"Snohomish County","sqft":104460,"lat":47.841811,"lon":-122.30169},"geometry":{"type":"Polygon","coordinates":[[[-122.302247,47.841282],[-122.301701,47.841282],[-122.301685,47.841233],[-122.301655,47.841237],[-122.301633,47.841245],[-122.301623,47.841262],[-122.301626,47.841282],[-122.301083,47.841280],[-122.301085,47.841394],[-122.301188,47.841393],[-122.301188,47.841522],[-122.301088,47.841522],[-122.301085,47.841625],[-122.301188,47.841627],[-122.301189,47.841847],[-122.301088,47.841845],[-122.301087,47.841951],[-122.301189,47.841951],[-122.301189,47.842205],[-122.301088,47.842207],[-122.301088,47.842308],[-122.30119,47.842307],[-122.301190,47.842329],[-122.301346,47.842330],[-122.301347,47.842381],[-122.301501,47.842380],[-122.301502,47.842330],[-122.301582,47.842331],[-122.301581,47.842382],[-122.301785,47.842384],[-122.301788,47.842332],[-122.302229,47.842334],[-122.302247,47.841282]]]}},{"type":"Feature","properties":{"id":"00397914434","t":"building","op":"Apple","nm":null,"st":"OR","co":"Crook County","sqft":9228,"lat":44.289416,"lon":-120.875077},"geometry":{"type":"Polygon","coordinates":[[[-120.875419,44.289484],[-120.875417,44.289342],[-120.874735,44.289347],[-120.874737,44.289488],[-120.875419,44.289484]]]}},{"type":"Feature","properties":{"id":"00400540223","t":"building","op":"Walmart","nm":"Walmart Colorado Data Center","st":"CO","co":"El Paso County","sqft":219542,"lat":38.985746,"lon":-104.78727},"geometry":{"type":"Polygon","coordinates":[[[-104.787393,38.986603],[-104.787449,38.986538],[-104.787721,38.986219],[-104.787771,38.986160],[-104.788045,38.985837],[-104.788100,38.985772],[-104.788416,38.985401],[-104.788213,38.985297],[-104.788265,38.985236],[-104.787984,38.985091],[-104.787875,38.985218],[-104.787178,38.984861],[-104.78611,38.986119],[-104.786809,38.986478],[-104.786824,38.986459],[-104.786912,38.986356],[-104.787393,38.986603]]]}},{"type":"Feature","properties":{"id":"00405034574","t":"building","op":null,"nm":"Verizon","st":"NE","co":"Douglas County","sqft":11836,"lat":41.338321,"lon":-96.027774},"geometry":{"type":"Polygon","coordinates":[[[-96.027990,41.338116],[-96.027531,41.338250],[-96.027628,41.338437],[-96.027565,41.338455],[-96.027601,41.338524],[-96.027624,41.338569],[-96.027795,41.338520],[-96.027781,41.338494],[-96.027845,41.338475],[-96.027784,41.338359],[-96.028073,41.338274],[-96.027990,41.338116]]]}},{"type":"Feature","properties":{"id":"00405034584","t":"building","op":null,"nm":"Verizon","st":"NE","co":"Douglas County","sqft":87375,"lat":41.338436,"lon":-96.028614},"geometry":{"type":"Polygon","coordinates":[[[-96.029451,41.338505],[-96.029199,41.338024],[-96.02912,41.338047],[-96.029082,41.337976],[-96.029030,41.337991],[-96.028933,41.338020],[-96.028073,41.338274],[-96.027784,41.338359],[-96.027845,41.338475],[-96.027884,41.338552],[-96.028076,41.338912],[-96.029451,41.338505]]]}},{"type":"Feature","properties":{"id":"00408012357","t":"building","op":"Alabama Supercomputer Authority","nm":"George C. Wallace Alabama Supercomputer Center","st":"AL","co":"Madison County","sqft":14919,"lat":34.736541,"lon":-86.673099},"geometry":{"type":"Polygon","coordinates":[[[-86.672815,34.736616],[-86.673079,34.736785],[-86.673289,34.736563],[-86.673299,34.736569],[-86.673387,34.736476],[-86.673102,34.736294],[-86.673015,34.736387],[-86.673026,34.736394],[-86.672815,34.736616]]]}},{"type":"Feature","properties":{"id":"00409296605","t":"building","op":"Digital Realty","nm":"Digital Realty Chicago ORD12","st":"IL","co":"Cook County","sqft":90165,"lat":41.928378,"lon":-87.859236},"geometry":{"type":"Polygon","coordinates":[[[-87.859907,41.928695],[-87.859947,41.928694],[-87.859921,41.928075],[-87.859117,41.928094],[-87.859052,41.927974],[-87.858561,41.927985],[-87.858587,41.928650],[-87.858742,41.928646],[-87.858745,41.928725],[-87.858807,41.928724],[-87.858808,41.928736],[-87.859907,41.928711],[-87.859907,41.928695]]]}},{"type":"Feature","properties":{"id":"00410408067","t":"building","op":null,"nm":null,"st":"WA","co":"Grant County","sqft":36918,"lat":47.237633,"lon":-119.864487},"geometry":{"type":"Polygon","coordinates":[[[-119.866383,47.237605],[-119.866373,47.237500],[-119.863056,47.237642],[-119.863046,47.237531],[-119.862869,47.237539],[-119.862897,47.237838],[-119.863086,47.237829],[-119.863078,47.237748],[-119.866383,47.237605]]]}},{"type":"Feature","properties":{"id":"00410408073","t":"building","op":"Microsoft","nm":"Microsoft","st":"WA","co":"Grant County","sqft":151246,"lat":47.239479,"lon":-119.882998},"geometry":{"type":"Polygon","coordinates":[[[-119.881416,47.239760],[-119.882814,47.239759],[-119.882813,47.239606],[-119.883209,47.239605],[-119.883210,47.239758],[-119.884603,47.239757],[-119.884602,47.239207],[-119.883193,47.239207],[-119.883193,47.239360],[-119.882893,47.239361],[-119.882892,47.239194],[-119.881415,47.239195],[-119.881416,47.239760]]]}},{"type":"Feature","properties":{"id":"00410408074","t":"building","op":"Microsoft","nm":"Microsoft","st":"WA","co":"Grant County","sqft":147922,"lat":47.238575,"lon":-119.883084},"geometry":{"type":"Polygon","coordinates":[[[-119.882797,47.238852],[-119.882797,47.238652],[-119.883164,47.238652],[-119.883165,47.238842],[-119.884697,47.238841],[-119.884705,47.238305],[-119.883149,47.238297],[-119.883149,47.238481],[-119.882843,47.238481],[-119.882843,47.238310],[-119.881454,47.238311],[-119.881455,47.238853],[-119.882797,47.238852]]]}},{"type":"Feature","properties":{"id":"00410408079","t":"building","op":null,"nm":null,"st":"WA","co":"Grant County","sqft":46835,"lat":47.239488,"lon":-119.859406},"geometry":{"type":"Polygon","coordinates":[[[-119.859909,47.239745],[-119.859916,47.239235],[-119.858902,47.239229],[-119.858895,47.239739],[-119.859909,47.239745]]]}},{"type":"Feature","properties":{"id":"00414055239","t":"building","op":null,"nm":null,"st":"WY","co":"Laramie County","sqft":140780,"lat":41.126231,"lon":-104.901876},"geometry":{"type":"Polygon","coordinates":[[[-104.900768,41.126533],[-104.902417,41.126528],[-104.902418,41.126684],[-104.902729,41.126683],[-104.902728,41.126515],[-104.902940,41.126515],[-104.902937,41.125902],[-104.900765,41.125908],[-104.900768,41.126533]]]}},{"type":"Feature","properties":{"id":"00417682780","t":"building","op":null,"nm":"KOMO Plaza East","st":"WA","co":"King County","sqft":45743,"lat":47.619325,"lon":-122.348153},"geometry":{"type":"Polygon","coordinates":[[[-122.348659,47.619651],[-122.348659,47.619645],[-122.348699,47.619642],[-122.348734,47.619629],[-122.348762,47.619610],[-122.348780,47.619586],[-122.348785,47.619560],[-122.348778,47.619533],[-122.348759,47.619510],[-122.348730,47.619491],[-122.348730,47.619461],[-122.348725,47.619431],[-122.348716,47.619402],[-122.348704,47.619374],[-122.348362,47.619371],[-122.348358,47.619341],[-122.348350,47.619311],[-122.348339,47.619282],[-122.348325,47.619253],[-122.348307,47.619225],[-122.348257,47.619225],[-122.348257,47.618953],[-122.348215,47.618945],[-122.348160,47.618938],[-122.348112,47.618936],[-122.348113,47.618852],[-122.348053,47.618852],[-122.348053,47.618839],[-122.348005,47.618826],[-122.347952,47.618818],[-122.347902,47.618814],[-122.347859,47.618813],[-122.347859,47.618850],[-122.347796,47.618850],[-122.347789,47.619643],[-122.348232,47.619646],[-122.348659,47.619651]]]}},{"type":"Feature","properties":{"id":"00417682781","t":"building","op":null,"nm":"KOMO Plaza West","st":"WA","co":"King County","sqft":20239,"lat":47.61892,"lon":-122.348596},"geometry":{"type":"Polygon","coordinates":[[[-122.348305,47.618667],[-122.348305,47.618714],[-122.348237,47.618713],[-122.348236,47.618737],[-122.348243,47.618774],[-122.348255,47.618801],[-122.348299,47.618802],[-122.348301,47.618840],[-122.348425,47.618840],[-122.348434,47.618876],[-122.348454,47.618918],[-122.348489,47.618918],[-122.348484,47.619217],[-122.348544,47.619218],[-122.348543,47.619261],[-122.348578,47.619262],[-122.348660,47.619253],[-122.348732,47.619236],[-122.348733,47.619221],[-122.348808,47.619205],[-122.348815,47.618744],[-122.348782,47.618743],[-122.348781,47.618729],[-122.348772,47.618711],[-122.348749,47.618693],[-122.348723,47.618684],[-122.348696,47.618680],[-122.348696,47.618658],[-122.348375,47.618657],[-122.348375,47.618667],[-122.348305,47.618667]]]}},{"type":"Feature","properties":{"id":"00421273622","t":"building","op":"Fidelity","nm":"Fidelity","st":"NE","co":"Sarpy County","sqft":40714,"lat":41.165469,"lon":-96.083388},"geometry":{"type":"Polygon","coordinates":[[[-96.083416,41.165450],[-96.083481,41.165589],[-96.083797,41.165939],[-96.084027,41.165816],[-96.083730,41.165490],[-96.083545,41.165109],[-96.083282,41.165180],[-96.082706,41.165347],[-96.082827,41.165603],[-96.083416,41.165450]]]}},{"type":"Feature","properties":{"id":"00424945736","t":"building","op":"Centurylink","nm":null,"st":"CA","co":"Los Angeles County","sqft":71500,"lat":33.917729,"lon":-118.386313},"geometry":{"type":"Polygon","coordinates":[[[-118.385763,33.917984],[-118.386949,33.917983],[-118.386948,33.917470],[-118.385697,33.917471],[-118.385697,33.917583],[-118.385762,33.917583],[-118.385762,33.917742],[-118.385497,33.917742],[-118.385497,33.917864],[-118.385763,33.917864],[-118.385763,33.917984]]]}},{"type":"Feature","properties":{"id":"00424945845","t":"building","op":"Serverfarm LLC.","nm":"Serverfarm - LAX1","st":"CA","co":"Los Angeles County","sqft":119102,"lat":33.921742,"lon":-118.386436},"geometry":{"type":"Polygon","coordinates":[[[-118.385739,33.922155],[-118.386942,33.922147],[-118.386940,33.921933],[-118.387013,33.921932],[-118.387183,33.921931],[-118.387178,33.921421],[-118.387073,33.921421],[-118.386934,33.921422],[-118.386933,33.921343],[-118.386933,33.921327],[-118.386235,33.921332],[-118.385838,33.921334],[-118.385841,33.921629],[-118.385734,33.921629],[-118.385739,33.922155]]]}},{"type":"Feature","properties":{"id":"00424945852","t":"building","op":"Digital Realty","nm":"DRT LAX12","st":"CA","co":"Los Angeles County","sqft":113310,"lat":33.915649,"lon":-118.38463},"geometry":{"type":"Polygon","coordinates":[[[-118.384332,33.915943],[-118.384332,33.916108],[-118.385158,33.916107],[-118.385157,33.915944],[-118.385241,33.915944],[-118.385240,33.915237],[-118.384220,33.915238],[-118.384220,33.915209],[-118.383995,33.915210],[-118.383996,33.915789],[-118.384031,33.915789],[-118.384032,33.916009],[-118.384201,33.916009],[-118.384201,33.915944],[-118.384332,33.915943]]]}},{"type":"Feature","properties":{"id":"00426586135","t":"building","op":"Google","nm":"Google - Thornton","st":"CO","co":"Adams County","sqft":86059,"lat":39.922419,"lon":-104.983245},"geometry":{"type":"Polygon","coordinates":[[[-104.984263,39.922254],[-104.984265,39.922125],[-104.982595,39.922111],[-104.982585,39.922755],[-104.982712,39.922756],[-104.982711,39.922815],[-104.983123,39.922818],[-104.983125,39.922715],[-104.983797,39.922720],[-104.983804,39.922293],[-104.984004,39.922295],[-104.984005,39.922252],[-104.984263,39.922254]]]}},{"type":"Feature","properties":{"id":"00428021796","t":"building","op":null,"nm":"DRT LAX10","st":"CA","co":"Los Angeles County","sqft":66979,"lat":34.047326,"lon":-118.257514},"geometry":{"type":"Polygon","coordinates":[[[-118.257695,34.047097],[-118.257679,34.047086],[-118.257667,34.047098],[-118.257666,34.047100],[-118.257647,34.047088],[-118.257649,34.047086],[-118.257506,34.046993],[-118.257504,34.046996],[-118.257481,34.046980],[-118.257482,34.046978],[-118.257303,34.046863],[-118.257302,34.046864],[-118.257265,34.046839],[-118.257211,34.046898],[-118.257147,34.046965],[-118.257092,34.047027],[-118.257095,34.047029],[-118.257089,34.047035],[-118.257094,34.047038],[-118.257085,34.047047],[-118.257081,34.047045],[-118.257077,34.047050],[-118.25708,34.047052],[-118.257073,34.047059],[-118.257069,34.047057],[-118.257065,34.047062],[-118.257068,34.047064],[-118.25706,34.047073],[-118.257056,34.047070],[-118.257041,34.047087],[-118.257045,34.047090],[-118.257032,34.047104],[-118.257024,34.047098],[-118.257001,34.047122],[-118.257009,34.047127],[-118.256996,34.047141],[-118.256993,34.047139],[-118.256977,34.047156],[-118.256981,34.047159],[-118.256972,34.047168],[-118.25697,34.047167],[-118.256967,34.047170],[-118.256969,34.047172],[-118.256962,34.047180],[-118.256959,34.047177],[-118.256954,34.047182],[-118.256957,34.047184],[-118.256949,34.047193],[-118.256943,34.047190],[-118.256922,34.047212],[-118.256926,34.047215],[-118.256919,34.047222],[-118.256915,34.047220],[-118.256908,34.047228],[-118.256912,34.047230],[-118.256903,34.047240],[-118.256899,34.047237],[-118.256893,34.047243],[-118.256897,34.047245],[-118.256883,34.047259],[-118.25688,34.047256],[-118.256867,34.047270],[-118.256882,34.047279],[-118.256883,34.047277],[-118.256888,34.047280],[-118.256891,34.047277],[-118.256903,34.047284],[-118.2569,34.047288],[-118.256906,34.047292],[-118.256909,34.047288],[-118.256921,34.047296],[-118.256918,34.047299],[-118.256924,34.047303],[-118.256927,34.047299],[-118.256939,34.047307],[-118.256936,34.047310],[-118.256964,34.047328],[-118.256967,34.047324],[-118.256979,34.047330],[-118.256976,34.047333],[-118.256982,34.047337],[-118.256984,34.047334],[-118.256994,34.047340],[-118.256991,34.047344],[-118.256995,34.047346],[-118.256999,34.047343],[-118.257010,34.047350],[-118.257006,34.047354],[-118.257027,34.047368],[-118.257021,34.047375],[-118.257062,34.047402],[-118.257069,34.047394],[-118.257089,34.047407],[-118.257093,34.047403],[-118.257105,34.047411],[-118.257101,34.047414],[-118.257105,34.047417],[-118.257108,34.047414],[-118.257119,34.047421],[-118.257116,34.047424],[-118.257120,34.047427],[-118.257123,34.047424],[-118.257134,34.047431],[-118.257131,34.047433],[-118.257135,34.047436],[-118.257133,34.047438],[-118.257155,34.047452],[-118.257158,34.047449],[-118.257174,34.047459],[-118.257171,34.047463],[-118.257177,34.047466],[-118.257180,34.047463],[-118.257196,34.047473],[-118.257192,34.047477],[-118.257211,34.047489],[-118.257212,34.047487],[-118.257228,34.047497],[-118.257227,34.047499],[-118.257231,34.047502],[-118.257234,34.047500],[-118.257249,34.047511],[-118.257248,34.047513],[-118.257268,34.047526],[-118.257270,34.047523],[-118.257284,34.047532],[-118.257282,34.047534],[-118.25729,34.047539],[-118.257292,34.047537],[-118.257305,34.047545],[-118.257303,34.047548],[-118.257311,34.047553],[-118.257312,34.047551],[-118.257327,34.047561],[-118.257326,34.047563],[-118.257345,34.047575],[-118.257347,34.047572],[-118.257363,34.047583],[-118.257360,34.047585],[-118.257366,34.047589],[-118.257368,34.047587],[-118.257384,34.047597],[-118.257382,34.047599],[-118.257401,34.047611],[-118.257404,34.047607],[-118.257419,34.047617],[-118.257417,34.047620],[-118.257423,34.047625],[-118.257426,34.047622],[-118.257442,34.047632],[-118.257439,34.047635],[-118.257465,34.047652],[-118.25747,34.047647],[-118.257481,34.047654],[-118.257478,34.047657],[-118.257483,34.047659],[-118.257485,34.047656],[-118.257495,34.047663],[-118.257493,34.047667],[-118.257498,34.047670],[-118.257501,34.047666],[-118.257511,34.047673],[-118.257507,34.047677],[-118.257528,34.047690],[-118.257521,34.047697],[-118.257562,34.047724],[-118.257569,34.047717],[-118.257587,34.047728],[-118.257588,34.047727],[-118.257591,34.047729],[-118.257594,34.047726],[-118.257606,34.047733],[-118.257602,34.047737],[-118.257607,34.047740],[-118.257609,34.047737],[-118.25762,34.047743],[-118.257617,34.047746],[-118.257621,34.047749],[-118.257624,34.047746],[-118.257634,34.047753],[-118.257632,34.047756],[-118.25766,34.047774],[-118.257662,34.047773],[-118.257673,34.047780],[-118.257669,34.047784],[-118.257675,34.047788],[-118.257679,34.047785],[-118.257691,34.047793],[-118.257688,34.047795],[-118.257694,34.047799],[-118.257697,34.047796],[-118.257708,34.047804],[-118.257706,34.047807],[-118.257712,34.047811],[-118.257711,34.047811],[-118.257724,34.047821],[-118.257792,34.047749],[-118.257790,34.047747],[-118.257796,34.047739],[-118.257792,34.047736],[-118.257824,34.047702],[-118.257828,34.047705],[-118.257831,34.047701],[-118.257833,34.047702],[-118.257843,34.047692],[-118.257841,34.047691],[-118.257845,34.047687],[-118.25784,34.047684],[-118.257851,34.047672],[-118.257865,34.047681],[-118.257888,34.047656],[-118.257875,34.047648],[-118.257888,34.047634],[-118.257891,34.047637],[-118.257894,34.047633],[-118.257897,34.047634],[-118.257907,34.047623],[-118.257904,34.047622],[-118.257908,34.047619],[-118.257904,34.047617],[-118.257943,34.047574],[-118.257951,34.047579],[-118.258007,34.047520],[-118.258013,34.047524],[-118.258077,34.047455],[-118.258068,34.047450],[-118.258072,34.047446],[-118.258075,34.047447],[-118.258087,34.047434],[-118.258085,34.047433],[-118.258114,34.047402],[-118.258116,34.047404],[-118.258129,34.047391],[-118.258124,34.047388],[-118.258153,34.047357],[-118.257718,34.047077],[-118.257698,34.047099],[-118.257695,34.047097]]]}},{"type":"Feature","properties":{"id":"00428021816","t":"building","op":null,"nm":"One Wilshire","st":"CA","co":"Los Angeles County","sqft":43850,"lat":34.047892,"lon":-118.255546},"geometry":{"type":"Polygon","coordinates":[[[-118.255609,34.047452],[-118.255171,34.047928],[-118.255180,34.047933],[-118.255070,34.048052],[-118.255196,34.048132],[-118.255497,34.048322],[-118.255585,34.048226],[-118.255936,34.047845],[-118.255944,34.047836],[-118.256011,34.047764],[-118.255837,34.047654],[-118.255875,34.047612],[-118.255729,34.047520],[-118.255694,34.047557],[-118.255670,34.047542],[-118.255700,34.047510],[-118.255609,34.047452]]]}},{"type":"Feature","properties":{"id":"00429782814","t":"building","op":"University of Florida","nm":"UF Research Computing Center","st":"FL","co":"Alachua County","sqft":36370,"lat":29.672591,"lon":-82.29993},"geometry":{"type":"Polygon","coordinates":[[[-82.299850,29.673017],[-82.300342,29.672354],[-82.300319,29.672340],[-82.300034,29.672177],[-82.300009,29.672163],[-82.299716,29.672561],[-82.299658,29.672639],[-82.299515,29.672826],[-82.299850,29.673017]]]}},{"type":"Feature","properties":{"id":"00435324552","t":"building","op":"CyrusOne","nm":"CyrusOne NVA1, NVA2 & NVA3","st":"VA","co":"Loudoun County","sqft":265601,"lat":39.025947,"lon":-77.414523},"geometry":{"type":"Polygon","coordinates":[[[-77.415025,39.027012],[-77.415053,39.026927],[-77.415014,39.026919],[-77.415193,39.026375],[-77.415232,39.026383],[-77.415271,39.026266],[-77.415230,39.026257],[-77.415242,39.026220],[-77.414957,39.026163],[-77.414998,39.026038],[-77.415177,39.026074],[-77.415316,39.025654],[-77.415258,39.025642],[-77.415268,39.025611],[-77.415150,39.025587],[-77.415316,39.025084],[-77.415002,39.025021],[-77.414992,39.025052],[-77.414517,39.024956],[-77.414546,39.024871],[-77.414153,39.024792],[-77.413982,39.025307],[-77.414011,39.025313],[-77.413850,39.025801],[-77.413969,39.025825],[-77.413962,39.025844],[-77.413921,39.025836],[-77.413905,39.025885],[-77.413944,39.025892],[-77.413920,39.025964],[-77.413954,39.025971],[-77.413948,39.025988],[-77.413872,39.025973],[-77.413622,39.026730],[-77.413640,39.026733],[-77.413631,39.026759],[-77.413815,39.026796],[-77.413824,39.026770],[-77.415025,39.027012]]]}},{"type":"Feature","properties":{"id":"00435518280","t":"building","op":null,"nm":"NAP of the Americas","st":"FL","co":"Miami-Dade County","sqft":122625,"lat":25.782379,"lon":-80.193075},"geometry":{"type":"Polygon","coordinates":[[[-80.192389,25.782793],[-80.192524,25.782789],[-80.192524,25.782766],[-80.193657,25.782733],[-80.193657,25.782740],[-80.193790,25.782736],[-80.193785,25.782606],[-80.193757,25.782606],[-80.193750,25.782422],[-80.193780,25.782421],[-80.193775,25.782295],[-80.193738,25.782296],[-80.193732,25.782118],[-80.193759,25.782117],[-80.193754,25.781983],[-80.192369,25.782023],[-80.192373,25.782140],[-80.192391,25.782139],[-80.192409,25.782648],[-80.192384,25.782649],[-80.192389,25.782793]]]}},{"type":"Feature","properties":{"id":"00435531451","t":"building","op":null,"nm":null,"st":"FL","co":"Miami-Dade County","sqft":15911,"lat":25.797544,"lon":-80.230034},"geometry":{"type":"Polygon","coordinates":[[[-80.229749,25.797435],[-80.229761,25.797674],[-80.230317,25.797652],[-80.230306,25.797414],[-80.229749,25.797435]]]}},{"type":"Feature","properties":{"id":"00435817145","t":"building","op":"CyrusOne","nm":"CyrusOne NVA5","st":"VA","co":"Loudoun County","sqft":506948,"lat":39.024327,"lon":-77.434034},"geometry":{"type":"Polygon","coordinates":[[[-77.433127,39.025037],[-77.433127,39.025323],[-77.433235,39.025323],[-77.433236,39.025038],[-77.433810,39.025038],[-77.43381,39.025179],[-77.434440,39.025179],[-77.434440,39.025090],[-77.434478,39.025090],[-77.434478,39.024961],[-77.43576,39.024962],[-77.435760,39.024852],[-77.435718,39.024852],[-77.435718,39.024499],[-77.435926,39.024499],[-77.435927,39.023619],[-77.435794,39.023619],[-77.435794,39.023741],[-77.434474,39.023740],[-77.434474,39.023669],[-77.434435,39.023669],[-77.434435,39.023529],[-77.433808,39.023529],[-77.433808,39.023668],[-77.433228,39.023668],[-77.433229,39.023388],[-77.433116,39.023388],[-77.433116,39.023666],[-77.432585,39.023666],[-77.432585,39.023515],[-77.432460,39.023515],[-77.432273,39.023515],[-77.432272,39.024560],[-77.432469,39.024560],[-77.432488,39.024560],[-77.432488,39.025037],[-77.433127,39.025037]]]}},{"type":"Feature","properties":{"id":"00438077632","t":"building","op":"Microsoft","nm":"Microsoft","st":"IA","co":"Dallas County","sqft":39146,"lat":41.540616,"lon":-93.824949},"geometry":{"type":"Polygon","coordinates":[[[-93.825736,41.540596],[-93.825732,41.540554],[-93.825716,41.540397],[-93.825403,41.540416],[-93.825417,41.540549],[-93.825287,41.540557],[-93.825271,41.540409],[-93.824759,41.540439],[-93.824774,41.540585],[-93.824637,41.540593],[-93.824578,41.540596],[-93.823937,41.540634],[-93.823957,41.540820],[-93.824477,41.540790],[-93.824462,41.540646],[-93.824551,41.540640],[-93.824554,41.540667],[-93.82468,41.540660],[-93.824677,41.540636],[-93.824767,41.540631],[-93.824782,41.540774],[-93.825304,41.540743],[-93.825289,41.540601],[-93.825425,41.540594],[-93.825439,41.540728],[-93.825748,41.540710],[-93.825736,41.540596]]]}},{"type":"Feature","properties":{"id":"00438078069","t":"building","op":"Meta","nm":"Facebook Altoona Data Center 1","st":"IA","co":"Polk County","sqft":315400,"lat":41.664241,"lon":-93.514728},"geometry":{"type":"Polygon","coordinates":[[[-93.512376,41.664146],[-93.512717,41.664192],[-93.512682,41.664339],[-93.516628,41.664867],[-93.516663,41.664721],[-93.517030,41.664770],[-93.517139,41.664316],[-93.515360,41.664077],[-93.515422,41.663820],[-93.513992,41.663628],[-93.513932,41.663879],[-93.512486,41.663686],[-93.512376,41.664146]]]}},{"type":"Feature","properties":{"id":"00438078070","t":"building","op":"Meta","nm":"Facebook Altoona Data Center 2","st":"IA","co":"Polk County","sqft":307370,"lat":41.665537,"lon":-93.50817},"geometry":{"type":"Polygon","coordinates":[[[-93.510429,41.666168],[-93.508829,41.665497],[-93.508935,41.665356],[-93.507675,41.664827],[-93.507668,41.664824],[-93.507560,41.664968],[-93.506303,41.664442],[-93.505988,41.664861],[-93.506285,41.664985],[-93.506192,41.665110],[-93.509701,41.666581],[-93.509804,41.666444],[-93.510122,41.666577],[-93.510429,41.666168]]]}},{"type":"Feature","properties":{"id":"00441502816","t":"building","op":null,"nm":"Lumen Technologies","st":"CA","co":"Orange County","sqft":85658,"lat":33.716778,"lon":-117.805801},"geometry":{"type":"Polygon","coordinates":[[[-117.805040,33.716681],[-117.806134,33.717294],[-117.806156,33.717267],[-117.806274,33.717333],[-117.806450,33.717115],[-117.806334,33.717050],[-117.806511,33.716832],[-117.805415,33.716218],[-117.805040,33.716681]]]}},{"type":"Feature","properties":{"id":"00444683815","t":"building","op":"Lumen Technologies","nm":"Lumen","st":"WA","co":"Spokane County","sqft":25399,"lat":47.654226,"lon":-117.420003},"geometry":{"type":"Polygon","coordinates":[[[-117.420345,47.654019],[-117.419653,47.654022],[-117.419659,47.654402],[-117.419705,47.654432],[-117.420348,47.654430],[-117.420345,47.654019]]]}},{"type":"Feature","properties":{"id":"00447803368","t":"building","op":null,"nm":null,"st":"WI","co":"Dane County","sqft":9176,"lat":43.067289,"lon":-89.436736},"geometry":{"type":"Polygon","coordinates":[[[-89.436492,43.067206],[-89.436492,43.067255],[-89.436392,43.067255],[-89.436393,43.067329],[-89.436493,43.067329],[-89.436493,43.067366],[-89.436889,43.067364],[-89.436889,43.067390],[-89.437015,43.067389],[-89.437013,43.067203],[-89.436492,43.067206]]]}},{"type":"Feature","properties":{"id":"00451413811","t":"building","op":null,"nm":null,"st":"CA","co":"Santa Clara County","sqft":102004,"lat":37.333638,"lon":-121.887975},"geometry":{"type":"Polygon","coordinates":[[[-121.888685,37.333904],[-121.888657,37.333868],[-121.888627,37.333882],[-121.888650,37.333857],[-121.888633,37.333847],[-121.888658,37.333819],[-121.888624,37.333800],[-121.888635,37.333788],[-121.888600,37.333768],[-121.888589,37.333780],[-121.888552,37.333760],[-121.888527,37.333788],[-121.888508,37.333777],[-121.888497,37.333782],[-121.888494,37.333779],[-121.888566,37.333745],[-121.888540,37.333709],[-121.888577,37.333692],[-121.888479,37.333560],[-121.888474,37.333563],[-121.888357,37.333405],[-121.888341,37.333412],[-121.888284,37.333335],[-121.888299,37.333328],[-121.888153,37.333134],[-121.888158,37.333131],[-121.888059,37.333000],[-121.887919,37.333066],[-121.887929,37.333080],[-121.887840,37.333121],[-121.887833,37.333112],[-121.887828,37.333115],[-121.887817,37.333100],[-121.887746,37.333134],[-121.887757,37.333148],[-121.887752,37.333151],[-121.887759,37.333160],[-121.887667,37.333204],[-121.887660,37.333194],[-121.887654,37.333197],[-121.887644,37.333183],[-121.887574,37.333216],[-121.887584,37.333230],[-121.887578,37.333233],[-121.887585,37.333242],[-121.887497,37.333284],[-121.887487,37.333270],[-121.887468,37.333279],[-121.887470,37.333282],[-121.887437,37.333298],[-121.887434,37.333295],[-121.887419,37.333302],[-121.887426,37.333311],[-121.88738,37.333333],[-121.887383,37.333338],[-121.887242,37.333405],[-121.887342,37.333538],[-121.887347,37.333535],[-121.887606,37.333882],[-121.887621,37.333875],[-121.887665,37.333934],[-121.887650,37.333941],[-121.887710,37.334021],[-121.887706,37.334023],[-121.887804,37.334155],[-121.887832,37.334141],[-121.887849,37.334164],[-121.887870,37.334192],[-121.887897,37.334228],[-121.887924,37.334264],[-121.888393,37.334042],[-121.888422,37.334029],[-121.888685,37.333904]]]}},{"type":"Feature","properties":{"id":"00451491797","t":"building","op":null,"nm":null,"st":"NJ","co":"Hudson County","sqft":150951,"lat":40.784134,"lon":-74.06556},"geometry":{"type":"Polygon","coordinates":[[[-74.066553,40.783895],[-74.066226,40.783791],[-74.066191,40.783853],[-74.064979,40.783492],[-74.064547,40.784294],[-74.065821,40.784670],[-74.065769,40.784764],[-74.066056,40.784854],[-74.066553,40.783895]]]}},{"type":"Feature","properties":{"id":"00451497833","t":"building","op":"Evocative","nm":"Evocative Secaucus","st":"NJ","co":"Hudson County","sqft":101304,"lat":40.78755,"lon":-74.068048},"geometry":{"type":"Polygon","coordinates":[[[-74.068725,40.787004],[-74.068052,40.786802],[-74.067374,40.788097],[-74.068037,40.788301],[-74.068725,40.787004]]]}},{"type":"Feature","properties":{"id":"00452116337","t":"building","op":"bt","nm":"BT Radianz: 492 River Road","st":"NJ","co":"Essex County","sqft":107857,"lat":40.821454,"lon":-74.134186},"geometry":{"type":"Polygon","coordinates":[[[-74.135024,40.821344],[-74.133840,40.820865],[-74.133616,40.821182],[-74.133513,40.821140],[-74.133485,40.821180],[-74.133589,40.821222],[-74.133349,40.821562],[-74.134534,40.822042],[-74.134745,40.821744],[-74.134768,40.821753],[-74.134839,40.821653],[-74.134813,40.821642],[-74.135024,40.821344]]]}},{"type":"Feature","properties":{"id":"00453969917","t":"building","op":null,"nm":"Time Warner Datacenter","st":"CO","co":"Arapahoe County","sqft":33804,"lat":39.59896,"lon":-104.860377},"geometry":{"type":"Polygon","coordinates":[[[-104.860633,39.599277],[-104.860635,39.599120],[-104.860642,39.598644],[-104.860337,39.598644],[-104.860192,39.598645],[-104.860153,39.598645],[-104.860141,39.598645],[-104.860118,39.598645],[-104.860118,39.598676],[-104.860116,39.599005],[-104.860116,39.599056],[-104.860114,39.599235],[-104.860114,39.599257],[-104.860114,39.599275],[-104.860614,39.599277],[-104.860633,39.599277]]]}},{"type":"Feature","properties":{"id":"00453969923","t":"building","op":null,"nm":"Time Warner Datacenter","st":"CO","co":"Arapahoe County","sqft":61435,"lat":39.599931,"lon":-104.860182},"geometry":{"type":"Polygon","coordinates":[[[-104.860611,39.600284],[-104.860611,39.600261],[-104.860608,39.599584],[-104.860080,39.599582],[-104.860061,39.599582],[-104.860043,39.599582],[-104.859741,39.599581],[-104.859728,39.599581],[-104.859732,39.599752],[-104.859762,39.599753],[-104.859762,39.599763],[-104.859764,39.600282],[-104.860611,39.600284]]]}},{"type":"Feature","properties":{"id":"00455171103","t":"building","op":null,"nm":"CyrusOne Austin Data Center III","st":"TX","co":"Travis County","sqft":189921,"lat":30.206994,"lon":-97.701114},"geometry":{"type":"Polygon","coordinates":[[[-97.699936,30.206810],[-97.7001,30.207539],[-97.700182,30.207525],[-97.702084,30.207201],[-97.702064,30.207100],[-97.702122,30.207091],[-97.702152,30.207230],[-97.702326,30.207200],[-97.702176,30.206536],[-97.701947,30.206575],[-97.701919,30.206473],[-97.699936,30.206810]]]}},{"type":"Feature","properties":{"id":"00459188722","t":"building","op":"Apollo","nm":"Apollo Cable Landing Station","st":"NJ","co":"Monmouth County","sqft":25904,"lat":40.157044,"lon":-74.101582},"geometry":{"type":"Polygon","coordinates":[[[-74.101986,40.157241],[-74.102048,40.156956],[-74.101177,40.156846],[-74.101115,40.157130],[-74.101986,40.157241]]]}},{"type":"Feature","properties":{"id":"00459188725","t":"building","op":null,"nm":"Cable & Wireless Cable Landing Station","st":"NY","co":"Suffolk County","sqft":36746,"lat":40.84366,"lon":-72.883345},"geometry":{"type":"Polygon","coordinates":[[[-72.883527,40.843927],[-72.883559,40.843951],[-72.883832,40.843741],[-72.883497,40.843492],[-72.883538,40.843461],[-72.883410,40.843366],[-72.883371,40.843396],[-72.883191,40.843262],[-72.882918,40.843472],[-72.883118,40.843621],[-72.882969,40.843736],[-72.88338,40.844040],[-72.883527,40.843927]]]}},{"type":"Feature","properties":{"id":"00460050155","t":"building","op":"Equinix","nm":"Equinix Ashburn DC10","st":"VA","co":"Loudoun County","sqft":152397,"lat":39.021014,"lon":-77.451513},"geometry":{"type":"Polygon","coordinates":[[[-77.451230,39.021817],[-77.451659,39.021407],[-77.451765,39.021474],[-77.452205,39.021052],[-77.452101,39.020986],[-77.452461,39.020642],[-77.452249,39.020508],[-77.452287,39.020471],[-77.452217,39.020427],[-77.452178,39.020465],[-77.451743,39.020191],[-77.450516,39.021368],[-77.451230,39.021817]]]}},{"type":"Feature","properties":{"id":"00460056017","t":"building","op":"Amazon Web Services","nm":"Amazon IAD-61","st":"VA","co":"Loudoun County","sqft":152289,"lat":38.915805,"lon":-77.491987},"geometry":{"type":"Polygon","coordinates":[[[-77.491782,38.916894],[-77.492827,38.914919],[-77.492191,38.914715],[-77.491146,38.916690],[-77.491782,38.916894]]]}},{"type":"Feature","properties":{"id":"00460056019","t":"building","op":"Amazon Web Services","nm":"Amazon IAD51","st":"VA","co":"Loudoun County","sqft":64127,"lat":38.991414,"lon":-77.436507},"geometry":{"type":"Polygon","coordinates":[[[-77.437049,38.991820],[-77.437055,38.991811],[-77.437062,38.991813],[-77.437268,38.991418],[-77.435955,38.991003],[-77.435816,38.991271],[-77.435828,38.991275],[-77.435819,38.991292],[-77.435808,38.991288],[-77.435753,38.991395],[-77.435761,38.991398],[-77.435756,38.991408],[-77.435767,38.991411],[-77.435764,38.991416],[-77.437049,38.991820]]]}},{"type":"Feature","properties":{"id":"00460056020","t":"building","op":"Amazon Web Services","nm":"Amazon IAD56","st":"VA","co":"Loudoun County","sqft":78441,"lat":38.990568,"lon":-77.437062},"geometry":{"type":"Polygon","coordinates":[[[-77.436195,38.990543],[-77.437701,38.991023],[-77.437921,38.990602],[-77.437913,38.990600],[-77.437917,38.990592],[-77.437902,38.990588],[-77.437904,38.990584],[-77.436442,38.990118],[-77.436440,38.990120],[-77.436429,38.990117],[-77.436425,38.990124],[-77.436417,38.990122],[-77.436362,38.990226],[-77.436371,38.990228],[-77.436360,38.990249],[-77.436350,38.990246],[-77.436195,38.990543]]]}},{"type":"Feature","properties":{"id":"00460056023","t":"building","op":"Amazon Web Services","nm":"Amazon IAD16","st":"VA","co":"Loudoun County","sqft":75817,"lat":38.990699,"lon":-77.448825},"geometry":{"type":"Polygon","coordinates":[[[-77.449294,38.991138],[-77.449355,38.991164],[-77.449388,38.991116],[-77.449408,38.991124],[-77.449647,38.990777],[-77.449057,38.990530],[-77.449094,38.990476],[-77.449023,38.990447],[-77.448985,38.990501],[-77.448285,38.990208],[-77.448045,38.990558],[-77.448066,38.990567],[-77.448031,38.990619],[-77.448091,38.990644],[-77.448083,38.990655],[-77.448122,38.990672],[-77.448116,38.990682],[-77.448486,38.990837],[-77.448495,38.990825],[-77.448869,38.990982],[-77.448861,38.990993],[-77.449232,38.991149],[-77.449242,38.991135],[-77.449284,38.991153],[-77.449294,38.991138]]]}},{"type":"Feature","properties":{"id":"00460056024","t":"building","op":"Amazon Web Services","nm":"Amazon IAD15","st":"VA","co":"Loudoun County","sqft":103452,"lat":38.991693,"lon":-77.44858},"geometry":{"type":"Polygon","coordinates":[[[-77.448533,38.991940],[-77.449367,38.992287],[-77.449608,38.991934],[-77.449589,38.991926],[-77.449620,38.991879],[-77.449560,38.991854],[-77.449569,38.991841],[-77.449525,38.991822],[-77.449535,38.991808],[-77.449160,38.991652],[-77.449150,38.991666],[-77.448285,38.991307],[-77.448296,38.991291],[-77.447925,38.991137],[-77.447917,38.991149],[-77.447867,38.991129],[-77.447858,38.991143],[-77.44782,38.991136],[-77.447798,38.991139],[-77.447759,38.991167],[-77.447746,38.991162],[-77.447507,38.991513],[-77.448463,38.991910],[-77.448428,38.991961],[-77.448498,38.991990],[-77.448533,38.991940]]]}},{"type":"Feature","properties":{"id":"00460059465","t":"building","op":"Amazon Web Services","nm":"Amazon IAD14","st":"VA","co":"Prince William County","sqft":118192,"lat":38.789932,"lon":-77.548217},"geometry":{"type":"Polygon","coordinates":[[[-77.549245,38.790216],[-77.549249,38.789664],[-77.547351,38.789656],[-77.547352,38.789553],[-77.547212,38.789552],[-77.547207,38.790207],[-77.549245,38.790216]]]}},{"type":"Feature","properties":{"id":"00460060340","t":"building","op":"Amazon Web Services","nm":"Amazon IAD59","st":"VA","co":"Prince William County","sqft":127281,"lat":38.792226,"lon":-77.54845},"geometry":{"type":"Polygon","coordinates":[[[-77.549762,38.792461],[-77.549763,38.792001],[-77.547319,38.791985],[-77.547319,38.791910],[-77.547182,38.791909],[-77.547171,38.792465],[-77.549762,38.792461]]]}},{"type":"Feature","properties":{"id":"00460060341","t":"building","op":"Amazon Web Services","nm":"Amazon IAD52","st":"VA","co":"Prince William County","sqft":126699,"lat":38.791069,"lon":-77.548372},"geometry":{"type":"Polygon","coordinates":[[[-77.549570,38.791319],[-77.549570,38.790811],[-77.547202,38.790809],[-77.547201,38.791427],[-77.547347,38.791427],[-77.547347,38.791318],[-77.549570,38.791319]]]}},{"type":"Feature","properties":{"id":"00460070135","t":"building","op":null,"nm":null,"st":"OR","co":"Umatilla County","sqft":2605,"lat":45.915836,"lon":-119.266324},"geometry":{"type":"Polygon","coordinates":[[[-119.266367,45.915994],[-119.266367,45.915676],[-119.266279,45.915677],[-119.266279,45.915994],[-119.266367,45.915994]]]}},{"type":"Feature","properties":{"id":"00460070136","t":"building","op":null,"nm":null,"st":"OR","co":"Umatilla County","sqft":2608,"lat":45.915836,"lon":-119.266527},"geometry":{"type":"Polygon","coordinates":[[[-119.266571,45.915994],[-119.266571,45.915676],[-119.266483,45.915676],[-119.266483,45.915994],[-119.266571,45.915994]]]}},{"type":"Feature","properties":{"id":"00460070137","t":"building","op":null,"nm":null,"st":"OR","co":"Umatilla County","sqft":2605,"lat":45.915836,"lon":-119.266726},"geometry":{"type":"Polygon","coordinates":[[[-119.266770,45.915994],[-119.266770,45.915676],[-119.266681,45.915676],[-119.266681,45.915994],[-119.266770,45.915994]]]}},{"type":"Feature","properties":{"id":"00460070138","t":"building","op":null,"nm":null,"st":"OR","co":"Umatilla County","sqft":2605,"lat":45.915836,"lon":-119.267112},"geometry":{"type":"Polygon","coordinates":[[[-119.267156,45.915994],[-119.267156,45.915677],[-119.267067,45.915676],[-119.267067,45.915994],[-119.267156,45.915994]]]}},{"type":"Feature","properties":{"id":"00460070139","t":"building","op":null,"nm":null,"st":"OR","co":"Umatilla County","sqft":2605,"lat":45.915843,"lon":-119.267316},"geometry":{"type":"Polygon","coordinates":[[[-119.267360,45.916001],[-119.267360,45.915684],[-119.267271,45.915684],[-119.267271,45.916001],[-119.267360,45.916001]]]}},{"type":"Feature","properties":{"id":"00460070140","t":"building","op":null,"nm":null,"st":"OR","co":"Umatilla County","sqft":2605,"lat":45.915832,"lon":-119.267512},"geometry":{"type":"Polygon","coordinates":[[[-119.267555,45.915990],[-119.267555,45.915673],[-119.267467,45.915673],[-119.267467,45.915990],[-119.267555,45.915990]]]}},{"type":"Feature","properties":{"id":"00460070141","t":"building","op":null,"nm":null,"st":"OR","co":"Umatilla County","sqft":2605,"lat":45.915836,"lon":-119.267717},"geometry":{"type":"Polygon","coordinates":[[[-119.267761,45.915994],[-119.267761,45.915677],[-119.267672,45.915676],[-119.267672,45.915994],[-119.267761,45.915994]]]}},{"type":"Feature","properties":{"id":"00460070143","t":"building","op":"Amazon Web Services","nm":"Amazon PDX2","st":"OR","co":"Umatilla County","sqft":133053,"lat":45.916404,"lon":-119.267776},"geometry":{"type":"Polygon","coordinates":[[[-119.266281,45.916170],[-119.266281,45.916648],[-119.269221,45.916648],[-119.269221,45.916170],[-119.269108,45.916170],[-119.269108,45.916069],[-119.268818,45.916069],[-119.268818,45.916170],[-119.266281,45.916170]]]}},{"type":"Feature","properties":{"id":"00460070144","t":"building","op":"Amazon Web Services","nm":"Amazon Web Services us-west-2","st":"OR","co":"Morrow County","sqft":127483,"lat":45.841003,"lon":-119.652769},"geometry":{"type":"Polygon","coordinates":[[[-119.653123,45.842027],[-119.653080,45.839972],[-119.652413,45.839978],[-119.652456,45.842034],[-119.653123,45.842027]]]}},{"type":"Feature","properties":{"id":"00460070145","t":"building","op":"Amazon Web Services","nm":"Amazon Web Services us-west-2","st":"OR","co":"Morrow County","sqft":267452,"lat":45.852235,"lon":-119.629888},"geometry":{"type":"Polygon","coordinates":[[[-119.631541,45.851788],[-119.628251,45.851806],[-119.628261,45.852688],[-119.631257,45.852672],[-119.631256,45.852588],[-119.631549,45.852586],[-119.631541,45.851788]]]}},{"type":"Feature","properties":{"id":"00460070147","t":"building","op":"Amazon Web Services","nm":"Amazon Web Services us-west-2","st":"OR","co":"Morrow County","sqft":103260,"lat":45.850881,"lon":-119.630524},"geometry":{"type":"Polygon","coordinates":[[[-119.631288,45.851241],[-119.631277,45.850509],[-119.629759,45.850520],[-119.629770,45.851252],[-119.631288,45.851241]]]}},{"type":"Feature","properties":{"id":"00460076753","t":"building","op":"Equinix","nm":"Equinix San Jose SV3","st":"CA","co":"Santa Clara County","sqft":109684,"lat":37.38827,"lon":-121.888429},"geometry":{"type":"Polygon","coordinates":[[[-121.888752,37.387647],[-121.888680,37.387685],[-121.888705,37.387714],[-121.888224,37.387970],[-121.888247,37.387997],[-121.887836,37.388215],[-121.887790,37.388161],[-121.887532,37.388298],[-121.887587,37.388363],[-121.887570,37.388372],[-121.887725,37.388556],[-121.887755,37.388540],[-121.887844,37.388647],[-121.887815,37.388663],[-121.887969,37.388846],[-121.887987,37.388837],[-121.888039,37.388900],[-121.888297,37.388763],[-121.888274,37.388736],[-121.889166,37.388262],[-121.889189,37.388289],[-121.889260,37.388251],[-121.889191,37.388169],[-121.889359,37.388079],[-121.889228,37.387923],[-121.889094,37.387995],[-121.888855,37.387712],[-121.888821,37.387730],[-121.888752,37.387647]]]}},{"type":"Feature","properties":{"id":"00460085343","t":"building","op":"Digital Realty","nm":"365 Main Street Data Center","st":"CA","co":"San Francisco County","sqft":39318,"lat":37.788731,"lon":-122.390469},"geometry":{"type":"Polygon","coordinates":[[[-122.389958,37.788603],[-122.390626,37.789135],[-122.390980,37.788858],[-122.390311,37.788326],[-122.389997,37.788572],[-122.389958,37.788603]]]}},{"type":"Feature","properties":{"id":"00460089167","t":"building","op":"Meta","nm":"Meta Forest City datacenter","st":"NC","co":"Rutherford County","sqft":241126,"lat":35.314231,"lon":-81.822139},"geometry":{"type":"Polygon","coordinates":[[[-81.823276,35.313502],[-81.823509,35.313277],[-81.823004,35.312927],[-81.820600,35.315243],[-81.821106,35.315592],[-81.822431,35.314316],[-81.822569,35.314416],[-81.823433,35.313614],[-81.823276,35.313502]]]}},{"type":"Feature","properties":{"id":"00460089168","t":"building","op":"Meta","nm":"Meta Forest City datacenter","st":"NC","co":"Rutherford County","sqft":244176,"lat":35.317372,"lon":-81.826327},"geometry":{"type":"Polygon","coordinates":[[[-81.826443,35.317849],[-81.827575,35.316804],[-81.827426,35.316709],[-81.827668,35.316482],[-81.827145,35.316111],[-81.824828,35.318287],[-81.825351,35.318658],[-81.826311,35.317756],[-81.826443,35.317849]]]}},{"type":"Feature","properties":{"id":"00460159925","t":"building","op":"NTT Limited","nm":null,"st":"CA","co":"Santa Clara County","sqft":75249,"lat":37.403904,"lon":-121.889297},"geometry":{"type":"Polygon","coordinates":[[[-121.888598,37.403499],[-121.888597,37.403510],[-121.888569,37.403726],[-121.888552,37.403862],[-121.888634,37.403868],[-121.888625,37.403933],[-121.888789,37.403946],[-121.888781,37.404012],[-121.889397,37.404062],[-121.889392,37.404101],[-121.889367,37.404299],[-121.889355,37.404391],[-121.889812,37.404429],[-121.889818,37.404383],[-121.889846,37.404164],[-121.889850,37.404131],[-121.889809,37.404127],[-121.889830,37.403966],[-121.889871,37.403969],[-121.889909,37.403671],[-121.889452,37.403634],[-121.889435,37.403765],[-121.889275,37.403752],[-121.889300,37.403555],[-121.889007,37.403532],[-121.888998,37.403599],[-121.888881,37.403589],[-121.888890,37.403522],[-121.888598,37.403499]]]}},{"type":"Feature","properties":{"id":"00460159928","t":"building","op":"Csquare","nm":"Csquare SFO1","st":"CA","co":"Santa Clara County","sqft":83921,"lat":37.370438,"lon":-121.96983},"geometry":{"type":"Polygon","coordinates":[[[-121.969926,37.371021],[-121.970001,37.371020],[-121.969999,37.370897],[-121.970268,37.370892],[-121.970264,37.370130],[-121.970263,37.370025],[-121.969765,37.370026],[-121.969762,37.369896],[-121.969667,37.369898],[-121.969666,37.369878],[-121.969569,37.369879],[-121.969569,37.369899],[-121.969382,37.369902],[-121.969387,37.370029],[-121.969427,37.370029],[-121.969426,37.370910],[-121.969924,37.370898],[-121.969926,37.371021]]]}},{"type":"Feature","properties":{"id":"00460159955","t":"building","op":"Vantage","nm":null,"st":"CA","co":"Santa Clara County","sqft":75686,"lat":37.371779,"lon":-121.972505},"geometry":{"type":"Polygon","coordinates":[[[-121.972239,37.372446],[-121.972775,37.372445],[-121.972772,37.371647],[-121.972770,37.371110],[-121.972234,37.371112],[-121.972239,37.372446]]]}},{"type":"Feature","properties":{"id":"00460167186","t":"building","op":"Sabey Data Centers","nm":"Intergate Columbia B","st":"WA","co":"Douglas County","sqft":192887,"lat":47.407164,"lon":-120.18749},"geometry":{"type":"Polygon","coordinates":[[[-120.188041,47.407717],[-120.188224,47.407716],[-120.188216,47.407022],[-120.188212,47.406602],[-120.188034,47.406603],[-120.188034,47.406563],[-120.187945,47.406564],[-120.187943,47.406343],[-120.186823,47.406349],[-120.186838,47.407716],[-120.186835,47.407716],[-120.186838,47.407984],[-120.187956,47.407979],[-120.187953,47.407768],[-120.188041,47.407768],[-120.188041,47.407717]]]}},{"type":"Feature","properties":{"id":"00460167187","t":"building","op":"Sabey Data Centers","nm":"Intergate Columbia A","st":"WA","co":"Douglas County","sqft":262378,"lat":47.408714,"lon":-120.189294},"geometry":{"type":"Polygon","coordinates":[[[-120.189563,47.407624],[-120.189048,47.407624],[-120.189048,47.407712],[-120.188917,47.407713],[-120.188921,47.407957],[-120.188645,47.407957],[-120.188646,47.407966],[-120.188472,47.407967],[-120.188476,47.409591],[-120.188648,47.409591],[-120.188648,47.409616],[-120.190043,47.409615],[-120.190042,47.409093],[-120.190324,47.409093],[-120.190323,47.408899],[-120.190042,47.408899],[-120.190041,47.408534],[-120.190324,47.408534],[-120.190323,47.408349],[-120.190041,47.408349],[-120.190040,47.407956],[-120.189563,47.407956],[-120.189563,47.407624]]]}},{"type":"Feature","properties":{"id":"00460175664","t":"building","op":null,"nm":null,"st":"VA","co":"Loudoun County","sqft":35740,"lat":38.994227,"lon":-77.448189},"geometry":{"type":"Polygon","coordinates":[[[-77.447979,38.994289],[-77.448660,38.994524],[-77.448709,38.994438],[-77.448673,38.994426],[-77.448777,38.994241],[-77.447842,38.993918],[-77.447625,38.994303],[-77.447914,38.994403],[-77.447979,38.994289]]]}},{"type":"Feature","properties":{"id":"00460175666","t":"building","op":"Centersquare","nm":"Centersquare IAD4-A","st":"VA","co":"Loudoun County","sqft":77749,"lat":39.021734,"lon":-77.452747},"geometry":{"type":"Polygon","coordinates":[[[-77.453675,39.021439],[-77.453697,39.021420],[-77.453555,39.021327],[-77.453580,39.021303],[-77.453268,39.021105],[-77.453097,39.021118],[-77.453076,39.021113],[-77.452819,39.021359],[-77.452803,39.021349],[-77.452717,39.021431],[-77.452732,39.021441],[-77.452518,39.021646],[-77.452505,39.021637],[-77.452417,39.021722],[-77.452429,39.021730],[-77.452218,39.021932],[-77.452204,39.021923],[-77.452115,39.022008],[-77.452130,39.022018],[-77.451898,39.022240],[-77.452241,39.022457],[-77.45304,39.021692],[-77.453176,39.021778],[-77.453356,39.021605],[-77.453219,39.021520],[-77.453318,39.021425],[-77.453398,39.021476],[-77.453532,39.021348],[-77.453675,39.021439]]]}},{"type":"Feature","properties":{"id":"00460175672","t":"building","op":"Amazon Web Services","nm":"AWS Building E","st":"VA","co":"Loudoun County","sqft":153355,"lat":39.005052,"lon":-77.485612},"geometry":{"type":"Polygon","coordinates":[[[-77.486148,39.00425],[-77.484605,39.005259],[-77.484505,39.005325],[-77.485076,39.005853],[-77.486719,39.004777],[-77.486148,39.00425]]]}},{"type":"Feature","properties":{"id":"00460177088","t":"building","op":"Digital Realty","nm":"Digital Realty New Jersey EWR20","st":"NJ","co":"Passaic County","sqft":29614,"lat":40.829929,"lon":-74.126749},"geometry":{"type":"Polygon","coordinates":[[[-74.126955,40.830018],[-74.127067,40.830071],[-74.127092,40.830042],[-74.127089,40.830040],[-74.127220,40.829889],[-74.126665,40.829613],[-74.126521,40.829779],[-74.126602,40.829819],[-74.126566,40.829861],[-74.126435,40.829794],[-74.126278,40.829971],[-74.126811,40.830242],[-74.126967,40.830065],[-74.126931,40.830047],[-74.126955,40.830018]]]}},{"type":"Feature","properties":{"id":"00460182320","t":"building","op":"CyrusOne","nm":"CyrusOne Somerset","st":"NJ","co":"Somerset County","sqft":318583,"lat":40.537986,"lon":-74.545659},"geometry":{"type":"Polygon","coordinates":[[[-74.547097,40.538465],[-74.547296,40.537696],[-74.546863,40.537632],[-74.546863,40.537630],[-74.545407,40.537413],[-74.545422,40.537358],[-74.544450,40.537210],[-74.544148,40.538352],[-74.545120,40.538500],[-74.546584,40.538714],[-74.546665,40.538400],[-74.547097,40.538465]]]}},{"type":"Feature","properties":{"id":"00460182335","t":"building","op":null,"nm":"BNY Mellon Somerset","st":"NJ","co":"Somerset County","sqft":121002,"lat":40.53602,"lon":-74.553409},"geometry":{"type":"Polygon","coordinates":[[[-74.553863,40.536731],[-74.55387,40.535512],[-74.553141,40.535510],[-74.553142,40.535288],[-74.553472,40.535289],[-74.553474,40.535007],[-74.553190,40.535006],[-74.553189,40.535167],[-74.553002,40.535166],[-74.553000,40.535510],[-74.552993,40.536729],[-74.553863,40.536731]]]}},{"type":"Feature","properties":{"id":"00460182337","t":"building","op":"Digital Realty","nm":null,"st":"NJ","co":"Somerset County","sqft":125668,"lat":40.537538,"lon":-74.55554},"geometry":{"type":"Polygon","coordinates":[[[-74.556082,40.538093],[-74.556104,40.536966],[-74.555157,40.536959],[-74.554958,40.537369],[-74.554943,40.538080],[-74.556082,40.538093]]]}},{"type":"Feature","properties":{"id":"00460182351","t":"building","op":"Digital Realty","nm":"Digital Realty New Jersey EWR21","st":"NJ","co":"Passaic County","sqft":71645,"lat":40.830586,"lon":-74.124514},"geometry":{"type":"Polygon","coordinates":[[[-74.125339,40.830713],[-74.124008,40.830076],[-74.123689,40.830457],[-74.125020,40.831095],[-74.125339,40.830713]]]}},{"type":"Feature","properties":{"id":"00460212563","t":"building","op":"Centurylink","nm":null,"st":"CA","co":"Los Angeles County","sqft":43140,"lat":34.199869,"lon":-118.343789},"geometry":{"type":"Polygon","coordinates":[[[-118.343472,34.199561],[-118.343459,34.200167],[-118.344105,34.200177],[-118.344118,34.199570],[-118.343472,34.199561]]]}},{"type":"Feature","properties":{"id":"00463571875","t":"building","op":"Amazon Web Services","nm":"Amazon IAD78","st":"VA","co":"Loudoun County","sqft":147979,"lat":39.026368,"lon":-77.44952},"geometry":{"type":"Polygon","coordinates":[[[-77.449872,39.027439],[-77.449833,39.025289],[-77.449168,39.025297],[-77.449207,39.027446],[-77.449872,39.027439]]]}},{"type":"Feature","properties":{"id":"00463571876","t":"building","op":"Amazon Web Services","nm":"Amazon IAD79","st":"VA","co":"Loudoun County","sqft":148678,"lat":39.026357,"lon":-77.45087},"geometry":{"type":"Polygon","coordinates":[[[-77.451219,39.027428],[-77.451189,39.025280],[-77.450520,39.025285],[-77.450551,39.027434],[-77.451219,39.027428]]]}},{"type":"Feature","properties":{"id":"00464097467","t":"building","op":null,"nm":null,"st":"NV","co":"Washoe County","sqft":276687,"lat":39.567105,"lon":-119.548574},"geometry":{"type":"Polygon","coordinates":[[[-119.549632,39.567872],[-119.548936,39.566336],[-119.549062,39.566302],[-119.548927,39.566004],[-119.547434,39.566406],[-119.547568,39.566702],[-119.547661,39.566677],[-119.548358,39.568215],[-119.549632,39.567872]]]}},{"type":"Feature","properties":{"id":"00464371693","t":"building","op":null,"nm":"Kaiser Data Center","st":"CA","co":"Napa County","sqft":162791,"lat":38.254085,"lon":-122.273098},"geometry":{"type":"Polygon","coordinates":[[[-122.273639,38.254647],[-122.273647,38.254558],[-122.273900,38.254573],[-122.273958,38.253969],[-122.273812,38.253960],[-122.273816,38.253918],[-122.273714,38.253912],[-122.273720,38.253854],[-122.273660,38.253850],[-122.273692,38.253522],[-122.273019,38.253482],[-122.273007,38.253601],[-122.272637,38.253578],[-122.272627,38.253679],[-122.272310,38.253660],[-122.272225,38.254544],[-122.272451,38.254557],[-122.272459,38.254473],[-122.273058,38.254509],[-122.273048,38.254612],[-122.273639,38.254647]]]}},{"type":"Feature","properties":{"id":"00465032201","t":"building","op":"Lumen Technologies","nm":"Lumen Dallas - 3180 Irving Blvd.","st":"TX","co":"Dallas County","sqft":80859,"lat":32.806955,"lon":-96.868589},"geometry":{"type":"Polygon","coordinates":[[[-96.868270,32.806400],[-96.868250,32.807501],[-96.868907,32.807509],[-96.868927,32.806408],[-96.868270,32.806400]]]}},{"type":"Feature","properties":{"id":"00465032380","t":"building","op":"Prime","nm":"Prime DFW01-01","st":"TX","co":"Dallas County","sqft":88881,"lat":32.837967,"lon":-96.878393},"geometry":{"type":"Polygon","coordinates":[[[-96.877514,32.838173],[-96.879022,32.838256],[-96.879278,32.838250],[-96.879286,32.838172],[-96.879110,32.838162],[-96.879143,32.837738],[-96.878758,32.837717],[-96.878760,32.837696],[-96.878708,32.837693],[-96.878706,32.837716],[-96.877675,32.837659],[-96.877642,32.838084],[-96.877522,32.838077],[-96.877514,32.838173]]]}},{"type":"Feature","properties":{"id":"00465032484","t":"building","op":"Lumen Technologies","nm":"Lumen Dallas 6","st":"TX","co":"Dallas County","sqft":12977,"lat":32.827998,"lon":-96.884382},"geometry":{"type":"Polygon","coordinates":[[[-96.884112,32.828002],[-96.884128,32.828012],[-96.884124,32.828017],[-96.884425,32.828216],[-96.884644,32.827980],[-96.884342,32.827779],[-96.884159,32.827976],[-96.884145,32.827966],[-96.884112,32.828002]]]}},{"type":"Feature","properties":{"id":"00465032487","t":"building","op":"Digital Realty","nm":"Digital Realty DFW36","st":"TX","co":"Dallas County","sqft":24499,"lat":32.82755,"lon":-96.87375},"geometry":{"type":"Polygon","coordinates":[[[-96.873914,32.827522],[-96.873904,32.827495],[-96.873890,32.827462],[-96.873783,32.827194],[-96.873467,32.827283],[-96.873586,32.827581],[-96.873715,32.827905],[-96.874032,32.827816],[-96.873914,32.827522]]]}},{"type":"Feature","properties":{"id":"00465032631","t":"building","op":"DataBank","nm":"DataBank Dallas Empire Central Data Center","st":"TX","co":"Dallas County","sqft":67717,"lat":32.821738,"lon":-96.873598},"geometry":{"type":"Polygon","coordinates":[[[-96.873642,32.822279],[-96.873699,32.822241],[-96.873727,32.822270],[-96.873757,32.822250],[-96.873767,32.822260],[-96.873822,32.822223],[-96.873813,32.822214],[-96.873850,32.822189],[-96.873860,32.822200],[-96.873894,32.822176],[-96.873885,32.822166],[-96.873915,32.822146],[-96.873924,32.822156],[-96.873972,32.822123],[-96.873963,32.822114],[-96.873992,32.822094],[-96.873962,32.822062],[-96.874090,32.821976],[-96.874028,32.821911],[-96.874096,32.821865],[-96.873992,32.821757],[-96.874028,32.821732],[-96.873942,32.821642],[-96.873963,32.821628],[-96.873727,32.821382],[-96.873693,32.821405],[-96.873516,32.821220],[-96.873497,32.821233],[-96.873378,32.821314],[-96.873340,32.821275],[-96.873099,32.821439],[-96.873009,32.821500],[-96.873462,32.821970],[-96.873391,32.822018],[-96.873642,32.822279]]]}},{"type":"Feature","properties":{"id":"00465042594","t":"building","op":"TierPoint","nm":"TierPoint Dallas Data Center","st":"TX","co":"Dallas County","sqft":71358,"lat":32.807973,"lon":-96.857355},"geometry":{"type":"Polygon","coordinates":[[[-96.856895,32.808354],[-96.857290,32.808299],[-96.857280,32.808246],[-96.857332,32.808239],[-96.857342,32.808289],[-96.857725,32.808236],[-96.857708,32.808150],[-96.857982,32.808112],[-96.857915,32.807772],[-96.857780,32.807791],[-96.857744,32.807608],[-96.857220,32.807682],[-96.857229,32.807727],[-96.857179,32.807734],[-96.857163,32.807653],[-96.856861,32.807695],[-96.856888,32.807831],[-96.856794,32.807845],[-96.856895,32.808354]]]}},{"type":"Feature","properties":{"id":"00465062052","t":"building","op":"Amazon Web Services","nm":"Amazon IAD87","st":"VA","co":"Loudoun County","sqft":147390,"lat":38.991814,"lon":-77.441168},"geometry":{"type":"Polygon","coordinates":[[[-77.442158,38.992604],[-77.442507,38.992182],[-77.440186,38.991012],[-77.439836,38.991434],[-77.439971,38.991502],[-77.439958,38.991518],[-77.440255,38.991668],[-77.440269,38.991652],[-77.440553,38.991795],[-77.440540,38.991812],[-77.441423,38.992257],[-77.441434,38.992244],[-77.441721,38.992388],[-77.441712,38.992400],[-77.442014,38.992552],[-77.442026,38.992538],[-77.442158,38.992604]]]}},{"type":"Feature","properties":{"id":"00465062053","t":"building","op":"Amazon Web Services","nm":"Amazon IAD88","st":"VA","co":"Loudoun County","sqft":147468,"lat":38.990964,"lon":-77.44187},"geometry":{"type":"Polygon","coordinates":[[[-77.442851,38.991767],[-77.443205,38.991341],[-77.443064,38.991269],[-77.443072,38.991259],[-77.442778,38.991111],[-77.442768,38.991122],[-77.442482,38.990977],[-77.442491,38.990966],[-77.441610,38.990520],[-77.441600,38.990531],[-77.441310,38.990385],[-77.441320,38.990373],[-77.441023,38.990223],[-77.441014,38.990234],[-77.440883,38.990168],[-77.440530,38.990592],[-77.442851,38.991767]]]}},{"type":"Feature","properties":{"id":"00465530450","t":"building","op":"Verizon","nm":"Verizon","st":"CO","co":"Arapahoe County","sqft":8059,"lat":39.589248,"lon":-104.877933},"geometry":{"type":"Polygon","coordinates":[[[-104.878064,39.589397],[-104.878062,39.589097],[-104.877801,39.589098],[-104.877803,39.589399],[-104.878064,39.589397]]]}},{"type":"Feature","properties":{"id":"00468707940","t":"building","op":null,"nm":"Stream Data Centers PHX-1","st":"AZ","co":"Maricopa County","sqft":413250,"lat":33.419491,"lon":-112.359988},"geometry":{"type":"Polygon","coordinates":[[[-112.361649,33.420017],[-112.361610,33.418884],[-112.358327,33.418963],[-112.358366,33.420096],[-112.361649,33.420017]]]}},{"type":"Feature","properties":{"id":"00471658485","t":"building","op":null,"nm":"Live Oak Data Center","st":"TX","co":"Dallas County","sqft":49853,"lat":32.783712,"lon":-96.794575},"geometry":{"type":"Polygon","coordinates":[[[-96.794163,32.783832],[-96.794176,32.783863],[-96.794192,32.783878],[-96.794499,32.784170],[-96.794711,32.783986],[-96.794677,32.783957],[-96.794690,32.783944],[-96.794736,32.783900],[-96.794765,32.783880],[-96.794840,32.783826],[-96.794886,32.783863],[-96.795122,32.783659],[-96.794845,32.783477],[-96.794780,32.783443],[-96.794779,32.783427],[-96.794623,32.783327],[-96.794549,32.783345],[-96.794548,32.783359],[-96.794453,32.783380],[-96.794442,32.783369],[-96.794366,32.783384],[-96.794338,32.783426],[-96.794351,32.783437],[-96.794324,32.783446],[-96.794299,32.783482],[-96.794312,32.783493],[-96.794273,32.783553],[-96.794254,32.783552],[-96.794227,32.783589],[-96.794239,32.783597],[-96.794234,32.783608],[-96.794216,32.783609],[-96.794191,32.783645],[-96.794232,32.783679],[-96.794152,32.783749],[-96.794150,32.783779],[-96.794163,32.783832]]]}},{"type":"Feature","properties":{"id":"00471691760","t":"building","op":"Flexential","nm":"Flexential Portland - Hillsboro 2","st":"OR","co":"Washington County","sqft":214259,"lat":45.558286,"lon":-122.917092},"geometry":{"type":"Polygon","coordinates":[[[-122.918034,45.558172],[-122.918038,45.557779],[-122.917597,45.557777],[-122.917599,45.557493],[-122.917600,45.557441],[-122.916511,45.557436],[-122.916507,45.557793],[-122.916294,45.557792],[-122.916291,45.558164],[-122.916513,45.558166],[-122.916511,45.558397],[-122.916299,45.558396],[-122.916296,45.558753],[-122.916508,45.558754],[-122.916504,45.559162],[-122.917592,45.559167],[-122.917596,45.558759],[-122.917840,45.558760],[-122.917844,45.558403],[-122.917599,45.558402],[-122.917601,45.558170],[-122.918034,45.558172]]]}},{"type":"Feature","properties":{"id":"00472761713","t":"building","op":"nyse","nm":"NYSE Data Center","st":"NJ","co":"Bergen County","sqft":200804,"lat":41.078302,"lon":-74.152918},"geometry":{"type":"Polygon","coordinates":[[[-74.153371,41.079459],[-74.153335,41.077748],[-74.153326,41.077202],[-74.153326,41.077139],[-74.152462,41.077136],[-74.152463,41.077179],[-74.152496,41.078374],[-74.152504,41.078653],[-74.152478,41.078654],[-74.152452,41.078771],[-74.152485,41.078882],[-74.152510,41.078881],[-74.152511,41.078958],[-74.152520,41.079436],[-74.152521,41.079467],[-74.152884,41.079464],[-74.152886,41.079496],[-74.153011,41.079495],[-74.153010,41.079463],[-74.153371,41.079459]]]}},{"type":"Feature","properties":{"id":"00472954201","t":"building","op":null,"nm":"AT&T","st":"CA","co":"Los Angeles County","sqft":17388,"lat":34.579984,"lon":-118.114024},"geometry":{"type":"Polygon","coordinates":[[[-118.113873,34.580235],[-118.114183,34.580234],[-118.114181,34.579794],[-118.114168,34.579794],[-118.114168,34.579720],[-118.114111,34.579721],[-118.114111,34.579728],[-118.113902,34.579729],[-118.113902,34.579769],[-118.113875,34.579769],[-118.113875,34.579871],[-118.113865,34.579871],[-118.113865,34.579901],[-118.113830,34.579901],[-118.113831,34.579985],[-118.113872,34.579985],[-118.113873,34.580235]]]}},{"type":"Feature","properties":{"id":"00476609221","t":"building","op":null,"nm":null,"st":"CO","co":"El Paso County","sqft":42627,"lat":38.80266,"lon":-104.521966},"geometry":{"type":"Polygon","coordinates":[[[-104.52163,38.802980],[-104.522199,38.802983],[-104.522201,38.802812],[-104.522328,38.802813],[-104.522331,38.802363],[-104.521635,38.802359],[-104.52163,38.802980]]]}},{"type":"Feature","properties":{"id":"00480762078","t":"building","op":null,"nm":"Juniper","st":"OR","co":"Clackamas County","sqft":24854,"lat":45.318731,"lon":-122.765874},"geometry":{"type":"Polygon","coordinates":[[[-122.765725,45.318856],[-122.765725,45.318954],[-122.766220,45.318954],[-122.766220,45.318607],[-122.765929,45.318607],[-122.765929,45.318478],[-122.765568,45.318478],[-122.765568,45.318602],[-122.765539,45.318602],[-122.765539,45.318856],[-122.765725,45.318856]]]}},{"type":"Feature","properties":{"id":"00483286527","t":"building","op":null,"nm":null,"st":"TX","co":"Collin County","sqft":108401,"lat":33.009299,"lon":-96.676544},"geometry":{"type":"Polygon","coordinates":[[[-96.675719,33.009595],[-96.677108,33.009598],[-96.677108,33.009622],[-96.677280,33.009622],[-96.677281,33.009395],[-96.677403,33.009395],[-96.677404,33.009009],[-96.677035,33.009008],[-96.675907,33.009006],[-96.675720,33.009005],[-96.675719,33.009595]]]}},{"type":"Feature","properties":{"id":"00483307714","t":"building","op":null,"nm":"Tierpoint Dallas-Allen","st":"TX","co":"Collin County","sqft":30651,"lat":33.137934,"lon":-96.657376},"geometry":{"type":"Polygon","coordinates":[[[-96.657020,33.138195],[-96.657245,33.138214],[-96.657242,33.138243],[-96.657277,33.138246],[-96.657280,33.138217],[-96.657560,33.138240],[-96.657637,33.137601],[-96.657317,33.137573],[-96.657291,33.137788],[-96.657151,33.137776],[-96.657111,33.138113],[-96.657031,33.138106],[-96.657020,33.138195]]]}},{"type":"Feature","properties":{"id":"00487170215","t":"building","op":"DXC Technology","nm":null,"st":"TX","co":"Harris County","sqft":352246,"lat":30.018698,"lon":-95.863676},"geometry":{"type":"Polygon","coordinates":[[[-95.864417,30.019713],[-95.864407,30.017872],[-95.864589,30.017872],[-95.864588,30.017680],[-95.863023,30.017686],[-95.863024,30.017916],[-95.862905,30.017916],[-95.862914,30.019719],[-95.864417,30.019713]]]}},{"type":"Feature","properties":{"id":"00490997243","t":"building","op":"Amazon Web Services","nm":"Amazon IAD73","st":"VA","co":"Prince William County","sqft":146162,"lat":38.777979,"lon":-77.559099},"geometry":{"type":"Polygon","coordinates":[[[-77.558709,38.779037],[-77.560061,38.777174],[-77.559488,38.776921],[-77.558137,38.778784],[-77.558709,38.779037]]]}},{"type":"Feature","properties":{"id":"00490997244","t":"building","op":"Amazon Web Services","nm":"Amazon IAD74","st":"VA","co":"Prince William County","sqft":147480,"lat":38.777437,"lon":-77.557891},"geometry":{"type":"Polygon","coordinates":[[[-77.557503,38.778501],[-77.558849,38.776634],[-77.558270,38.776373],[-77.556932,38.778252],[-77.557503,38.778501]]]}},{"type":"Feature","properties":{"id":"00491914767","t":"building","op":null,"nm":"H5 Data Center","st":"OH","co":"Cuyahoga County","sqft":71439,"lat":41.506357,"lon":-81.683598},"geometry":{"type":"Polygon","coordinates":[[[-81.684617,41.506087],[-81.684319,41.505763],[-81.684299,41.505775],[-81.684309,41.505790],[-81.683877,41.506012],[-81.683342,41.506285],[-81.682561,41.506690],[-81.682787,41.506947],[-81.684061,41.506321],[-81.684209,41.506250],[-81.68422,41.506267],[-81.684617,41.506087]]]}},{"type":"Feature","properties":{"id":"00492699069","t":"building","op":"TPx Communications","nm":"TPx Colocation Datacenter","st":"CA","co":"Orange County","sqft":37065,"lat":33.707506,"lon":-117.844104},"geometry":{"type":"Polygon","coordinates":[[[-117.844236,33.707879],[-117.844568,33.707548],[-117.843971,33.707133],[-117.843639,33.707464],[-117.844236,33.707879]]]}},{"type":"Feature","properties":{"id":"00497151852","t":"building","op":null,"nm":"Cologix Jacksonville JAX1","st":"FL","co":"Duval County","sqft":30201,"lat":30.33143,"lon":-81.662426},"geometry":{"type":"Polygon","coordinates":[[[-81.662873,30.331664],[-81.662949,30.331409],[-81.661977,30.331195],[-81.661902,30.331449],[-81.662873,30.331664]]]}},{"type":"Feature","properties":{"id":"00499403180","t":"building","op":"Microsoft","nm":"Microsoft","st":"WA","co":"Grant County","sqft":143439,"lat":47.239487,"lon":-119.887407},"geometry":{"type":"Polygon","coordinates":[[[-119.889023,47.239757],[-119.889029,47.239236],[-119.887624,47.239228],[-119.887623,47.239343],[-119.887221,47.239341],[-119.887223,47.239225],[-119.885796,47.239217],[-119.885790,47.239740],[-119.887216,47.239748],[-119.887218,47.239604],[-119.887623,47.239607],[-119.887621,47.239749],[-119.889023,47.239757]]]}},{"type":"Feature","properties":{"id":"00499403698","t":"building","op":null,"nm":null,"st":"WA","co":"Grant County","sqft":44446,"lat":47.238561,"lon":-119.864453},"geometry":{"type":"Polygon","coordinates":[[[-119.866109,47.238554],[-119.866096,47.238415],[-119.863150,47.238540],[-119.863143,47.238466],[-119.862964,47.238473],[-119.862991,47.238770],[-119.863168,47.238762],[-119.863161,47.238681],[-119.863860,47.238651],[-119.863865,47.238706],[-119.864086,47.238696],[-119.864080,47.238640],[-119.864942,47.238604],[-119.864947,47.238660],[-119.865169,47.238650],[-119.865163,47.238594],[-119.866109,47.238554]]]}},{"type":"Feature","properties":{"id":"00499403699","t":"building","op":null,"nm":null,"st":"WA","co":"Grant County","sqft":138534,"lat":47.247601,"lon":-119.825429},"geometry":{"type":"Polygon","coordinates":[[[-119.826404,47.248056],[-119.826396,47.247216],[-119.825872,47.247223],[-119.825872,47.247620],[-119.825767,47.247622],[-119.825760,47.247221],[-119.825245,47.247225],[-119.825259,47.247629],[-119.825151,47.247631],[-119.825161,47.246950],[-119.824610,47.246954],[-119.824620,47.248139],[-119.825165,47.248138],[-119.825158,47.247693],[-119.825254,47.247691],[-119.825252,47.248060],[-119.825779,47.248056],[-119.825769,47.247683],[-119.825875,47.247681],[-119.825873,47.248058],[-119.826404,47.248056]]]}},{"type":"Feature","properties":{"id":"00500820007","t":"building","op":"Meta","nm":"Facebook Fort Worth Datacenter","st":"TX","co":"Tarrant County","sqft":634395,"lat":32.983784,"lon":-97.259343},"geometry":{"type":"Polygon","coordinates":[[[-97.259371,32.984338],[-97.257870,32.985027],[-97.258229,32.985578],[-97.261759,32.983957],[-97.261399,32.983407],[-97.259965,32.984065],[-97.259382,32.983172],[-97.260791,32.982525],[-97.26044,32.981987],[-97.256910,32.983607],[-97.257262,32.984146],[-97.258788,32.983445],[-97.259371,32.984338]]]}},{"type":"Feature","properties":{"id":"00502927599","t":"building","op":null,"nm":"Data Center Lenexa","st":"KS","co":"Johnson County","sqft":44552,"lat":38.92517,"lon":-94.77029},"geometry":{"type":"Polygon","coordinates":[[[-94.769965,38.924831],[-94.769964,38.924931],[-94.769959,38.925495],[-94.770088,38.925495],[-94.770129,38.925495],[-94.770421,38.925495],[-94.770465,38.925489],[-94.770508,38.925477],[-94.770540,38.925462],[-94.770566,38.925447],[-94.770571,38.925444],[-94.770591,38.925430],[-94.770603,38.925419],[-94.770618,38.925405],[-94.770636,38.925382],[-94.770652,38.925358],[-94.770663,38.925332],[-94.770669,38.925307],[-94.770672,38.925286],[-94.770672,38.925053],[-94.770547,38.925053],[-94.770547,38.924833],[-94.770165,38.924832],[-94.770150,38.924832],[-94.770032,38.924831],[-94.770018,38.924831],[-94.769965,38.924831]]]}},{"type":"Feature","properties":{"id":"00507673418","t":"building","op":null,"nm":"CITIGROUP TECHNOLOGY INC","st":"TX","co":"Denton County","sqft":242536,"lat":33.006381,"lon":-97.24529},"geometry":{"type":"Polygon","coordinates":[[[-97.246290,33.005836],[-97.244283,33.005843],[-97.244289,33.006926],[-97.246297,33.006919],[-97.246290,33.005836]]]}},{"type":"Feature","properties":{"id":"00507673437","t":"building","op":"Quality Technology Services","nm":"QTS Data Center","st":"TX","co":"Tarrant County","sqft":277996,"lat":32.988855,"lon":-97.259202},"geometry":{"type":"Polygon","coordinates":[[[-97.258919,32.989791],[-97.259340,32.989699],[-97.259279,32.989502],[-97.260012,32.989341],[-97.259963,32.989189],[-97.260385,32.989096],[-97.260166,32.988392],[-97.259977,32.988434],[-97.259970,32.988413],[-97.259925,32.988423],[-97.259901,32.988345],[-97.259716,32.988385],[-97.259618,32.988071],[-97.258886,32.988231],[-97.258825,32.988035],[-97.258391,32.988130],[-97.258452,32.988326],[-97.258162,32.988389],[-97.258557,32.989661],[-97.258858,32.989595],[-97.258919,32.989791]]]}},{"type":"Feature","properties":{"id":"00509611423","t":"building","op":"Lowe's","nm":"Lowe's Data Center","st":"TX","co":"Bexar County","sqft":55066,"lat":29.472846,"lon":-98.689547},"geometry":{"type":"Polygon","coordinates":[[[-98.689335,29.473365],[-98.689710,29.473345],[-98.689692,29.473077],[-98.689882,29.473068],[-98.689847,29.472553],[-98.689657,29.472563],[-98.689642,29.472342],[-98.689266,29.472362],[-98.689335,29.473365]]]}},{"type":"Feature","properties":{"id":"00509611426","t":"building","op":"CHRISTUS Health","nm":null,"st":"TX","co":"Bexar County","sqft":48815,"lat":29.470344,"lon":-98.68621},"geometry":{"type":"Polygon","coordinates":[[[-98.686478,29.469907],[-98.686140,29.470060],[-98.686204,29.470166],[-98.685645,29.470419],[-98.685840,29.470747],[-98.686384,29.470501],[-98.686466,29.470523],[-98.686492,29.470452],[-98.686737,29.470341],[-98.686478,29.469907]]]}},{"type":"Feature","properties":{"id":"00509611429","t":"building","op":"Frost Bank","nm":null,"st":"TX","co":"Bexar County","sqft":68591,"lat":29.470223,"lon":-98.68765},"geometry":{"type":"Polygon","coordinates":[[[-98.687559,29.470794],[-98.688172,29.470559],[-98.688075,29.470368],[-98.688094,29.470360],[-98.688064,29.470301],[-98.687981,29.470333],[-98.687746,29.469869],[-98.687836,29.469834],[-98.687733,29.469630],[-98.687162,29.469849],[-98.687484,29.470487],[-98.687417,29.470512],[-98.687559,29.470794]]]}},{"type":"Feature","properties":{"id":"00509611432","t":"building","op":"CyrusOne","nm":"CyrusOne San Antonio I","st":"TX","co":"Bexar County","sqft":102327,"lat":29.466555,"lon":-98.68811},"geometry":{"type":"Polygon","coordinates":[[[-98.687402,29.466275],[-98.688129,29.467210],[-98.688400,29.467051],[-98.688387,29.467035],[-98.688771,29.466809],[-98.688470,29.466421],[-98.688431,29.466444],[-98.688375,29.466371],[-98.688423,29.466343],[-98.688441,29.466366],[-98.688569,29.466290],[-98.688551,29.466268],[-98.688573,29.466254],[-98.688558,29.466235],[-98.688579,29.466222],[-98.688493,29.466112],[-98.688472,29.466124],[-98.688457,29.466104],[-98.688428,29.466120],[-98.688393,29.466131],[-98.688354,29.466135],[-98.688324,29.466134],[-98.688277,29.466129],[-98.688237,29.466111],[-98.688206,29.466094],[-98.688186,29.466076],[-98.688176,29.466057],[-98.688154,29.466070],[-98.688138,29.466050],[-98.687994,29.466135],[-98.687895,29.466008],[-98.687657,29.466149],[-98.687644,29.466132],[-98.687402,29.466275]]]}},{"type":"Feature","properties":{"id":"00509611436","t":"building","op":"Valero","nm":"Valero Wiserman","st":"TX","co":"Bexar County","sqft":58304,"lat":29.474285,"lon":-98.680064},"geometry":{"type":"Polygon","coordinates":[[[-98.679818,29.474044],[-98.679817,29.473914],[-98.679653,29.473916],[-98.679655,29.474045],[-98.679605,29.474046],[-98.679610,29.474558],[-98.680552,29.474551],[-98.680547,29.474038],[-98.679818,29.474044]]]}},{"type":"Feature","properties":{"id":"00509611437","t":"building","op":null,"nm":"Stream San Antonio II","st":"TX","co":"Bexar County","sqft":71324,"lat":29.472017,"lon":-98.671737},"geometry":{"type":"Polygon","coordinates":[[[-98.671480,29.472448],[-98.671561,29.472525],[-98.672338,29.471913],[-98.672255,29.471833],[-98.672295,29.471801],[-98.671961,29.471480],[-98.671101,29.472157],[-98.671437,29.472481],[-98.671480,29.472448]]]}},{"type":"Feature","properties":{"id":"00509611438","t":"building","op":"CyrusOne","nm":"CyrusOne San Antonio II","st":"TX","co":"Bexar County","sqft":108554,"lat":29.470849,"lon":-98.672999},"geometry":{"type":"Polygon","coordinates":[[[-98.672963,29.470251],[-98.672286,29.470798],[-98.672647,29.471136],[-98.672493,29.471261],[-98.672518,29.471285],[-98.672704,29.471306],[-98.672686,29.471442],[-98.672773,29.471524],[-98.673427,29.470995],[-98.673547,29.471107],[-98.673808,29.470897],[-98.673601,29.470703],[-98.673581,29.470720],[-98.673121,29.470289],[-98.673058,29.470340],[-98.672963,29.470251]]]}},{"type":"Feature","properties":{"id":"00509611439","t":"building","op":"CyrusOne","nm":"CyrusOne San Antonio III","st":"TX","co":"Bexar County","sqft":100537,"lat":29.470044,"lon":-98.672193},"geometry":{"type":"Polygon","coordinates":[[[-98.672931,29.470060],[-98.672874,29.470009],[-98.672931,29.469962],[-98.672753,29.469799],[-98.672696,29.469846],[-98.672590,29.469750],[-98.672537,29.469794],[-98.672406,29.469675],[-98.672441,29.469646],[-98.672261,29.469482],[-98.671757,29.469901],[-98.671616,29.469772],[-98.671443,29.469844],[-98.671281,29.469979],[-98.671466,29.470148],[-98.671596,29.470040],[-98.672244,29.470631],[-98.672931,29.470060]]]}},{"type":"Feature","properties":{"id":"00516686211","t":"building","op":null,"nm":"Spectrum Charlotte National Data Center","st":"NC","co":"Mecklenburg County","sqft":93604,"lat":35.142789,"lon":-80.916208},"geometry":{"type":"Polygon","coordinates":[[[-80.915975,35.142194],[-80.915586,35.142708],[-80.915548,35.142758],[-80.915951,35.142961],[-80.915801,35.143159],[-80.916320,35.143422],[-80.916467,35.143228],[-80.916478,35.143213],[-80.916886,35.142674],[-80.916896,35.142660],[-80.916016,35.142215],[-80.915975,35.142194]]]}},{"type":"Feature","properties":{"id":"00517411076","t":"building","op":null,"nm":null,"st":"OR","co":"Crook County","sqft":377457,"lat":44.288882,"lon":-120.870125},"geometry":{"type":"Polygon","coordinates":[[[-120.872437,44.289290],[-120.872440,44.288901],[-120.872627,44.288902],[-120.872628,44.288801],[-120.872434,44.288801],[-120.872438,44.288417],[-120.870632,44.288410],[-120.870629,44.288811],[-120.870343,44.288810],[-120.870344,44.288626],[-120.870018,44.288625],[-120.870017,44.288807],[-120.869784,44.288806],[-120.869788,44.288384],[-120.867912,44.288376],[-120.867908,44.288770],[-120.867727,44.288769],[-120.867725,44.288922],[-120.867895,44.288923],[-120.867892,44.289307],[-120.868906,44.289311],[-120.869904,44.289315],[-120.869902,44.289492],[-120.870442,44.289494],[-120.870444,44.289281],[-120.872437,44.289290]]]}},{"type":"Feature","properties":{"id":"00523886201","t":"building","op":"Cyxtera","nm":"Cyxtera Tampa TP1","st":"FL","co":"Hillsborough County","sqft":97332,"lat":27.945532,"lon":-82.351162},"geometry":{"type":"Polygon","coordinates":[[[-82.350917,27.945583],[-82.350924,27.946355],[-82.351410,27.946363],[-82.351417,27.944715],[-82.350922,27.944706],[-82.350910,27.945483],[-82.350788,27.945483],[-82.350786,27.945578],[-82.350917,27.945583]]]}},{"type":"Feature","properties":{"id":"00526806006","t":"building","op":"Quality Technology Services","nm":"QTS Irving - Dallas Data Center Campus","st":"TX","co":"Dallas County","sqft":306213,"lat":32.897283,"lon":-96.982788},"geometry":{"type":"Polygon","coordinates":[[[-96.982619,32.897128],[-96.982619,32.897161],[-96.982619,32.897202],[-96.982642,32.897202],[-96.982641,32.897451],[-96.982581,32.897450],[-96.982581,32.897340],[-96.982440,32.897339],[-96.982439,32.897450],[-96.982043,32.897449],[-96.982043,32.897549],[-96.981785,32.897549],[-96.981785,32.897540],[-96.981719,32.897539],[-96.981719,32.897526],[-96.981644,32.897526],[-96.981644,32.897454],[-96.981523,32.897453],[-96.981522,32.897526],[-96.981441,32.897525],[-96.981441,32.897538],[-96.981389,32.897538],[-96.981386,32.898259],[-96.981647,32.898260],[-96.981647,32.898214],[-96.981677,32.898214],[-96.981677,32.898260],[-96.981972,32.898261],[-96.981973,32.898119],[-96.982046,32.898120],[-96.982047,32.898063],[-96.982677,32.898065],[-96.982677,32.898102],[-96.983388,32.898104],[-96.983392,32.897074],[-96.983904,32.897076],[-96.983908,32.896238],[-96.982646,32.896234],[-96.982644,32.896663],[-96.982608,32.896663],[-96.982608,32.896638],[-96.982555,32.896644],[-96.982541,32.896618],[-96.982487,32.896642],[-96.982444,32.896680],[-96.982417,32.896726],[-96.982408,32.896778],[-96.982417,32.896829],[-96.982445,32.896875],[-96.982488,32.896912],[-96.982542,32.896937],[-96.982554,32.896913],[-96.982607,32.89692],[-96.982607,32.896891],[-96.982643,32.896891],[-96.982643,32.897079],[-96.982619,32.897079],[-96.982619,32.897128]]]}},{"type":"Feature","properties":{"id":"00530024353","t":"building","op":"Centersquare","nm":"Centersquare Lisle ORD4 Data Center","st":"IL","co":"DuPage County","sqft":361205,"lat":41.802341,"lon":-88.094886},"geometry":{"type":"Polygon","coordinates":[[[-88.096011,41.803147],[-88.095950,41.801489],[-88.09376,41.801533],[-88.093820,41.803191],[-88.096011,41.803147]]]}},{"type":"Feature","properties":{"id":"00530982335","t":"building","op":null,"nm":"GoDaddy - Gilbert","st":"AZ","co":"Maricopa County","sqft":91811,"lat":33.361914,"lon":-111.839309},"geometry":{"type":"Polygon","coordinates":[[[-111.838442,33.361659],[-111.838442,33.361981],[-111.838511,33.361981],[-111.838510,33.362078],[-111.838702,33.362079],[-111.838702,33.362160],[-111.838768,33.362160],[-111.838768,33.362193],[-111.839039,33.362194],[-111.839039,33.362159],[-111.839223,33.362159],[-111.839223,33.362196],[-111.839370,33.362197],[-111.839370,33.362161],[-111.839546,33.362162],[-111.839546,33.362200],[-111.839766,33.362201],[-111.839767,33.362156],[-111.839945,33.362157],[-111.839977,33.362167],[-111.840016,33.362168],[-111.840048,33.362160],[-111.840070,33.362149],[-111.840103,33.362118],[-111.840104,33.362046],[-111.840135,33.362046],[-111.840137,33.361663],[-111.839813,33.361661],[-111.839750,33.361713],[-111.839688,33.361660],[-111.839358,33.361663],[-111.839295,33.361717],[-111.839227,33.361663],[-111.838897,33.361660],[-111.838831,33.361712],[-111.838771,33.361660],[-111.838442,33.361659]]]}},{"type":"Feature","properties":{"id":"00531709017","t":"building","op":"American Telephone & Telegraph","nm":"AT&T Center","st":"CA","co":"San Diego County","sqft":88910,"lat":32.747575,"lon":-117.158948},"geometry":{"type":"Polygon","coordinates":[[[-117.159389,32.747992],[-117.159386,32.747088],[-117.159061,32.747091],[-117.159061,32.747150],[-117.158903,32.747147],[-117.158903,32.747158],[-117.158683,32.747157],[-117.158682,32.747056],[-117.158518,32.747058],[-117.158526,32.747996],[-117.158791,32.747995],[-117.158792,32.748252],[-117.158939,32.748249],[-117.158940,32.747999],[-117.159006,32.747997],[-117.159007,32.748048],[-117.159062,32.748049],[-117.159061,32.747953],[-117.159318,32.747947],[-117.159318,32.747994],[-117.159389,32.747992]]]}},{"type":"Feature","properties":{"id":"00533842335","t":"building","op":null,"nm":null,"st":"TN","co":"Davidson County","sqft":10355,"lat":36.140481,"lon":-86.764147},"geometry":{"type":"Polygon","coordinates":[[[-86.764312,36.140340],[-86.763984,36.140311],[-86.763960,36.140484],[-86.763983,36.140509],[-86.764041,36.140514],[-86.764034,36.140569],[-86.764094,36.140574],[-86.764081,36.140672],[-86.764264,36.140689],[-86.764312,36.140340]]]}},{"type":"Feature","properties":{"id":"00536784688","t":"building","op":null,"nm":"CenturyLink","st":"GA","co":"Fulton County","sqft":23046,"lat":33.765144,"lon":-84.383736},"geometry":{"type":"Polygon","coordinates":[[[-84.383512,33.765375],[-84.383957,33.765381],[-84.383966,33.764934],[-84.383823,33.764932],[-84.383824,33.764901],[-84.383521,33.764897],[-84.383512,33.765375]]]}},{"type":"Feature","properties":{"id":"00537172525","t":"building","op":null,"nm":null,"st":"WY","co":"Laramie County","sqft":62914,"lat":41.124033,"lon":-104.898089},"geometry":{"type":"Polygon","coordinates":[[[-104.898415,41.123554],[-104.897761,41.123554],[-104.897761,41.124511],[-104.898415,41.124511],[-104.898415,41.123554]]]}},{"type":"Feature","properties":{"id":"00537172526","t":"building","op":null,"nm":null,"st":"WY","co":"Laramie County","sqft":67797,"lat":41.124037,"lon":-104.899269},"geometry":{"type":"Polygon","coordinates":[[[-104.898909,41.123562],[-104.898920,41.124515],[-104.899628,41.124511],[-104.899617,41.123557],[-104.898909,41.123562]]]}},{"type":"Feature","properties":{"id":"00537172527","t":"building","op":null,"nm":null,"st":"WY","co":"Laramie County","sqft":62555,"lat":41.125284,"lon":-104.899271},"geometry":{"type":"Polygon","coordinates":[[[-104.898936,41.124818],[-104.898936,41.125748],[-104.899606,41.125748],[-104.899606,41.124818],[-104.898936,41.124818]]]}},{"type":"Feature","properties":{"id":"00537172528","t":"building","op":null,"nm":null,"st":"WY","co":"Laramie County","sqft":63264,"lat":41.125287,"lon":-104.898083},"geometry":{"type":"Polygon","coordinates":[[[-104.898421,41.124823],[-104.897740,41.124825],[-104.897745,41.125750],[-104.898426,41.125748],[-104.898421,41.124823]]]}},{"type":"Feature","properties":{"id":"00537807168","t":"building","op":"Expedient","nm":"Expedient Pittsburgh South","st":"PA","co":"Allegheny County","sqft":27441,"lat":40.427377,"lon":-80.042532},"geometry":{"type":"Polygon","coordinates":[[[-80.042286,40.427075],[-80.042138,40.427276],[-80.042086,40.427253],[-80.042022,40.427339],[-80.042121,40.427383],[-80.042143,40.427353],[-80.042245,40.427397],[-80.042217,40.427434],[-80.042567,40.427587],[-80.042594,40.427551],[-80.042860,40.427666],[-80.043020,40.427452],[-80.042758,40.427335],[-80.042788,40.427294],[-80.042286,40.427075]]]}},{"type":"Feature","properties":{"id":"00543117031","t":"building","op":"Centersquare","nm":"Centersquare: Phoenix - (PHX1 - Mesa)","st":"AZ","co":"Maricopa County","sqft":57992,"lat":33.421284,"lon":-111.858994},"geometry":{"type":"Polygon","coordinates":[[[-111.858731,33.421598],[-111.859061,33.421598],[-111.859061,33.421648],[-111.859043,33.421648],[-111.859043,33.421700],[-111.859113,33.421700],[-111.859113,33.421643],[-111.859077,33.421643],[-111.859077,33.421605],[-111.859374,33.421605],[-111.859374,33.421097],[-111.859388,33.421097],[-111.859388,33.421112],[-111.859473,33.421112],[-111.859473,33.421040],[-111.859384,33.421040],[-111.859384,33.421056],[-111.859378,33.421056],[-111.859378,33.420975],[-111.859088,33.420975],[-111.859088,33.420807],[-111.858984,33.420807],[-111.858984,33.420901],[-111.858908,33.420901],[-111.858908,33.420980],[-111.858627,33.420980],[-111.858627,33.421399],[-111.858587,33.421399],[-111.858587,33.421501],[-111.858564,33.421501],[-111.858564,33.421672],[-111.858653,33.421672],[-111.858653,33.421654],[-111.858731,33.421654],[-111.858731,33.421598]]]}},{"type":"Feature","properties":{"id":"00543316327","t":"building","op":"DXC Technology","nm":null,"st":"TX","co":"Harris County","sqft":264173,"lat":29.995201,"lon":-95.563254},"geometry":{"type":"Polygon","coordinates":[[[-95.564431,29.995570],[-95.564325,29.995112],[-95.564521,29.995078],[-95.564475,29.994877],[-95.563964,29.994965],[-95.563852,29.994476],[-95.562145,29.994770],[-95.562409,29.995918],[-95.564431,29.995570]]]}},{"type":"Feature","properties":{"id":"00543404966","t":"building","op":"DXC Technology","nm":null,"st":"TX","co":"Harris County","sqft":113970,"lat":29.997307,"lon":-95.563985},"geometry":{"type":"Polygon","coordinates":[[[-95.563432,29.997851],[-95.563973,29.997818],[-95.563946,29.997487],[-95.564126,29.997476],[-95.564137,29.997602],[-95.564721,29.997567],[-95.564675,29.997011],[-95.564470,29.997023],[-95.564453,29.996818],[-95.564239,29.996831],[-95.564251,29.996974],[-95.564085,29.996984],[-95.564075,29.996856],[-95.563885,29.996867],[-95.563888,29.996905],[-95.563358,29.996937],[-95.563432,29.997851]]]}},{"type":"Feature","properties":{"id":"00544536822","t":"building","op":null,"nm":"Liquid Web","st":"MI","co":"Eaton County","sqft":23079,"lat":42.687951,"lon":-84.642995},"geometry":{"type":"Polygon","coordinates":[[[-84.642778,42.688231],[-84.643091,42.688232],[-84.643091,42.688184],[-84.643199,42.688184],[-84.643199,42.688002],[-84.643305,42.688002],[-84.643306,42.687933],[-84.643216,42.687933],[-84.643217,42.687717],[-84.643083,42.687717],[-84.643084,42.687673],[-84.642780,42.687673],[-84.642778,42.688231]]]}},{"type":"Feature","properties":{"id":"00544596573","t":"building","op":"Amazon Web Services","nm":"Amazon IAD63","st":"VA","co":"Loudoun County","sqft":143980,"lat":38.916885,"lon":-77.493251},"geometry":{"type":"Polygon","coordinates":[[[-77.493505,38.917958],[-77.493650,38.915837],[-77.492997,38.915810],[-77.492852,38.917931],[-77.493505,38.917958]]]}},{"type":"Feature","properties":{"id":"00545060574","t":"building","op":null,"nm":"Liquid Web, Inc","st":"MI","co":"Eaton County","sqft":72843,"lat":42.70539,"lon":-84.666089},"geometry":{"type":"Polygon","coordinates":[[[-84.666559,42.705785],[-84.666567,42.705000],[-84.665619,42.704995],[-84.665611,42.705779],[-84.666559,42.705785]]]}},{"type":"Feature","properties":{"id":"00545396372","t":"building","op":"Amazon Web Services","nm":"Amazon IAD62","st":"VA","co":"Loudoun County","sqft":149941,"lat":38.949322,"lon":-77.519875},"geometry":{"type":"Polygon","coordinates":[[[-77.519632,38.948233],[-77.519014,38.948443],[-77.520116,38.950409],[-77.520735,38.950200],[-77.519632,38.948233]]]}},{"type":"Feature","properties":{"id":"00545704217","t":"building","op":null,"nm":null,"st":"GA","co":"Cobb County","sqft":18558,"lat":34.070704,"lon":-84.675908},"geometry":{"type":"Polygon","coordinates":[[[-84.676150,34.070873],[-84.676148,34.070524],[-84.675699,34.070528],[-84.675700,34.070537],[-84.675702,34.070600],[-84.675655,34.070599],[-84.675657,34.070876],[-84.676150,34.070873]]]}},{"type":"Feature","properties":{"id":"00545895086","t":"building","op":null,"nm":"ADP South Dakota","st":"SD","co":"Minnehaha County","sqft":243125,"lat":43.599915,"lon":-96.794707},"geometry":{"type":"Polygon","coordinates":[[[-96.795323,43.600823],[-96.796075,43.599878],[-96.793980,43.599004],[-96.793439,43.599683],[-96.793746,43.599812],[-96.793593,43.600004],[-96.793722,43.600058],[-96.793664,43.600131],[-96.795323,43.600823]]]}},{"type":"Feature","properties":{"id":"00547156394","t":"building","op":null,"nm":"TJX Corporate Techno","st":"OH","co":"Franklin County","sqft":102681,"lat":40.10386,"lon":-82.810626},"geometry":{"type":"Polygon","coordinates":[[[-82.811377,40.103580],[-82.811031,40.103563],[-82.811036,40.103503],[-82.810281,40.103464],[-82.810278,40.103505],[-82.809923,40.103487],[-82.809883,40.103485],[-82.809851,40.103841],[-82.809905,40.103844],[-82.810041,40.103851],[-82.81002,40.104100],[-82.810228,40.104110],[-82.810219,40.104211],[-82.810212,40.104285],[-82.810742,40.104312],[-82.810745,40.104275],[-82.811108,40.104295],[-82.811129,40.104050],[-82.811336,40.104060],[-82.811377,40.103580]]]}},{"type":"Feature","properties":{"id":"00547156405","t":"building","op":null,"nm":"Compugen New Albany","st":"OH","co":"Franklin County","sqft":44250,"lat":40.10455,"lon":-82.804945},"geometry":{"type":"Polygon","coordinates":[[[-82.805178,40.104777],[-82.805375,40.104352],[-82.804883,40.104218],[-82.804868,40.104251],[-82.804628,40.104186],[-82.804449,40.104573],[-82.804684,40.104637],[-82.804669,40.104670],[-82.804786,40.104702],[-82.804760,40.104758],[-82.804873,40.104789],[-82.804841,40.104860],[-82.805076,40.104924],[-82.805059,40.104961],[-82.805240,40.105010],[-82.805328,40.104818],[-82.805178,40.104777]]]}},{"type":"Feature","properties":{"id":"00547277699","t":"building","op":null,"nm":"Compugen New Albany","st":"OH","co":"Franklin County","sqft":32222,"lat":40.103677,"lon":-82.808939},"geometry":{"type":"Polygon","coordinates":[[[-82.809137,40.104082],[-82.809197,40.103373],[-82.808616,40.103344],[-82.808607,40.103448],[-82.808690,40.103452],[-82.808664,40.103762],[-82.808824,40.103770],[-82.808799,40.104065],[-82.809137,40.104082]]]}},{"type":"Feature","properties":{"id":"00548184239","t":"building","op":"Flexential","nm":"Flexential Dallas - Richardson","st":"TX","co":"Collin County","sqft":68520,"lat":32.994813,"lon":-96.752502},"geometry":{"type":"Polygon","coordinates":[[[-96.752460,32.995320],[-96.752938,32.994918],[-96.753045,32.994825],[-96.753103,32.994777],[-96.752741,32.994459],[-96.752555,32.994304],[-96.752493,32.994355],[-96.752488,32.994360],[-96.752455,32.994387],[-96.752408,32.994427],[-96.752391,32.994441],[-96.752385,32.994447],[-96.751890,32.994853],[-96.752073,32.995007],[-96.752285,32.995175],[-96.752460,32.995320]]]}},{"type":"Feature","properties":{"id":"00549418041","t":"building","op":null,"nm":"Experian McKinney Data Center","st":"TX","co":"Collin County","sqft":76624,"lat":33.171796,"lon":-96.725505},"geometry":{"type":"Polygon","coordinates":[[[-96.725530,33.172334],[-96.726139,33.171702],[-96.725479,33.171257],[-96.724870,33.171889],[-96.725530,33.172334]]]}},{"type":"Feature","properties":{"id":"00551387747","t":"building","op":null,"nm":null,"st":"OH","co":"Franklin County","sqft":56266,"lat":40.115717,"lon":-83.002565},"geometry":{"type":"Polygon","coordinates":[[[-83.002723,40.116298],[-83.002722,40.116206],[-83.002757,40.116206],[-83.002750,40.115868],[-83.002858,40.115867],[-83.002845,40.115182],[-83.002501,40.115186],[-83.002501,40.115215],[-83.002300,40.115217],[-83.002321,40.116303],[-83.002723,40.116298]]]}},{"type":"Feature","properties":{"id":"00553223628","t":"building","op":"Stack Infrastructure","nm":"Stack Infrastructure","st":"CA","co":"Santa Clara County","sqft":78105,"lat":37.402559,"lon":-121.893382},"geometry":{"type":"Polygon","coordinates":[[[-121.893614,37.401853],[-121.893062,37.401879],[-121.893167,37.403266],[-121.893719,37.403239],[-121.893679,37.402713],[-121.893565,37.402718],[-121.893545,37.402458],[-121.893659,37.402453],[-121.893614,37.401853]]]}},{"type":"Feature","properties":{"id":"00553223629","t":"building","op":"Stack Infrastructure","nm":"Stack Infrastructure","st":"CA","co":"Santa Clara County","sqft":107993,"lat":37.402213,"lon":-121.892384},"geometry":{"type":"Polygon","coordinates":[[[-121.892594,37.402166],[-121.892541,37.401463],[-121.892530,37.401463],[-121.892525,37.401399],[-121.892487,37.401401],[-121.892469,37.401162],[-121.892034,37.401183],[-121.892057,37.401486],[-121.892039,37.401487],[-121.892101,37.402285],[-121.892184,37.402281],[-121.892260,37.403256],[-121.892705,37.403234],[-121.892689,37.403027],[-121.892734,37.403025],[-121.892729,37.402962],[-121.892739,37.402962],[-121.892676,37.402154],[-121.892648,37.402155],[-121.892648,37.402163],[-121.892594,37.402166]]]}},{"type":"Feature","properties":{"id":"00553884511","t":"building","op":null,"nm":"Carfax","st":"MO","co":"Boone County","sqft":39487,"lat":38.923512,"lon":-92.288624},"geometry":{"type":"Polygon","coordinates":[[[-92.288049,38.923356],[-92.288042,38.923662],[-92.288873,38.923673],[-92.288872,38.923741],[-92.289068,38.923744],[-92.28907,38.923678],[-92.289162,38.923679],[-92.289170,38.923374],[-92.289073,38.923372],[-92.289075,38.923308],[-92.288883,38.923305],[-92.288882,38.923368],[-92.288504,38.923362],[-92.288506,38.923291],[-92.288382,38.923289],[-92.288359,38.923289],[-92.288358,38.923317],[-92.288302,38.923316],[-92.288301,38.923359],[-92.288049,38.923356]]]}},{"type":"Feature","properties":{"id":"00556564909","t":"building","op":"Meta","nm":"Facebook Altoona Data Center 3","st":"IA","co":"Polk County","sqft":377755,"lat":41.667071,"lon":-93.506466},"geometry":{"type":"Polygon","coordinates":[[[-93.506552,41.667400],[-93.508747,41.668316],[-93.509147,41.667780],[-93.504373,41.665787],[-93.503981,41.666311],[-93.505028,41.666748],[-93.504849,41.666987],[-93.506382,41.667627],[-93.506552,41.667400]]]}},{"type":"Feature","properties":{"id":"00556599693","t":"building","op":"Amazon Web Services","nm":"Amazon IAD71","st":"VA","co":"Loudoun County","sqft":121176,"lat":39.027908,"lon":-77.457503},"geometry":{"type":"Polygon","coordinates":[[[-77.458591,39.027709],[-77.458218,39.027236],[-77.456408,39.028115],[-77.456783,39.028576],[-77.458591,39.027709]]]}},{"type":"Feature","properties":{"id":"00556599694","t":"building","op":"Amazon Web Services","nm":"Amazon IAD50","st":"VA","co":"Loudoun County","sqft":202194,"lat":39.02957,"lon":-77.459683},"geometry":{"type":"Polygon","coordinates":[[[-77.461469,39.029439],[-77.461254,39.028902],[-77.457875,39.029714],[-77.458092,39.030231],[-77.461469,39.029439]]]}},{"type":"Feature","properties":{"id":"00556599695","t":"building","op":"Amazon Web Services","nm":"Amazon IAD60","st":"VA","co":"Loudoun County","sqft":110965,"lat":39.028774,"lon":-77.458246},"geometry":{"type":"Polygon","coordinates":[[[-77.459257,39.028612],[-77.458882,39.028142],[-77.457235,39.028934],[-77.457610,39.029405],[-77.459257,39.028612]]]}},{"type":"Feature","properties":{"id":"00562775657","t":"building","op":"Amazon Web Services","nm":"Amazon Web Services  CMH50","st":"OH","co":"Licking County","sqft":161683,"lat":40.09463,"lon":-82.751339},"geometry":{"type":"Polygon","coordinates":[[[-82.752815,40.094415],[-82.749899,40.094301],[-82.749863,40.094843],[-82.752778,40.094958],[-82.752815,40.094415]]]}},{"type":"Feature","properties":{"id":"00567575425","t":"building","op":null,"nm":null,"st":"AZ","co":"Maricopa County","sqft":1263277,"lat":33.347021,"lon":-111.604139},"geometry":{"type":"Polygon","coordinates":[[[-111.602772,33.344927],[-111.60278,33.345687],[-111.602805,33.348287],[-111.602814,33.349157],[-111.605468,33.349138],[-111.605439,33.346266],[-111.605763,33.346263],[-111.605758,33.345822],[-111.605435,33.345824],[-111.605425,33.344909],[-111.602772,33.344927]]]}},{"type":"Feature","properties":{"id":"00570397131","t":"building","op":null,"nm":"Thin-nology","st":"TX","co":"Travis County","sqft":9209,"lat":30.421141,"lon":-97.591603},"geometry":{"type":"Polygon","coordinates":[[[-97.591814,30.421238],[-97.591818,30.421050],[-97.591391,30.421043],[-97.591387,30.421231],[-97.591814,30.421238]]]}},{"type":"Feature","properties":{"id":"00571010571","t":"building","op":"CyrusOne","nm":"CyrusOne Norwalk","st":"CT","co":"Western Connecticut Planning Region","sqft":77778,"lat":41.113092,"lon":-73.388649},"geometry":{"type":"Polygon","coordinates":[[[-73.387951,41.112884],[-73.388687,41.113658],[-73.389347,41.113299],[-73.388611,41.112526],[-73.387951,41.112884]]]}},{"type":"Feature","properties":{"id":"00577628941","t":"building","op":null,"nm":"Data Foundry - Texas 2","st":"TX","co":"Travis County","sqft":104857,"lat":30.199588,"lon":-97.713076},"geometry":{"type":"Polygon","coordinates":[[[-97.713921,30.199891],[-97.712814,30.198937],[-97.712218,30.199454],[-97.712506,30.199701],[-97.712648,30.199577],[-97.713381,30.200209],[-97.713548,30.200065],[-97.713634,30.200139],[-97.713921,30.199891]]]}},{"type":"Feature","properties":{"id":"00578443547","t":"building","op":"Microsoft","nm":"Microsoft - Azure Datacenter","st":"IL","co":"Cook County","sqft":306766,"lat":41.923006,"lon":-87.918241},"geometry":{"type":"Polygon","coordinates":[[[-87.918932,41.924182],[-87.918944,41.922059],[-87.918390,41.922057],[-87.918392,41.921732],[-87.917595,41.921730],[-87.917582,41.924152],[-87.918825,41.924156],[-87.918825,41.924182],[-87.918932,41.924182]]]}},{"type":"Feature","properties":{"id":"00581234765","t":"building","op":null,"nm":"Cloud Storage Corp","st":"KS","co":"Ellis County","sqft":11561,"lat":38.872132,"lon":-99.300187},"geometry":{"type":"Polygon","coordinates":[[[-99.300446,38.872237],[-99.300443,38.872021],[-99.299928,38.872026],[-99.299931,38.872243],[-99.300446,38.872237]]]}},{"type":"Feature","properties":{"id":"00585998677","t":"building","op":"Switch","nm":"Switch Las Vegas 8","st":"NV","co":"Clark County","sqft":264412,"lat":36.057834,"lon":-115.214258},"geometry":{"type":"Polygon","coordinates":[[[-115.216048,36.058119],[-115.216012,36.057427],[-115.212467,36.057548],[-115.212503,36.058240],[-115.216048,36.058119]]]}},{"type":"Feature","properties":{"id":"00585998678","t":"building","op":"Switch","nm":"Switch Las Vegas 9","st":"NV","co":"Clark County","sqft":286176,"lat":36.055708,"lon":-115.219628},"geometry":{"type":"Polygon","coordinates":[[[-115.221523,36.055996],[-115.221485,36.055289],[-115.217732,36.055418],[-115.217769,36.056125],[-115.218559,36.056098],[-115.218772,36.056091],[-115.220327,36.056037],[-115.220544,36.056030],[-115.221523,36.055996]]]}},{"type":"Feature","properties":{"id":"00587103676","t":"building","op":null,"nm":null,"st":"TX","co":"Harris County","sqft":98195,"lat":29.821506,"lon":-95.570785},"geometry":{"type":"Polygon","coordinates":[[[-95.571047,29.822171],[-95.571043,29.821627],[-95.571098,29.821627],[-95.571096,29.821424],[-95.571280,29.821423],[-95.571277,29.820978],[-95.570394,29.820983],[-95.570398,29.821515],[-95.570320,29.821515],[-95.570322,29.821722],[-95.570480,29.821721],[-95.570483,29.822169],[-95.570594,29.822168],[-95.570594,29.822138],[-95.570947,29.822136],[-95.570947,29.822172],[-95.571047,29.822171]]]}},{"type":"Feature","properties":{"id":"00589070714","t":"building","op":"Phillips Exeter Academy","nm":"Information Technology Data Center","st":"NH","co":"Rockingham County","sqft":7733,"lat":42.982091,"lon":-70.950593},"geometry":{"type":"Polygon","coordinates":[[[-70.950356,42.982156],[-70.950455,42.982219],[-70.950439,42.982232],[-70.950494,42.982267],[-70.95051,42.982254],[-70.950533,42.982269],[-70.950832,42.982020],[-70.950655,42.981907],[-70.950552,42.981992],[-70.950356,42.982156]]]}},{"type":"Feature","properties":{"id":"00589360530","t":"building","op":null,"nm":"Digital Fortress Lynnwood","st":"WA","co":"Snohomish County","sqft":24944,"lat":47.822425,"lon":-122.289561},"geometry":{"type":"Polygon","coordinates":[[[-122.289252,47.822667],[-122.289701,47.822669],[-122.289702,47.822529],[-122.289975,47.822529],[-122.289975,47.822315],[-122.289887,47.822255],[-122.289386,47.822253],[-122.289386,47.822223],[-122.289451,47.822223],[-122.289452,47.822147],[-122.289397,47.822147],[-122.289397,47.822139],[-122.289255,47.822138],[-122.289252,47.822667]]]}},{"type":"Feature","properties":{"id":"00590213770","t":"building","op":null,"nm":null,"st":"TX","co":"Collin County","sqft":33064,"lat":33.137805,"lon":-96.655926},"geometry":{"type":"Polygon","coordinates":[[[-96.655663,33.138148],[-96.656022,33.138178],[-96.656052,33.137927],[-96.656167,33.137936],[-96.656218,33.137507],[-96.655744,33.137467],[-96.655663,33.138148]]]}},{"type":"Feature","properties":{"id":"00590213771","t":"building","op":"CyrusOne","nm":"CyrusOne Allen","st":"TX","co":"Collin County","sqft":271378,"lat":33.138521,"lon":-96.659952},"geometry":{"type":"Polygon","coordinates":[[[-96.659077,33.139226],[-96.660638,33.139359],[-96.660825,33.137814],[-96.659265,33.137681],[-96.659077,33.139226]]]}},{"type":"Feature","properties":{"id":"00592171280","t":"building","op":"Amazon Web Services","nm":"Amazon Web Services us-west-2","st":"OR","co":"Morrow County","sqft":151857,"lat":45.840444,"lon":-119.654979},"geometry":{"type":"Polygon","coordinates":[[[-119.656516,45.840686],[-119.656498,45.840152],[-119.653442,45.840200],[-119.653460,45.840734],[-119.656516,45.840686]]]}},{"type":"Feature","properties":{"id":"00592257327","t":"building","op":"Amazon Web Services","nm":"Amazon PDX51/54","st":"OR","co":"Umatilla County","sqft":260806,"lat":45.917448,"lon":-119.267734},"geometry":{"type":"Polygon","coordinates":[[[-119.269294,45.917894],[-119.269289,45.916992],[-119.266173,45.917000],[-119.266178,45.917902],[-119.269294,45.917894]]]}},{"type":"Feature","properties":{"id":"00596690174","t":"building","op":"Amazon Web Services","nm":"Amazon IAD80","st":"VA","co":"Loudoun County","sqft":150443,"lat":39.027109,"lon":-77.452829},"geometry":{"type":"Polygon","coordinates":[[[-77.451458,39.027386],[-77.454207,39.027359],[-77.454198,39.026831],[-77.451450,39.026857],[-77.451458,39.027386]]]}},{"type":"Feature","properties":{"id":"00596690175","t":"building","op":"Equinix","nm":"Equinix Ashburn DC12","st":"VA","co":"Loudoun County","sqft":96380,"lat":39.023007,"lon":-77.449758},"geometry":{"type":"Polygon","coordinates":[[[-77.450358,39.023735],[-77.450758,39.023333],[-77.449027,39.022295],[-77.448816,39.022506],[-77.448960,39.022593],[-77.448829,39.022725],[-77.450297,39.023606],[-77.450240,39.023664],[-77.450358,39.023735]]]}},{"type":"Feature","properties":{"id":"00597835788","t":"building","op":"Stream","nm":"Stream DFW IV","st":"TX","co":"Collin County","sqft":19684,"lat":33.000144,"lon":-96.661646},"geometry":{"type":"Polygon","coordinates":[[[-96.661899,33.000318],[-96.661901,32.999971],[-96.661393,32.999969],[-96.661391,33.000316],[-96.661899,33.000318]]]}},{"type":"Feature","properties":{"id":"00597876719","t":"building","op":"Rackspace","nm":"Rackspace Richardson DFW3","st":"TX","co":"Dallas County","sqft":112950,"lat":32.964789,"lon":-96.715877},"geometry":{"type":"Polygon","coordinates":[[[-96.715069,32.964611],[-96.715107,32.964610],[-96.715112,32.964610],[-96.715115,32.964650],[-96.715124,32.964697],[-96.715134,32.964747],[-96.715131,32.965019],[-96.715130,32.965033],[-96.715129,32.965052],[-96.715129,32.965065],[-96.715128,32.965118],[-96.715137,32.965118],[-96.715177,32.965118],[-96.715375,32.965119],[-96.715442,32.965119],[-96.715442,32.965132],[-96.715460,32.965132],[-96.715551,32.965131],[-96.715551,32.965123],[-96.715864,32.965122],[-96.716134,32.965123],[-96.716633,32.965130],[-96.716633,32.965059],[-96.716634,32.964918],[-96.716641,32.964463],[-96.715132,32.964451],[-96.715132,32.964430],[-96.715115,32.964430],[-96.715115,32.964490],[-96.715115,32.964511],[-96.715070,32.964510],[-96.715069,32.964553],[-96.715069,32.964611]]]}},{"type":"Feature","properties":{"id":"00597876721","t":"building","op":"Digital Realty","nm":"Digital Realty Dallas DFW17","st":"TX","co":"Dallas County","sqft":83615,"lat":32.966281,"lon":-96.713212},"geometry":{"type":"Polygon","coordinates":[[[-96.713869,32.966565],[-96.713870,32.966510],[-96.713872,32.966357],[-96.713874,32.965999],[-96.712557,32.965995],[-96.712549,32.966565],[-96.713499,32.966564],[-96.713869,32.966565]]]}},{"type":"Feature","properties":{"id":"00597876722","t":"building","op":"Digital Realty","nm":"Digital Realty Dallas DFW29","st":"TX","co":"Dallas County","sqft":122436,"lat":32.967233,"lon":-96.710546},"geometry":{"type":"Polygon","coordinates":[[[-96.711189,32.966920],[-96.710540,32.966934],[-96.710436,32.966941],[-96.709609,32.966942],[-96.709608,32.967528],[-96.709833,32.967522],[-96.710652,32.967516],[-96.711186,32.967526],[-96.711184,32.967635],[-96.711328,32.967641],[-96.711333,32.967521],[-96.711444,32.967527],[-96.71145,32.967127],[-96.711424,32.967126],[-96.711426,32.967005],[-96.711445,32.967005],[-96.711447,32.966912],[-96.711189,32.966910],[-96.711189,32.966920]]]}},{"type":"Feature","properties":{"id":"00597876723","t":"building","op":null,"nm":null,"st":"TX","co":"Dallas County","sqft":62460,"lat":32.966254,"lon":-96.711196},"geometry":{"type":"Polygon","coordinates":[[[-96.711773,32.966023],[-96.711776,32.965949],[-96.711420,32.965934],[-96.711419,32.965983],[-96.710677,32.965990],[-96.710684,32.966410],[-96.710767,32.966408],[-96.710767,32.966468],[-96.710767,32.966550],[-96.711654,32.966553],[-96.711661,32.966023],[-96.711773,32.966023]]]}},{"type":"Feature","properties":{"id":"00597876724","t":"building","op":"Digital Realty","nm":"Digital Realty Dallas DFW28","st":"TX","co":"Dallas County","sqft":122015,"lat":32.967241,"lon":-96.713308},"geometry":{"type":"Polygon","coordinates":[[[-96.714242,32.966948],[-96.712677,32.966940],[-96.712670,32.966925],[-96.712404,32.966924],[-96.712403,32.967010],[-96.712420,32.967010],[-96.712420,32.967126],[-96.712404,32.967126],[-96.712402,32.967520],[-96.712525,32.967523],[-96.712519,32.967640],[-96.712672,32.967632],[-96.712672,32.967530],[-96.714238,32.967528],[-96.714242,32.966948]]]}},{"type":"Feature","properties":{"id":"00597876726","t":"building","op":"Digital Realty","nm":"Digital Realty Dallas DFW35","st":"TX","co":"Dallas County","sqft":116539,"lat":32.965046,"lon":-96.710291},"geometry":{"type":"Polygon","coordinates":[[[-96.709787,32.964715],[-96.709786,32.965472],[-96.709726,32.965473],[-96.709723,32.965635],[-96.709950,32.965631],[-96.709951,32.965568],[-96.710630,32.965578],[-96.710629,32.965537],[-96.710629,32.965457],[-96.710778,32.965456],[-96.710787,32.964465],[-96.710036,32.964463],[-96.710038,32.964710],[-96.709787,32.964715]]]}},{"type":"Feature","properties":{"id":"00597876730","t":"building","op":"Digital Realty","nm":"Digital Realty Dallas DFW18","st":"TX","co":"Dallas County","sqft":222335,"lat":32.965204,"lon":-96.712609},"geometry":{"type":"Polygon","coordinates":[[[-96.713703,32.964756],[-96.712181,32.964748],[-96.711500,32.964744],[-96.711493,32.965623],[-96.712624,32.965628],[-96.712623,32.965770],[-96.712945,32.965771],[-96.712946,32.965634],[-96.713534,32.965637],[-96.713534,32.965659],[-96.713727,32.965660],[-96.713729,32.965492],[-96.713697,32.965491],[-96.713703,32.964756]]]}},{"type":"Feature","properties":{"id":"00597876798","t":"building","op":"Digital Realty","nm":"Digital Realty Dallas DFW16","st":"TX","co":"Dallas County","sqft":109470,"lat":32.966077,"lon":-96.715587},"geometry":{"type":"Polygon","coordinates":[[[-96.715099,32.965583],[-96.715097,32.965829],[-96.715096,32.965847],[-96.715088,32.966454],[-96.715088,32.966474],[-96.715086,32.966569],[-96.716044,32.966573],[-96.716076,32.966573],[-96.716080,32.966100],[-96.716096,32.966100],[-96.716098,32.965911],[-96.716077,32.965911],[-96.716086,32.965587],[-96.715431,32.965587],[-96.715431,32.965511],[-96.715361,32.965511],[-96.715360,32.965541],[-96.715361,32.965582],[-96.715099,32.965583]]]}},{"type":"Feature","properties":{"id":"00597970806","t":"building","op":"Digital Realty","nm":"Digital Realty Northern Virginia IAD36","st":"VA","co":"Loudoun County","sqft":112516,"lat":39.001552,"lon":-77.479344},"geometry":{"type":"Polygon","coordinates":[[[-77.479559,39.002162],[-77.479582,39.002128],[-77.479610,39.002139],[-77.479634,39.002104],[-77.479683,39.002125],[-77.479723,39.002067],[-77.479757,39.002080],[-77.479987,39.001742],[-77.480017,39.001754],[-77.480118,39.001607],[-77.480086,39.001593],[-77.480170,39.001470],[-77.479005,39.000987],[-77.478988,39.001011],[-77.478807,39.000935],[-77.478621,39.001208],[-77.478796,39.001280],[-77.478579,39.001599],[-77.479011,39.001778],[-77.478974,39.001833],[-77.479047,39.001864],[-77.479026,39.001895],[-77.479104,39.001928],[-77.479079,39.001963],[-77.479559,39.002162]]]}},{"type":"Feature","properties":{"id":"00597970809","t":"building","op":"Digital Realty","nm":"Digital Realty Northern Virginia IAD35","st":"VA","co":"Loudoun County","sqft":206225,"lat":39.000511,"lon":-77.480595},"geometry":{"type":"Polygon","coordinates":[[[-77.481535,39.001328],[-77.481631,39.001188],[-77.481659,39.001200],[-77.481694,39.001148],[-77.481662,39.001135],[-77.481947,39.000720],[-77.481800,39.000659],[-77.481824,39.000624],[-77.481758,39.000596],[-77.481785,39.000557],[-77.481226,39.000323],[-77.481258,39.000277],[-77.481204,39.000254],[-77.481212,39.000242],[-77.481117,39.000202],[-77.481108,39.000214],[-77.480966,39.000155],[-77.480883,39.000276],[-77.480401,39.000074],[-77.480451,39.000002],[-77.479852,38.999751],[-77.479826,38.999789],[-77.479704,38.999737],[-77.479674,38.999781],[-77.479618,38.999758],[-77.479338,39.000166],[-77.479305,39.000152],[-77.479208,39.000293],[-77.479244,39.000308],[-77.479207,39.000362],[-77.480348,39.000839],[-77.480352,39.000832],[-77.481535,39.001328]]]}},{"type":"Feature","properties":{"id":"00597970811","t":"building","op":"Digital Realty","nm":"Digital Realty Northern Virginia IAD37","st":"VA","co":"Loudoun County","sqft":144298,"lat":39.00001,"lon":-77.47807},"geometry":{"type":"Polygon","coordinates":[[[-77.478593,39.000631],[-77.478701,39.000676],[-77.478883,39.000413],[-77.478773,39.000368],[-77.479000,39.000040],[-77.478969,39.000027],[-77.478992,38.999994],[-77.479007,39.000000],[-77.479061,38.999922],[-77.479045,38.999916],[-77.47906,38.999894],[-77.478734,38.999758],[-77.478720,38.999778],[-77.478581,38.999720],[-77.478570,38.999737],[-77.478455,38.999689],[-77.478466,38.999673],[-77.478347,38.999623],[-77.478337,38.999638],[-77.478308,38.999626],[-77.478281,38.999665],[-77.478174,38.999621],[-77.478131,38.999683],[-77.477423,38.999387],[-77.477199,38.999709],[-77.477159,38.999693],[-77.476968,38.999970],[-77.478584,39.000645],[-77.478593,39.000631]]]}},{"type":"Feature","properties":{"id":"00597970813","t":"building","op":"Digital Realty","nm":"Digital Realty Northern Virginia IAD38","st":"VA","co":"Loudoun County","sqft":114543,"lat":39.00111,"lon":-77.477184},"geometry":{"type":"Polygon","coordinates":[[[-77.477684,39.001680],[-77.477734,39.001607],[-77.477765,39.001620],[-77.477915,39.001403],[-77.477887,39.001391],[-77.478007,39.001217],[-77.478030,39.001227],[-77.478103,39.001122],[-77.477889,39.001032],[-77.477897,39.001020],[-77.476720,39.000527],[-77.476726,39.000519],[-77.476651,39.000487],[-77.476553,39.000629],[-77.476581,39.000641],[-77.476513,39.000738],[-77.476498,39.000732],[-77.476438,39.000817],[-77.476500,39.000843],[-77.476299,39.001133],[-77.477247,39.001530],[-77.477239,39.001541],[-77.477565,39.001678],[-77.477590,39.001641],[-77.477684,39.001680]]]}},{"type":"Feature","properties":{"id":"00598261190","t":"building","op":null,"nm":"State Farm Data Center","st":"KS","co":"Johnson County","sqft":198601,"lat":38.940113,"lon":-94.867688},"geometry":{"type":"Polygon","coordinates":[[[-94.866277,38.940160],[-94.867860,38.940530],[-94.867971,38.940556],[-94.868046,38.940574],[-94.868830,38.940757],[-94.869069,38.940137],[-94.869073,38.940127],[-94.869076,38.940118],[-94.869078,38.940115],[-94.869084,38.940117],[-94.869087,38.940110],[-94.868488,38.939971],[-94.868287,38.939924],[-94.868294,38.939906],[-94.868300,38.939891],[-94.868328,38.939823],[-94.868342,38.939826],[-94.868345,38.939817],[-94.868332,38.939814],[-94.868005,38.939739],[-94.867949,38.939725],[-94.867959,38.939698],[-94.867961,38.939693],[-94.867846,38.939666],[-94.867844,38.939671],[-94.867836,38.939694],[-94.867832,38.939704],[-94.867411,38.939606],[-94.867383,38.939678],[-94.867381,38.939684],[-94.867379,38.939690],[-94.867372,38.939708],[-94.867214,38.939671],[-94.866522,38.939511],[-94.866520,38.939516],[-94.866517,38.939524],[-94.866512,38.939536],[-94.866277,38.940160]]]}},{"type":"Feature","properties":{"id":"00598263496","t":"building","op":null,"nm":"U.S. Bank National Data Process Center","st":"KS","co":"Johnson County","sqft":162098,"lat":38.935643,"lon":-94.864471},"geometry":{"type":"Polygon","coordinates":[[[-94.864772,38.936155],[-94.865005,38.936018],[-94.865180,38.936189],[-94.865318,38.936106],[-94.865308,38.936096],[-94.865338,38.936078],[-94.865361,38.936064],[-94.865381,38.936051],[-94.865405,38.936036],[-94.865415,38.936046],[-94.865554,38.935961],[-94.865426,38.935835],[-94.865413,38.935843],[-94.865344,38.935775],[-94.865355,38.935767],[-94.865235,38.935645],[-94.865197,38.935668],[-94.865139,38.935611],[-94.865084,38.935556],[-94.864990,38.935461],[-94.865100,38.935394],[-94.864574,38.934867],[-94.863454,38.935556],[-94.863630,38.935726],[-94.863541,38.935782],[-94.863811,38.936049],[-94.863834,38.936035],[-94.863954,38.935962],[-94.863974,38.935950],[-94.864062,38.936037],[-94.864069,38.936033],[-94.864254,38.936214],[-94.864265,38.936225],[-94.864275,38.936235],[-94.864344,38.936302],[-94.864571,38.936162],[-94.864601,38.936142],[-94.864647,38.936114],[-94.864698,38.936082],[-94.864772,38.936155]]]}},{"type":"Feature","properties":{"id":"00600806974","t":"building","op":"Equinix","nm":"Equinix SV10","st":"CA","co":"Santa Clara County","sqft":86340,"lat":37.241199,"lon":-121.784763},"geometry":{"type":"Polygon","coordinates":[[[-121.785299,37.241907],[-121.785679,37.241498],[-121.784141,37.240549],[-121.783828,37.240879],[-121.785269,37.241764],[-121.785197,37.241840],[-121.785299,37.241907]]]}},{"type":"Feature","properties":{"id":"00607483487","t":"building","op":null,"nm":null,"st":"NJ","co":"Gloucester County","sqft":41058,"lat":39.83093,"lon":-75.195323},"geometry":{"type":"Polygon","coordinates":[[[-75.195914,39.830804],[-75.195634,39.830524],[-75.194732,39.831055],[-75.195011,39.831335],[-75.195914,39.830804]]]}},{"type":"Feature","properties":{"id":"00607753694","t":"building","op":"Verizon Wireless","nm":null,"st":"NE","co":"Douglas County","sqft":38873,"lat":41.220408,"lon":-96.147619},"geometry":{"type":"Polygon","coordinates":[[[-96.148027,41.220300],[-96.148029,41.220172],[-96.148000,41.220172],[-96.148001,41.220150],[-96.148035,41.220150],[-96.148036,41.220044],[-96.147879,41.220043],[-96.147877,41.220143],[-96.147833,41.220142],[-96.147835,41.220055],[-96.147709,41.220054],[-96.147708,41.220171],[-96.147316,41.220168],[-96.147314,41.220324],[-96.147249,41.220323],[-96.147244,41.220709],[-96.147690,41.220712],[-96.14769,41.220760],[-96.147756,41.220760],[-96.147756,41.220713],[-96.147873,41.220714],[-96.147878,41.220299],[-96.148027,41.220300]]]}},{"type":"Feature","properties":{"id":"00609126465","t":"building","op":null,"nm":null,"st":"FL","co":"Orange County","sqft":107548,"lat":28.617468,"lon":-81.393439},"geometry":{"type":"Polygon","coordinates":[[[-81.393052,28.616868],[-81.393013,28.618006],[-81.393892,28.618029],[-81.393907,28.617570],[-81.393791,28.617567],[-81.393814,28.616888],[-81.393052,28.616868]]]}},{"type":"Feature","properties":{"id":"00610827836","t":"building","op":"Google","nm":"Google","st":"SC","co":"Berkeley County","sqft":146623,"lat":33.064272,"lon":-80.041453},"geometry":{"type":"Polygon","coordinates":[[[-80.040523,33.064626],[-80.042384,33.064624],[-80.042383,33.063917],[-80.040522,33.06392],[-80.040523,33.064626]]]}},{"type":"Feature","properties":{"id":"00610845529","t":"building","op":null,"nm":"TierPoint Baltimore BWI","st":"MD","co":"Anne Arundel County","sqft":33372,"lat":39.213452,"lon":-76.682845},"geometry":{"type":"Polygon","coordinates":[[[-76.683456,39.213354],[-76.683295,39.213111],[-76.682550,39.213408],[-76.682564,39.213429],[-76.682462,39.213470],[-76.682479,39.213496],[-76.682211,39.213602],[-76.682341,39.213798],[-76.683456,39.213354]]]}},{"type":"Feature","properties":{"id":"00610977485","t":"building","op":"NTT","nm":"NTT Ashburn VA2 Data Center","st":"VA","co":"Loudoun County","sqft":74197,"lat":39.02501,"lon":-77.457639},"geometry":{"type":"Polygon","coordinates":[[[-77.458325,39.024740],[-77.457784,39.024433],[-77.456954,39.025269],[-77.457494,39.025591],[-77.458325,39.024740]]]}},{"type":"Feature","properties":{"id":"00611308188","t":"building","op":null,"nm":"Strata Networks","st":"UT","co":"Uintah County","sqft":12971,"lat":40.456593,"lon":-109.528999},"geometry":{"type":"Polygon","coordinates":[[[-109.529216,40.456731],[-109.529210,40.456521],[-109.529266,40.45652],[-109.529266,40.456448],[-109.528767,40.456463],[-109.528770,40.456741],[-109.529216,40.456731]]]}},{"type":"Feature","properties":{"id":"00612045611","t":"building","op":null,"nm":"Goldman Sachs","st":"NJ","co":"Somerset County","sqft":276729,"lat":40.570372,"lon":-74.67033},"geometry":{"type":"Polygon","coordinates":[[[-74.670485,40.569359],[-74.668989,40.570312],[-74.670174,40.571385],[-74.671669,40.570432],[-74.670485,40.569359]]]}},{"type":"Feature","properties":{"id":"00615593145","t":"building","op":null,"nm":"Mapletree Industrial","st":"GA","co":"Fulton County","sqft":116842,"lat":34.096584,"lon":-84.237391},"geometry":{"type":"Polygon","coordinates":[[[-84.238315,34.096440],[-84.238291,34.096410],[-84.238336,34.096383],[-84.238343,34.096323],[-84.238335,34.096268],[-84.238316,34.096216],[-84.238284,34.096164],[-84.238240,34.096117],[-84.238184,34.096080],[-84.238124,34.096050],[-84.238051,34.096032],[-84.238012,34.096057],[-84.237991,34.096031],[-84.237757,34.096158],[-84.237838,34.096261],[-84.237635,34.096371],[-84.237386,34.096056],[-84.236640,34.096461],[-84.236801,34.096664],[-84.236614,34.096766],[-84.236775,34.096969],[-84.236815,34.096948],[-84.236922,34.097083],[-84.236941,34.097073],[-84.237017,34.097169],[-84.237057,34.097148],[-84.237192,34.097318],[-84.237286,34.097271],[-84.237325,34.097384],[-84.237541,34.097272],[-84.237468,34.097181],[-84.237306,34.097265],[-84.237238,34.097185],[-84.237488,34.097049],[-84.237349,34.096871],[-84.237848,34.096599],[-84.237819,34.096562],[-84.237991,34.096468],[-84.238073,34.096571],[-84.238315,34.096440]]]}},{"type":"Feature","properties":{"id":"00617194689","t":"building","op":"Switch","nm":"Switch Las Vegas 11","st":"NV","co":"Clark County","sqft":230261,"lat":36.055885,"lon":-115.214137},"geometry":{"type":"Polygon","coordinates":[[[-115.215664,36.056183],[-115.215624,36.055475],[-115.212609,36.055586],[-115.212649,36.056295],[-115.214629,36.056221],[-115.214740,36.056217],[-115.214847,36.056213],[-115.215664,36.056183]]]}},{"type":"Feature","properties":{"id":"00617511179","t":"building","op":"Washington University in St. Louis","nm":"Genome Data Center","st":"MO","co":"St. Louis city","sqft":24519,"lat":38.636569,"lon":-90.255393},"geometry":{"type":"Polygon","coordinates":[[[-90.255881,38.636617],[-90.255798,38.636600],[-90.255531,38.636546],[-90.255572,38.636423],[-90.255576,38.636410],[-90.255100,38.636314],[-90.254989,38.636646],[-90.255551,38.636760],[-90.255559,38.636736],[-90.255823,38.636790],[-90.255881,38.636617]]]}},{"type":"Feature","properties":{"id":"00618339179","t":"building","op":null,"nm":"365 Bridgewater NJ","st":"NJ","co":"Somerset County","sqft":28468,"lat":40.581474,"lon":-74.573878},"geometry":{"type":"Polygon","coordinates":[[[-74.574039,40.581783],[-74.574281,40.581398],[-74.574075,40.581324],[-74.574025,40.581216],[-74.573990,40.581226],[-74.573957,40.581216],[-74.573945,40.581237],[-74.573879,40.581255],[-74.573683,40.581184],[-74.573493,40.581486],[-74.573589,40.581520],[-74.573538,40.581602],[-74.574039,40.581783]]]}},{"type":"Feature","properties":{"id":"00626281456","t":"building","op":"AngelTrax Mobile Video Surveillance Solutions","nm":"AngelTrax Data Center","st":"AL","co":"Houston County","sqft":10736,"lat":31.231904,"lon":-85.455849},"geometry":{"type":"Polygon","coordinates":[[[-85.456090,31.232004],[-85.456090,31.231809],[-85.455607,31.231803],[-85.455608,31.231898],[-85.455608,31.232000],[-85.456090,31.232004]]]}},{"type":"Feature","properties":{"id":"00626785488","t":"building","op":"Meta","nm":"Meta","st":"NM","co":"Valencia County","sqft":654433,"lat":34.830247,"lon":-106.783829},"geometry":{"type":"Polygon","coordinates":[[[-106.785170,34.828539],[-106.784899,34.828542],[-106.784455,34.828546],[-106.784436,34.828546],[-106.784437,34.828589],[-106.784374,34.828589],[-106.784390,34.830072],[-106.784321,34.830073],[-106.784320,34.829932],[-106.783290,34.829939],[-106.783291,34.830081],[-106.783197,34.830082],[-106.783185,34.828545],[-106.782722,34.828547],[-106.782430,34.828560],[-106.782451,34.829924],[-106.782453,34.830275],[-106.782343,34.830276],[-106.782349,34.830444],[-106.782455,34.830442],[-106.782466,34.831944],[-106.783196,34.831940],[-106.783195,34.831887],[-106.78325,34.831887],[-106.783234,34.830516],[-106.783601,34.830513],[-106.783601,34.830540],[-106.783957,34.830537],[-106.783957,34.830509],[-106.784407,34.830505],[-106.784404,34.831897],[-106.784457,34.831897],[-106.784458,34.831941],[-106.784479,34.831941],[-106.784924,34.831937],[-106.785196,34.831934],[-106.785188,34.830561],[-106.785197,34.830561],[-106.7852,34.830449],[-106.785280,34.830449],[-106.785277,34.830246],[-106.785202,34.830250],[-106.785195,34.829918],[-106.785170,34.828539]]]}},{"type":"Feature","properties":{"id":"00633034071","t":"building","op":"Amazon Web Services","nm":"Amazon Web Services us-west-2","st":"OR","co":"Morrow County","sqft":284033,"lat":45.841414,"lon":-119.657933},"geometry":{"type":"Polygon","coordinates":[[[-119.657233,45.842499],[-119.658644,45.842495],[-119.658630,45.840339],[-119.658115,45.840341],[-119.658114,45.840246],[-119.657917,45.840246],[-119.657917,45.840345],[-119.657220,45.840347],[-119.657233,45.842499]]]}},{"type":"Feature","properties":{"id":"00634635617","t":"building","op":null,"nm":"Centeris SH2 Build-to-Suit","st":"WA","co":"Pierce County","sqft":93539,"lat":47.158844,"lon":-122.279862},"geometry":{"type":"Polygon","coordinates":[[[-122.280353,47.158982],[-122.280327,47.158276],[-122.280210,47.158279],[-122.280208,47.158254],[-122.280224,47.158253],[-122.280223,47.158246],[-122.280213,47.158228],[-122.280192,47.158214],[-122.280161,47.158209],[-122.279815,47.158220],[-122.279815,47.158286],[-122.279416,47.158292],[-122.279420,47.158380],[-122.279373,47.158380],[-122.279384,47.158472],[-122.279422,47.158472],[-122.279461,47.159330],[-122.279525,47.159332],[-122.279530,47.159360],[-122.279536,47.159392],[-122.279577,47.159461],[-122.279661,47.159537],[-122.279790,47.159600],[-122.279977,47.159622],[-122.279974,47.159594],[-122.280079,47.159593],[-122.280071,47.159438],[-122.280068,47.159248],[-122.280163,47.159247],[-122.280151,47.158986],[-122.280353,47.158982]]]}},{"type":"Feature","properties":{"id":"00634638463","t":"building","op":null,"nm":"Centeris SH1 Colocation","st":"WA","co":"Pierce County","sqft":115786,"lat":47.160855,"lon":-122.279306},"geometry":{"type":"Polygon","coordinates":[[[-122.278302,47.160560],[-122.278308,47.160707],[-122.278191,47.160713],[-122.278198,47.160850],[-122.278204,47.160957],[-122.278175,47.160957],[-122.278185,47.161103],[-122.278212,47.161103],[-122.278691,47.161097],[-122.278901,47.161095],[-122.278897,47.161060],[-122.279101,47.161058],[-122.279170,47.161058],[-122.279173,47.161172],[-122.279322,47.161172],[-122.279325,47.161256],[-122.280149,47.161248],[-122.280142,47.161043],[-122.280291,47.161036],[-122.280278,47.160642],[-122.280317,47.160642],[-122.280313,47.160560],[-122.280272,47.160563],[-122.280275,47.160530],[-122.279921,47.160534],[-122.279456,47.160539],[-122.279319,47.160541],[-122.279316,47.160444],[-122.279195,47.160446],[-122.279195,47.160543],[-122.278869,47.160549],[-122.278302,47.160560]]]}},{"type":"Feature","properties":{"id":"00639176155","t":"building","op":"Microsoft","nm":"Microsoft TRP2","st":"TX","co":"Bexar County","sqft":169781,"lat":29.411954,"lon":-98.803985},"geometry":{"type":"Polygon","coordinates":[[[-98.803618,29.412980],[-98.804163,29.412978],[-98.804161,29.412729],[-98.804384,29.412728],[-98.804372,29.410993],[-98.803605,29.410997],[-98.803618,29.412980]]]}},{"type":"Feature","properties":{"id":"00639176157","t":"building","op":"Microsoft","nm":"Microsoft TRP1","st":"TX","co":"Bexar County","sqft":177468,"lat":29.412012,"lon":-98.80273},"geometry":{"type":"Polygon","coordinates":[[[-98.802358,29.413025],[-98.803115,29.413022],[-98.803102,29.410998],[-98.802344,29.411002],[-98.802358,29.413025]]]}},{"type":"Feature","properties":{"id":"00649319778","t":"building","op":"Digital Realty","nm":"Digital Realty ACC7","st":"VA","co":"Loudoun County","sqft":409481,"lat":39.017532,"lon":-77.465643},"geometry":{"type":"Polygon","coordinates":[[[-77.465603,39.019032],[-77.466027,39.018937],[-77.466042,39.018978],[-77.466184,39.018946],[-77.466169,39.018905],[-77.466703,39.018786],[-77.466679,39.018721],[-77.466703,39.018715],[-77.466380,39.017840],[-77.466622,39.017785],[-77.466294,39.016895],[-77.466056,39.016949],[-77.465813,39.016288],[-77.465709,39.016311],[-77.465688,39.016252],[-77.465623,39.016267],[-77.465492,39.015911],[-77.464699,39.016088],[-77.464851,39.016502],[-77.464646,39.016547],[-77.464994,39.017492],[-77.464780,39.017540],[-77.464879,39.017810],[-77.464915,39.017801],[-77.464935,39.017855],[-77.464851,39.017874],[-77.465050,39.018412],[-77.465313,39.018353],[-77.465542,39.018975],[-77.465579,39.018967],[-77.465603,39.019032]]]}},{"type":"Feature","properties":{"id":"00649365751","t":"building","op":"NTT","nm":"NTT Ashburn VA3 Data Center","st":"VA","co":"Loudoun County","sqft":231924,"lat":39.017182,"lon":-77.470376},"geometry":{"type":"Polygon","coordinates":[[[-77.470331,39.018229],[-77.470502,39.018076],[-77.470429,39.018026],[-77.470476,39.017985],[-77.470360,39.017906],[-77.470881,39.017444],[-77.471048,39.017558],[-77.471474,39.017180],[-77.471300,39.017061],[-77.471485,39.016897],[-77.470492,39.016220],[-77.469258,39.017314],[-77.469353,39.017380],[-77.469261,39.017461],[-77.469729,39.017780],[-77.469719,39.017789],[-77.470253,39.018153],[-77.470239,39.018166],[-77.470331,39.018229]]]}},{"type":"Feature","properties":{"id":"00649365764","t":"building","op":"Digital Realty","nm":"Digital Realty ACC9","st":"VA","co":"Loudoun County","sqft":329257,"lat":39.015466,"lon":-77.467319},"geometry":{"type":"Polygon","coordinates":[[[-77.469005,39.015996],[-77.468225,39.015401],[-77.468066,39.015527],[-77.467222,39.014889],[-77.467376,39.014766],[-77.466602,39.014181],[-77.465741,39.014869],[-77.466350,39.015329],[-77.466261,39.015400],[-77.466413,39.015515],[-77.466386,39.015537],[-77.466524,39.015642],[-77.46649,39.015669],[-77.466989,39.016047],[-77.467137,39.015929],[-77.468151,39.016684],[-77.469005,39.015996]]]}},{"type":"Feature","properties":{"id":"00650412346","t":"building","op":"Flexential","nm":"Flexential Dallas - Plano","st":"TX","co":"Collin County","sqft":217850,"lat":33.007052,"lon":-96.666354},"geometry":{"type":"Polygon","coordinates":[[[-96.665909,33.008033],[-96.666733,33.008037],[-96.666736,33.007570],[-96.667076,33.007572],[-96.667079,33.007206],[-96.666734,33.007204],[-96.666737,33.006901],[-96.666916,33.006902],[-96.666919,33.006536],[-96.666743,33.006535],[-96.666745,33.006218],[-96.666780,33.006218],[-96.666781,33.006031],[-96.666096,33.006028],[-96.666096,33.006139],[-96.665924,33.006138],[-96.665922,33.006527],[-96.665752,33.006527],[-96.665749,33.006861],[-96.665665,33.006860],[-96.665622,33.006895],[-96.665918,33.006897],[-96.665916,33.007197],[-96.665745,33.007196],[-96.665742,33.007559],[-96.665912,33.007559],[-96.665909,33.008033]]]}},{"type":"Feature","properties":{"id":"00652034566","t":"building","op":null,"nm":null,"st":"NC","co":"Catawba County","sqft":207083,"lat":35.58706,"lon":-81.260273},"geometry":{"type":"Polygon","coordinates":[[[-81.261859,35.586608],[-81.261498,35.586122],[-81.259965,35.586873],[-81.259956,35.586861],[-81.258708,35.587473],[-81.259088,35.587986],[-81.260335,35.587375],[-81.260378,35.587432],[-81.260621,35.587313],[-81.260567,35.587241],[-81.261859,35.586608]]]}},{"type":"Feature","properties":{"id":"00664938835","t":"building","op":null,"nm":"Expedient Milwaukee","st":"WI","co":"Milwaukee County","sqft":26099,"lat":42.863177,"lon":-87.977858},"geometry":{"type":"Polygon","coordinates":[[[-87.977562,42.863324],[-87.977561,42.863394],[-87.978182,42.863402],[-87.978187,42.863159],[-87.978190,42.863046],[-87.977971,42.863043],[-87.977972,42.862997],[-87.977975,42.862887],[-87.977848,42.862886],[-87.977848,42.862891],[-87.977844,42.863001],[-87.977702,42.862999],[-87.977706,42.862888],[-87.977706,42.862884],[-87.977573,42.862882],[-87.977570,42.862984],[-87.977567,42.863121],[-87.977566,42.863188],[-87.977562,42.863324]]]}},{"type":"Feature","properties":{"id":"00667573133","t":"building","op":"Amazon IAD85","nm":"Amazon Web Services","st":"VA","co":"Prince William County","sqft":149064,"lat":38.779382,"lon":-77.541725},"geometry":{"type":"Polygon","coordinates":[[[-77.542705,38.780173],[-77.541323,38.778325],[-77.540743,38.778589],[-77.542125,38.780437],[-77.542705,38.780173]]]}},{"type":"Feature","properties":{"id":"00667796922","t":"building","op":"FirstLight","nm":"Oxford Networks","st":"ME","co":"Cumberland County","sqft":55383,"lat":43.895071,"lon":-69.923151},"geometry":{"type":"Polygon","coordinates":[[[-69.923964,43.894870],[-69.923343,43.894868],[-69.923275,43.894820],[-69.923341,43.894772],[-69.923382,43.894801],[-69.923424,43.894770],[-69.923318,43.894695],[-69.923277,43.894725],[-69.923322,43.894757],[-69.923258,43.894804],[-69.923049,43.894656],[-69.922752,43.894655],[-69.922745,43.895658],[-69.923051,43.895659],[-69.923053,43.895281],[-69.923244,43.895128],[-69.923377,43.895233],[-69.923341,43.895256],[-69.923375,43.895283],[-69.923440,43.895242],[-69.923270,43.895107],[-69.923301,43.895083],[-69.923962,43.895085],[-69.923962,43.894967],[-69.924122,43.894968],[-69.924122,43.894946],[-69.923964,43.894945],[-69.923964,43.894870]]]}},{"type":"Feature","properties":{"id":"00671301768","t":"building","op":"Meta","nm":"Meta New Albany Data Center","st":"OH","co":"Licking County","sqft":663238,"lat":40.068408,"lon":-82.750341},"geometry":{"type":"Polygon","coordinates":[[[-82.752804,40.069204],[-82.752649,40.068574],[-82.750885,40.068829],[-82.750654,40.067888],[-82.752417,40.067634],[-82.752261,40.067001],[-82.747821,40.067641],[-82.747978,40.068277],[-82.749845,40.068008],[-82.750082,40.068969],[-82.748293,40.069227],[-82.748442,40.069833],[-82.752804,40.069204]]]}},{"type":"Feature","properties":{"id":"00671838900","t":"building","op":null,"nm":"Rice Data Center","st":"TX","co":"Harris County","sqft":25487,"lat":29.658146,"lon":-95.443328},"geometry":{"type":"Polygon","coordinates":[[[-95.443117,29.658470],[-95.443239,29.658371],[-95.443505,29.658156],[-95.443612,29.658256],[-95.443650,29.658222],[-95.443709,29.658175],[-95.443611,29.658082],[-95.443694,29.658015],[-95.443485,29.657820],[-95.443398,29.657890],[-95.442914,29.658280],[-95.443102,29.658455],[-95.443117,29.658470]]]}},{"type":"Feature","properties":{"id":"00673145182","t":"building","op":"Meta","nm":"Facebook Fort Worth Datacenter","st":"TX","co":"Tarrant County","sqft":435206,"lat":32.984994,"lon":-97.255075},"geometry":{"type":"Polygon","coordinates":[[[-97.257090,32.9845],[-97.256638,32.983765],[-97.252999,32.985338],[-97.253452,32.986075],[-97.254538,32.985606],[-97.254729,32.985916],[-97.256023,32.985357],[-97.255830,32.985044],[-97.257090,32.9845]]]}},{"type":"Feature","properties":{"id":"00673532692","t":"building","op":"Amazon Web Services","nm":"Amazon Web Services","st":"OH","co":"Franklin County","sqft":161809,"lat":40.061152,"lon":-83.135173},"geometry":{"type":"Polygon","coordinates":[[[-83.136671,40.061144],[-83.136497,40.060616],[-83.133674,40.061159],[-83.133847,40.061688],[-83.136671,40.061144]]]}},{"type":"Feature","properties":{"id":"00693381106","t":"building","op":"Amazon Web Services","nm":"Amazon IAD68","st":"VA","co":"Loudoun County","sqft":181794,"lat":38.948687,"lon":-77.520952},"geometry":{"type":"Polygon","coordinates":[[[-77.519974,38.947591],[-77.521312,38.949990],[-77.521928,38.949782],[-77.520590,38.947383],[-77.519974,38.947591]]]}},{"type":"Feature","properties":{"id":"00693381107","t":"building","op":"Amazon Web Services","nm":"Amazon IAD81","st":"VA","co":"Loudoun County","sqft":184907,"lat":38.948386,"lon":-77.521831},"geometry":{"type":"Polygon","coordinates":[[[-77.520848,38.947293],[-77.522186,38.949689],[-77.522811,38.949478],[-77.521480,38.947085],[-77.520848,38.947293]]]}},{"type":"Feature","properties":{"id":"00693385812","t":"building","op":"Google","nm":"Google","st":"VA","co":"Loudoun County","sqft":215928,"lat":38.943154,"lon":-77.524369},"geometry":{"type":"Polygon","coordinates":[[[-77.523994,38.943705],[-77.524445,38.944212],[-77.524916,38.943956],[-77.524584,38.943583],[-77.525223,38.943237],[-77.525001,38.942987],[-77.525316,38.942816],[-77.524920,38.942370],[-77.524906,38.942378],[-77.524745,38.942197],[-77.523343,38.942957],[-77.523502,38.943135],[-77.523490,38.943142],[-77.523765,38.943451],[-77.523529,38.943579],[-77.523641,38.943705],[-77.523586,38.943735],[-77.523625,38.943780],[-77.523680,38.943749],[-77.523756,38.943835],[-77.523994,38.943705]]]}},{"type":"Feature","properties":{"id":"00693390022","t":"building","op":"Amazon Web Services","nm":"Amazon IAD120","st":"VA","co":"Loudoun County","sqft":188334,"lat":38.957922,"lon":-77.498061},"geometry":{"type":"Polygon","coordinates":[[[-77.496401,38.958279],[-77.496708,38.958749],[-77.497883,38.958281],[-77.497926,38.958346],[-77.498158,38.958254],[-77.498115,38.958189],[-77.498312,38.958111],[-77.498354,38.958176],[-77.498582,38.958085],[-77.498539,38.958021],[-77.499714,38.957553],[-77.499407,38.957083],[-77.496401,38.958279]]]}},{"type":"Feature","properties":{"id":"00693390023","t":"building","op":"Amazon Web Services","nm":"Amazon IAD121","st":"VA","co":"Loudoun County","sqft":154814,"lat":38.956783,"lon":-77.497787},"geometry":{"type":"Polygon","coordinates":[[[-77.496400,38.957031],[-77.496709,38.957503],[-77.497608,38.957144],[-77.497646,38.957201],[-77.497881,38.957107],[-77.497845,38.957052],[-77.498039,38.956975],[-77.498076,38.957031],[-77.498309,38.956938],[-77.498269,38.956877],[-77.499166,38.956519],[-77.498859,38.956050],[-77.496400,38.957031]]]}},{"type":"Feature","properties":{"id":"00694493125","t":"building","op":"Microsoft","nm":"Microsoft","st":"WA","co":"Grant County","sqft":112036,"lat":47.237657,"lon":-119.887573},"geometry":{"type":"Polygon","coordinates":[[[-119.888769,47.237400],[-119.886601,47.237400],[-119.886599,47.237442],[-119.886300,47.237441],[-119.886293,47.237815],[-119.886597,47.237817],[-119.886597,47.237913],[-119.888763,47.237923],[-119.888769,47.237400]]]}},{"type":"Feature","properties":{"id":"00694493126","t":"building","op":"Microsoft","nm":"Microsoft","st":"WA","co":"Grant County","sqft":116001,"lat":47.237628,"lon":-119.883198},"geometry":{"type":"Polygon","coordinates":[[[-119.884482,47.237380],[-119.881961,47.237367],[-119.881955,47.237885],[-119.88417,47.237895],[-119.884170,47.237817],[-119.884477,47.237818],[-119.884482,47.237380]]]}},{"type":"Feature","properties":{"id":"00694493127","t":"building","op":"Microsoft","nm":"Microsoft","st":"WA","co":"Grant County","sqft":157191,"lat":47.236722,"lon":-119.88329},"geometry":{"type":"Polygon","coordinates":[[[-119.885083,47.236554],[-119.884874,47.236553],[-119.884874,47.236527],[-119.884762,47.236526],[-119.884763,47.236470],[-119.881589,47.236461],[-119.881585,47.236972],[-119.884767,47.236981],[-119.884767,47.236935],[-119.884801,47.236936],[-119.884801,47.236896],[-119.885081,47.236896],[-119.885083,47.236554]]]}},{"type":"Feature","properties":{"id":"00694493128","t":"building","op":"Microsoft","nm":"Microsoft","st":"WA","co":"Grant County","sqft":162608,"lat":47.236737,"lon":-119.887476},"geometry":{"type":"Polygon","coordinates":[[[-119.889202,47.236488],[-119.885942,47.236465],[-119.885940,47.236557],[-119.885664,47.236554],[-119.885662,47.236898],[-119.885934,47.236900],[-119.885933,47.236987],[-119.889200,47.237009],[-119.889202,47.236488]]]}},{"type":"Feature","properties":{"id":"00694602725","t":"building","op":null,"nm":"Vantage WA12","st":"WA","co":"Grant County","sqft":124695,"lat":47.253946,"lon":-119.813721},"geometry":{"type":"Polygon","coordinates":[[[-119.815345,47.253784],[-119.814681,47.253777],[-119.814682,47.253681],[-119.813418,47.253664],[-119.813417,47.253770],[-119.812051,47.253766],[-119.812051,47.254052],[-119.812489,47.254054],[-119.812489,47.254154],[-119.813265,47.254157],[-119.813265,47.254232],[-119.813826,47.254240],[-119.813826,47.254275],[-119.814096,47.254275],[-119.814097,47.254156],[-119.814829,47.254161],[-119.814829,47.254064],[-119.815339,47.254069],[-119.815345,47.253784]]]}},{"type":"Feature","properties":{"id":"00696978351","t":"building","op":null,"nm":null,"st":"VA","co":"Loudoun County","sqft":48591,"lat":39.012027,"lon":-77.471561},"geometry":{"type":"Polygon","coordinates":[[[-77.470898,39.011993],[-77.471081,39.012356],[-77.472222,39.012060],[-77.472039,39.011696],[-77.470898,39.011993]]]}},{"type":"Feature","properties":{"id":"00697020849","t":"building","op":"Amazon Web Services","nm":"Amazon IAD58","st":"VA","co":"Loudoun County","sqft":136770,"lat":38.986279,"lon":-77.441842},"geometry":{"type":"Polygon","coordinates":[[[-77.440788,38.986959],[-77.440794,38.986962],[-77.440787,38.986969],[-77.440796,38.986975],[-77.440789,38.986982],[-77.440915,38.987059],[-77.440799,38.987174],[-77.441106,38.987362],[-77.442983,38.985499],[-77.442557,38.985238],[-77.442549,38.985246],[-77.442537,38.985238],[-77.442527,38.985247],[-77.442519,38.985242],[-77.440788,38.986959]]]}},{"type":"Feature","properties":{"id":"00697020850","t":"building","op":"Amazon Web Services","nm":"Amazon IAD57","st":"VA","co":"Loudoun County","sqft":116533,"lat":38.986997,"lon":-77.442638},"geometry":{"type":"Polygon","coordinates":[[[-77.442062,38.987905],[-77.442066,38.987900],[-77.442072,38.987904],[-77.442078,38.987897],[-77.442086,38.987902],[-77.443634,38.986367],[-77.443628,38.986363],[-77.443635,38.986356],[-77.443626,38.986351],[-77.443632,38.986345],[-77.443201,38.986080],[-77.441629,38.987639],[-77.442062,38.987905]]]}},{"type":"Feature","properties":{"id":"00697021948","t":"building","op":"Amazon Web Services","nm":"Amazon IAD64","st":"VA","co":"Prince William County","sqft":147547,"lat":38.815132,"lon":-77.652919},"geometry":{"type":"Polygon","coordinates":[[[-77.654115,38.815711],[-77.654323,38.815218],[-77.651722,38.814552],[-77.651514,38.815046],[-77.654115,38.815711]]]}},{"type":"Feature","properties":{"id":"00697413741","t":"building","op":"Amazon Web Services","nm":"Amazon PDX57/60","st":"OR","co":"Umatilla County","sqft":271590,"lat":45.913883,"lon":-119.267714},"geometry":{"type":"Polygon","coordinates":[[[-119.269268,45.914350],[-119.269264,45.913408],[-119.266177,45.913414],[-119.266179,45.913967],[-119.266034,45.913967],[-119.266034,45.914077],[-119.266177,45.914077],[-119.266178,45.914356],[-119.269268,45.914350]]]}},{"type":"Feature","properties":{"id":"00697415321","t":"building","op":"Amazon Web Services","nm":"Amazon Web Services us-west-2","st":"OR","co":"Morrow County","sqft":123601,"lat":45.841174,"lon":-119.655449},"geometry":{"type":"Polygon","coordinates":[[[-119.656870,45.841388],[-119.656856,45.840918],[-119.654027,45.840959],[-119.654041,45.841429],[-119.656870,45.841388]]]}},{"type":"Feature","properties":{"id":"00697415323","t":"building","op":"Amazon Web Services","nm":"Amazon Web Services us-west-2","st":"OR","co":"Morrow County","sqft":263671,"lat":45.853786,"lon":-119.630036},"geometry":{"type":"Polygon","coordinates":[[[-119.631556,45.854246],[-119.631546,45.853310],[-119.630102,45.853317],[-119.628515,45.853325],[-119.628525,45.854262],[-119.631556,45.854246]]]}},{"type":"Feature","properties":{"id":"00697417726","t":"building","op":"Amazon Web Services","nm":"Amazon Web Services us-west-2","st":"OR","co":"Morrow County","sqft":211981,"lat":45.846655,"lon":-119.603709},"geometry":{"type":"Polygon","coordinates":[[[-119.603317,45.848190],[-119.604058,45.848195],[-119.604101,45.845120],[-119.603359,45.845115],[-119.603317,45.848190]]]}},{"type":"Feature","properties":{"id":"00701923200","t":"building","op":"Quality Technology Services","nm":"QTS Ashburn 1","st":"VA","co":"Loudoun County","sqft":164144,"lat":38.999515,"lon":-77.450171},"geometry":{"type":"Polygon","coordinates":[[[-77.449503,38.999748],[-77.449510,38.999954],[-77.451159,38.999920],[-77.451130,38.999100],[-77.449107,38.999142],[-77.449113,38.999312],[-77.449130,38.999312],[-77.449131,38.999342],[-77.449062,38.999344],[-77.449066,38.999454],[-77.449137,38.999452],[-77.449138,38.999478],[-77.449125,38.999478],[-77.449134,38.999756],[-77.449503,38.999748]]]}},{"type":"Feature","properties":{"id":"00701923202","t":"building","op":"Digital Realty","nm":"Digital Realty Northern Virginia IAD40","st":"VA","co":"Loudoun County","sqft":244372,"lat":39.006454,"lon":-77.467254},"geometry":{"type":"Polygon","coordinates":[[[-77.467378,39.006682],[-77.467458,39.006669],[-77.467452,39.006643],[-77.469200,39.006376],[-77.469175,39.006278],[-77.469308,39.006257],[-77.469272,39.006113],[-77.469370,39.006098],[-77.469312,39.005870],[-77.469081,39.005906],[-77.469068,39.005858],[-77.467240,39.006137],[-77.465510,39.006409],[-77.465553,39.006578],[-77.465400,39.006602],[-77.465508,39.007033],[-77.465592,39.007021],[-77.465609,39.007099],[-77.466534,39.006954],[-77.466541,39.006973],[-77.466744,39.006942],[-77.466740,39.006921],[-77.467414,39.006816],[-77.467378,39.006682]]]}},{"type":"Feature","properties":{"id":"00701923203","t":"building","op":"Digital Realty","nm":"Digital Realty Northern Virginia IAD39","st":"VA","co":"Loudoun County","sqft":549223,"lat":39.007718,"lon":-77.467623},"geometry":{"type":"Polygon","coordinates":[[[-77.465085,39.008454],[-77.465475,39.00842],[-77.465488,39.008478],[-77.465826,39.008436],[-77.465824,39.008405],[-77.466009,39.008390],[-77.466014,39.008415],[-77.467131,39.008315],[-77.467126,39.008275],[-77.468326,39.008137],[-77.468345,39.008203],[-77.469008,39.008036],[-77.468980,39.007963],[-77.469405,39.007847],[-77.469456,39.007945],[-77.469970,39.007822],[-77.469937,39.007724],[-77.470675,39.007524],[-77.470615,39.007361],[-77.470699,39.007343],[-77.470610,39.007114],[-77.470521,39.007140],[-77.470358,39.006750],[-77.467945,39.007352],[-77.467936,39.007293],[-77.464683,39.007614],[-77.464680,39.007658],[-77.464562,39.007673],[-77.464660,39.008212],[-77.464727,39.008206],[-77.464768,39.008345],[-77.465061,39.008323],[-77.465085,39.008454]]]}},{"type":"Feature","properties":{"id":"00701923204","t":"building","op":"Digital Realty","nm":"Digital Realty ACC10","st":"VA","co":"Loudoun County","sqft":289043,"lat":39.012707,"lon":-77.465536},"geometry":{"type":"Polygon","coordinates":[[[-77.466666,39.013696],[-77.466314,39.012887],[-77.466119,39.012939],[-77.465845,39.012312],[-77.466044,39.012260],[-77.465694,39.011457],[-77.464540,39.011761],[-77.464893,39.012573],[-77.464761,39.012607],[-77.464826,39.012755],[-77.464780,39.012767],[-77.464846,39.012918],[-77.464810,39.012928],[-77.464872,39.013070],[-77.464893,39.013065],[-77.464938,39.013167],[-77.464921,39.013172],[-77.464950,39.013240],[-77.464918,39.013248],[-77.464999,39.013435],[-77.465237,39.013372],[-77.465405,39.013757],[-77.465523,39.013726],[-77.465548,39.013784],[-77.465984,39.013669],[-77.466065,39.013854],[-77.466666,39.013696]]]}},{"type":"Feature","properties":{"id":"00701924664","t":"building","op":"GI Partners","nm":null,"st":"VA","co":"Loudoun County","sqft":224621,"lat":39.000655,"lon":-77.43982},"geometry":{"type":"Polygon","coordinates":[[[-77.439611,39.001085],[-77.440544,39.001467],[-77.441093,39.000651],[-77.440792,39.000527],[-77.440830,39.000470],[-77.440178,39.000202],[-77.440191,39.000183],[-77.440100,39.000146],[-77.440087,39.000165],[-77.440045,39.000148],[-77.439978,39.000248],[-77.439347,38.999989],[-77.439373,38.999950],[-77.439070,38.999825],[-77.438522,39.000640],[-77.439459,39.001024],[-77.439322,39.001228],[-77.439473,39.001290],[-77.439611,39.001085]]]}},{"type":"Feature","properties":{"id":"00701924665","t":"building","op":"Vantage Data Centers","nm":"Vantage VA11","st":"VA","co":"Loudoun County","sqft":127578,"lat":39.002395,"lon":-77.437661},"geometry":{"type":"Polygon","coordinates":[[[-77.437943,39.002953],[-77.438040,39.002992],[-77.438108,39.002892],[-77.438251,39.002951],[-77.438631,39.002380],[-77.437132,39.001766],[-77.436748,39.002347],[-77.436779,39.002356],[-77.436743,39.002409],[-77.436837,39.002448],[-77.436810,39.002489],[-77.436913,39.002531],[-77.436927,39.002511],[-77.437145,39.002600],[-77.437129,39.002622],[-77.437304,39.002694],[-77.437322,39.002667],[-77.437445,39.002717],[-77.437429,39.002741],[-77.437565,39.002797],[-77.437582,39.002772],[-77.437960,39.002928],[-77.437943,39.002953]]]}},{"type":"Feature","properties":{"id":"00701924667","t":"building","op":"Amazon Web Services","nm":"Amazon IAD90","st":"VA","co":"Loudoun County","sqft":147749,"lat":38.988603,"lon":-77.411652},"geometry":{"type":"Polygon","coordinates":[[[-77.410282,38.988900],[-77.410603,38.989352],[-77.413020,38.988304],[-77.412700,38.987853],[-77.410282,38.988900]]]}},{"type":"Feature","properties":{"id":"00701924668","t":"building","op":"Amazon Web Services","nm":"Amazon IAD91","st":"VA","co":"Loudoun County","sqft":149486,"lat":38.987847,"lon":-77.411119},"geometry":{"type":"Polygon","coordinates":[[[-77.409754,38.988137],[-77.410081,38.988597],[-77.412483,38.987556],[-77.412156,38.987097],[-77.409754,38.988137]]]}},{"type":"Feature","properties":{"id":"00701924669","t":"building","op":"Amazon Web Services","nm":"Amazon IAD92","st":"VA","co":"Loudoun County","sqft":149857,"lat":38.986943,"lon":-77.410475},"geometry":{"type":"Polygon","coordinates":[[[-77.409105,38.987234],[-77.409431,38.987693],[-77.411844,38.986650],[-77.411519,38.986191],[-77.409105,38.987234]]]}},{"type":"Feature","properties":{"id":"00701929066","t":"building","op":"Amazon Web Services","nm":"Amazon IAD144","st":"VA","co":"Loudoun County","sqft":150384,"lat":38.981643,"lon":-77.427422},"geometry":{"type":"Polygon","coordinates":[[[-77.426388,38.980881],[-77.427893,38.982693],[-77.428469,38.982401],[-77.428370,38.982282],[-77.428356,38.982289],[-77.427041,38.980706],[-77.427056,38.980698],[-77.426955,38.980576],[-77.426811,38.980649],[-77.426822,38.980661],[-77.426388,38.980881]]]}},{"type":"Feature","properties":{"id":"00701930919","t":"building","op":"CyrusOne","nm":"CyrusOne NVA8","st":"VA","co":"Loudoun County","sqft":154011,"lat":39.021167,"lon":-77.41322},"geometry":{"type":"Polygon","coordinates":[[[-77.412804,39.022060],[-77.413052,39.022153],[-77.414096,39.020458],[-77.413417,39.020204],[-77.413357,39.020301],[-77.413306,39.020282],[-77.413077,39.020655],[-77.413098,39.020662],[-77.413007,39.020809],[-77.412987,39.020801],[-77.412758,39.021172],[-77.412779,39.021179],[-77.412734,39.021253],[-77.412765,39.021265],[-77.412672,39.021416],[-77.412620,39.021396],[-77.412428,39.021707],[-77.412481,39.021727],[-77.412392,39.021871],[-77.412407,39.021912],[-77.412682,39.022015],[-77.412688,39.022006],[-77.412810,39.022052],[-77.412804,39.022060]]]}},{"type":"Feature","properties":{"id":"00701930920","t":"building","op":"Amazon Web Services","nm":"Amazon IAD98","st":"VA","co":"Loudoun County","sqft":150826,"lat":39.020225,"lon":-77.433886},"geometry":{"type":"Polygon","coordinates":[[[-77.432487,39.020394],[-77.435224,39.020583],[-77.435284,39.020055],[-77.432547,39.019866],[-77.432487,39.020394]]]}},{"type":"Feature","properties":{"id":"00701930921","t":"building","op":"Amazon Web Services","nm":"Amazon IAD99","st":"VA","co":"Loudoun County","sqft":150804,"lat":39.019169,"lon":-77.43403},"geometry":{"type":"Polygon","coordinates":[[[-77.432625,39.019323],[-77.435365,39.019540],[-77.435434,39.019014],[-77.432694,39.018797],[-77.432625,39.019323]]]}},{"type":"Feature","properties":{"id":"00701930929","t":"building","op":"Amazon Web Services","nm":"Amazon IAD114","st":"VA","co":"Loudoun County","sqft":148005,"lat":39.035494,"lon":-77.450699},"geometry":{"type":"Polygon","coordinates":[[[-77.451695,39.036276],[-77.450274,39.034443],[-77.449701,39.034711],[-77.451122,39.036544],[-77.451695,39.036276]]]}},{"type":"Feature","properties":{"id":"00701930930","t":"building","op":"Amazon Web Services","nm":"Amazon IAD115","st":"VA","co":"Loudoun County","sqft":146333,"lat":39.036294,"lon":-77.449795},"geometry":{"type":"Polygon","coordinates":[[[-77.450789,39.037074],[-77.449366,39.035247],[-77.448799,39.035513],[-77.450223,39.037340],[-77.450789,39.037074]]]}},{"type":"Feature","properties":{"id":"00701931819","t":"building","op":"Amazon Web Services","nm":"Amazon IAD65","st":"VA","co":"Loudoun County","sqft":151356,"lat":38.917011,"lon":-77.494366},"geometry":{"type":"Polygon","coordinates":[[[-77.494628,38.918097],[-77.494783,38.915953],[-77.494104,38.915924],[-77.493949,38.918067],[-77.494628,38.918097]]]}},{"type":"Feature","properties":{"id":"00701931820","t":"building","op":"Amazon Web Services","nm":"Amazon IAD150","st":"VA","co":"Loudoun County","sqft":213595,"lat":38.916076,"lon":-77.477251},"geometry":{"type":"Polygon","coordinates":[[[-77.476028,38.917312],[-77.476620,38.917558],[-77.478469,38.914844],[-77.477888,38.914587],[-77.476028,38.917312]]]}},{"type":"Feature","properties":{"id":"00706081342","t":"building","op":null,"nm":null,"st":"NM","co":"Bernalillo County","sqft":43011,"lat":35.048349,"lon":-106.542175},"geometry":{"type":"Polygon","coordinates":[[[-106.542656,35.048132],[-106.542517,35.048132],[-106.542518,35.048141],[-106.541778,35.048143],[-106.541778,35.048210],[-106.541652,35.048211],[-106.541653,35.048445],[-106.54171,35.048445],[-106.541710,35.048466],[-106.541784,35.048471],[-106.541784,35.048562],[-106.542646,35.048557],[-106.542644,35.048200],[-106.542656,35.048200],[-106.542656,35.048132]]]}},{"type":"Feature","properties":{"id":"00706759844","t":"building","op":null,"nm":null,"st":"OR","co":"Crook County","sqft":344665,"lat":44.287277,"lon":-120.870216},"geometry":{"type":"Polygon","coordinates":[[[-120.872522,44.287670],[-120.872523,44.286888],[-120.867910,44.286883],[-120.867908,44.287666],[-120.872522,44.287670]]]}},{"type":"Feature","properties":{"id":"00706759845","t":"building","op":null,"nm":null,"st":"OR","co":"Crook County","sqft":328376,"lat":44.293683,"lon":-120.881519},"geometry":{"type":"Polygon","coordinates":[[[-120.882717,44.295212],[-120.882063,44.293736],[-120.882261,44.293687],[-120.882114,44.293349],[-120.881914,44.293397],[-120.881285,44.291970],[-120.880479,44.292157],[-120.880862,44.293027],[-120.880509,44.293106],[-120.881056,44.294349],[-120.881410,44.294267],[-120.881913,44.295403],[-120.882717,44.295212]]]}},{"type":"Feature","properties":{"id":"00706776322","t":"building","op":"Amazon Web Services","nm":"Amazon PDX80","st":"OR","co":"Umatilla County","sqft":215703,"lat":45.797809,"lon":-119.366616},"geometry":{"type":"Polygon","coordinates":[[[-119.368827,45.798077],[-119.368831,45.797553],[-119.364403,45.797539],[-119.364400,45.798063],[-119.368827,45.798077]]]}},{"type":"Feature","properties":{"id":"00708916484","t":"building","op":null,"nm":null,"st":"VA","co":"Loudoun County","sqft":144382,"lat":39.015417,"lon":-77.478273},"geometry":{"type":"Polygon","coordinates":[[[-77.479012,39.016084],[-77.479385,39.015558],[-77.479036,39.015407],[-77.479049,39.015389],[-77.479013,39.015374],[-77.479024,39.015359],[-77.478863,39.015289],[-77.478852,39.015304],[-77.478791,39.015278],[-77.478800,39.015264],[-77.478640,39.015195],[-77.478631,39.015209],[-77.478608,39.015199],[-77.478656,39.015131],[-77.47858,39.015098],[-77.478602,39.015066],[-77.478478,39.015013],[-77.478455,39.015046],[-77.478382,39.015014],[-77.478334,39.015082],[-77.478310,39.015071],[-77.478319,39.015058],[-77.478160,39.014988],[-77.478150,39.015002],[-77.478091,39.014977],[-77.478101,39.014963],[-77.477939,39.014893],[-77.477929,39.014907],[-77.477892,39.014891],[-77.477878,39.014910],[-77.477528,39.014759],[-77.477154,39.015286],[-77.477505,39.015438],[-77.477493,39.015454],[-77.477527,39.015469],[-77.477516,39.015484],[-77.477679,39.015555],[-77.477688,39.015542],[-77.477748,39.015568],[-77.477739,39.015580],[-77.477902,39.015651],[-77.477912,39.015637],[-77.477935,39.015646],[-77.477919,39.015669],[-77.478187,39.015785],[-77.478206,39.015758],[-77.478234,39.015770],[-77.478221,39.015788],[-77.478382,39.015858],[-77.478394,39.015841],[-77.478453,39.015866],[-77.478441,39.015882],[-77.478606,39.015953],[-77.478616,39.015939],[-77.478650,39.015954],[-77.478664,39.015934],[-77.479012,39.016084]]]}},{"type":"Feature","properties":{"id":"00710070925","t":"building","op":"Google","nm":"Google Data Center","st":"VA","co":"Loudoun County","sqft":140634,"lat":39.052641,"lon":-77.539577},"geometry":{"type":"Polygon","coordinates":[[[-77.540355,39.052175],[-77.539984,39.052128],[-77.539966,39.052212],[-77.539105,39.052102],[-77.539114,39.052061],[-77.539003,39.052046],[-77.538791,39.053047],[-77.540133,39.053218],[-77.540355,39.052175]]]}},{"type":"Feature","properties":{"id":"00713410334","t":"building","op":null,"nm":"Centersquare Atlanta ATL1","st":"GA","co":"Douglas County","sqft":249314,"lat":33.744228,"lon":-84.581216},"geometry":{"type":"Polygon","coordinates":[[[-84.581381,33.745291],[-84.581519,33.744961],[-84.581588,33.744980],[-84.581716,33.744665],[-84.581650,33.744636],[-84.582132,33.743460],[-84.581042,33.743151],[-84.580291,33.744982],[-84.581381,33.745291]]]}},{"type":"Feature","properties":{"id":"00713428715","t":"building","op":"Digital Realty","nm":"Digital Realty CH3","st":"IL","co":"Cook County","sqft":348220,"lat":41.994396,"lon":-87.964904},"geometry":{"type":"Polygon","coordinates":[[[-87.965649,41.995334],[-87.965637,41.994898],[-87.965978,41.994893],[-87.965945,41.993749],[-87.965388,41.993758],[-87.965376,41.993347],[-87.964084,41.993368],[-87.964110,41.994309],[-87.963905,41.994312],[-87.963935,41.995330],[-87.964152,41.995327],[-87.964152,41.995358],[-87.965649,41.995334]]]}},{"type":"Feature","properties":{"id":"00713433204","t":"building","op":"Digital Realty","nm":"Digital Realty CH2","st":"IL","co":"Cook County","sqft":302974,"lat":41.994464,"lon":-87.957736},"geometry":{"type":"Polygon","coordinates":[[[-87.956862,41.993545],[-87.956891,41.994870],[-87.957150,41.994867],[-87.957164,41.995538],[-87.958414,41.995523],[-87.958393,41.994551],[-87.958618,41.994548],[-87.958611,41.994196],[-87.958639,41.994196],[-87.958628,41.993696],[-87.958564,41.993697],[-87.958562,41.993614],[-87.958363,41.993616],[-87.958361,41.993528],[-87.956862,41.993545]]]}},{"type":"Feature","properties":{"id":"00714139865","t":"building","op":"Equinix","nm":"Equinix Secaucus NY6","st":"NJ","co":"Hudson County","sqft":70938,"lat":40.777519,"lon":-74.0727},"geometry":{"type":"Polygon","coordinates":[[[-74.072289,40.777063],[-74.072008,40.777588],[-74.072750,40.777815],[-74.072688,40.777930],[-74.073024,40.778033],[-74.073366,40.777393],[-74.072289,40.777063]]]}},{"type":"Feature","properties":{"id":"00714943309","t":"building","op":"PSE&G","nm":"PSE&G Delivery Emergency Response Center","st":"NJ","co":"Somerset County","sqft":85030,"lat":40.579894,"lon":-74.519393},"geometry":{"type":"Polygon","coordinates":[[[-74.520046,40.580149],[-74.520161,40.580066],[-74.519784,40.579748],[-74.519817,40.579723],[-74.519816,40.579696],[-74.519738,40.579687],[-74.519671,40.579661],[-74.519243,40.579307],[-74.518696,40.579695],[-74.518755,40.579745],[-74.518643,40.579819],[-74.518894,40.580041],[-74.519009,40.579958],[-74.519328,40.580223],[-74.519263,40.580265],[-74.519458,40.580425],[-74.519532,40.580372],[-74.519674,40.580483],[-74.519935,40.580300],[-74.519797,40.580193],[-74.519960,40.580081],[-74.520046,40.580149]]]}},{"type":"Feature","properties":{"id":"00718465287","t":"building","op":null,"nm":"Epic / Mayo Data Center","st":"MN","co":"Olmsted County","sqft":48317,"lat":44.070816,"lon":-92.522121},"geometry":{"type":"Polygon","coordinates":[[[-92.521835,44.071242],[-92.522571,44.071036],[-92.522427,44.070770],[-92.522382,44.070783],[-92.522345,44.070715],[-92.522526,44.070664],[-92.522566,44.070739],[-92.522615,44.070726],[-92.522526,44.070561],[-92.522463,44.070579],[-92.522338,44.070348],[-92.522083,44.070419],[-92.522131,44.070508],[-92.521905,44.070571],[-92.521649,44.070643],[-92.521786,44.070897],[-92.521734,44.070911],[-92.521773,44.070984],[-92.521705,44.071003],[-92.521835,44.071242]]]}},{"type":"Feature","properties":{"id":"00726150321","t":"building","op":"Choctaw Nation of oklahoma","nm":"Choctaw Nation of Oklahoma Data Center","st":"OK","co":"Bryan County","sqft":13494,"lat":33.971721,"lon":-96.402855},"geometry":{"type":"Polygon","coordinates":[[[-96.403065,33.971866],[-96.403068,33.971611],[-96.402974,33.971610],[-96.402975,33.971504],[-96.402879,33.971503],[-96.402877,33.971607],[-96.402631,33.971605],[-96.402629,33.971863],[-96.403065,33.971866]]]}},{"type":"Feature","properties":{"id":"00729192992","t":"building","op":"Quality Technology Services","nm":"QTS Data Center Bld 1","st":"OR","co":"Washington County","sqft":157854,"lat":45.558767,"lon":-122.92783},"geometry":{"type":"Polygon","coordinates":[[[-122.927472,45.559883],[-122.928220,45.559885],[-122.928220,45.559806],[-122.928232,45.557908],[-122.928270,45.557908],[-122.928271,45.557761],[-122.928271,45.557747],[-122.927263,45.557744],[-122.927262,45.557862],[-122.927260,45.558128],[-122.927484,45.558128],[-122.927472,45.559883]]]}},{"type":"Feature","properties":{"id":"00729376485","t":"building","op":null,"nm":null,"st":"NJ","co":"Middlesex County","sqft":159389,"lat":40.584343,"lon":-74.243507},"geometry":{"type":"Polygon","coordinates":[[[-74.244135,40.584222],[-74.244271,40.583664],[-74.243781,40.583603],[-74.243764,40.583700],[-74.243445,40.583664],[-74.243417,40.583757],[-74.243194,40.583724],[-74.243114,40.584071],[-74.242889,40.584060],[-74.242490,40.584679],[-74.243388,40.584798],[-74.243348,40.585068],[-74.24393,40.585140],[-74.244115,40.584341],[-74.243892,40.584309],[-74.243921,40.584192],[-74.244135,40.584222]]]}},{"type":"Feature","properties":{"id":"00729696933","t":"building","op":"Flexential","nm":"Flexential Salt Lake City - Downtown","st":"UT","co":"Salt Lake County","sqft":63362,"lat":40.756307,"lon":-111.954838},"geometry":{"type":"Polygon","coordinates":[[[-111.953750,40.756456],[-111.955101,40.756449],[-111.955338,40.756447],[-111.955927,40.756444],[-111.955924,40.756156],[-111.953747,40.756168],[-111.953750,40.756456]]]}},{"type":"Feature","properties":{"id":"00733721782","t":"building","op":"State of Oregon","nm":"Oregon State Data Center","st":"OR","co":"Marion County","sqft":46536,"lat":44.926549,"lon":-123.001861},"geometry":{"type":"Polygon","coordinates":[[[-123.001507,44.926922],[-123.002263,44.926703],[-123.002240,44.926662],[-123.002326,44.926640],[-123.002333,44.926340],[-123.002431,44.926341],[-123.002430,44.926357],[-123.002439,44.926357],[-123.002440,44.926211],[-123.002222,44.926208],[-123.002220,44.926241],[-123.002132,44.926239],[-123.002126,44.926231],[-123.001253,44.926483],[-123.001507,44.926922]]]}},{"type":"Feature","properties":{"id":"00734323663","t":"building","op":"Digital Realty","nm":"Digital Realty PDX11 Data Center","st":"OR","co":"Washington County","sqft":283056,"lat":45.567993,"lon":-122.916853},"geometry":{"type":"Polygon","coordinates":[[[-122.917638,45.568917],[-122.91766,45.566999],[-122.916207,45.566991],[-122.916195,45.568009],[-122.915888,45.568007],[-122.915885,45.568283],[-122.915936,45.568283],[-122.915929,45.568907],[-122.917638,45.568917]]]}},{"type":"Feature","properties":{"id":"00741629998","t":"building","op":"Flexential","nm":"Flexential Fort Lauderdale","st":"FL","co":"Broward County","sqft":73580,"lat":26.190086,"lon":-80.193297},"geometry":{"type":"Polygon","coordinates":[[[-80.193678,26.190493],[-80.193656,26.189662],[-80.192915,26.189677],[-80.192936,26.190509],[-80.193678,26.190493]]]}},{"type":"Feature","properties":{"id":"00744177375","t":"building","op":null,"nm":null,"st":"TX","co":"Montgomery County","sqft":126121,"lat":30.177783,"lon":-95.486526},"geometry":{"type":"Polygon","coordinates":[[[-95.486517,30.178416],[-95.486584,30.178360],[-95.486647,30.178416],[-95.487026,30.178138],[-95.487163,30.178269],[-95.487392,30.178087],[-95.486295,30.176999],[-95.486068,30.177157],[-95.486199,30.177292],[-95.485816,30.177578],[-95.485884,30.177641],[-95.485793,30.177708],[-95.486517,30.178416]]]}},{"type":"Feature","properties":{"id":"00744491691","t":"building","op":"Amazon Web Services","nm":"Amazon IAD145","st":"VA","co":"Loudoun County","sqft":103663,"lat":38.982552,"lon":-77.424625},"geometry":{"type":"Polygon","coordinates":[[[-77.423690,38.982421],[-77.425181,38.983162],[-77.425569,38.982688],[-77.424066,38.981940],[-77.423758,38.982318],[-77.423769,38.982324],[-77.423690,38.982421]]]}},{"type":"Feature","properties":{"id":"00744496741","t":"building","op":"Amazon Web Services","nm":"Amazon Web Services IAD117","st":"VA","co":"Loudoun County","sqft":102452,"lat":39.023698,"lon":-77.419095},"geometry":{"type":"Polygon","coordinates":[[[-77.418652,39.024357],[-77.419366,39.024412],[-77.419537,39.023045],[-77.419233,39.023022],[-77.419235,39.023004],[-77.418973,39.022984],[-77.418971,39.023002],[-77.418823,39.022991],[-77.418652,39.024357]]]}},{"type":"Feature","properties":{"id":"00744496750","t":"building","op":"Amazon Web Services","nm":"Amazon Web Services IAD116","st":"VA","co":"Loudoun County","sqft":102629,"lat":39.024346,"lon":-77.420439},"geometry":{"type":"Polygon","coordinates":[[[-77.419997,39.025005],[-77.420248,39.025023],[-77.420714,39.025058],[-77.420881,39.023686],[-77.420164,39.023633],[-77.419997,39.025005]]]}},{"type":"Feature","properties":{"id":"00746278786","t":"building","op":"Flexential","nm":"Flexential Las Vegas - North","st":"NV","co":"Clark County","sqft":110728,"lat":36.248165,"lon":-115.101261},"geometry":{"type":"Polygon","coordinates":[[[-115.101583,36.248969],[-115.101574,36.247360],[-115.101206,36.247361],[-115.101206,36.247331],[-115.101155,36.247331],[-115.101151,36.247318],[-115.101113,36.247317],[-115.101113,36.247310],[-115.101024,36.247309],[-115.101024,36.247317],[-115.100989,36.247316],[-115.100989,36.247329],[-115.100936,36.247328],[-115.100935,36.247362],[-115.100941,36.247362],[-115.100941,36.247375],[-115.100932,36.247375],[-115.10093,36.247470],[-115.100940,36.247474],[-115.100940,36.247484],[-115.100927,36.247484],[-115.100927,36.247514],[-115.100955,36.247514],[-115.100955,36.248067],[-115.100933,36.248067],[-115.100933,36.248102],[-115.100943,36.248102],[-115.100943,36.248112],[-115.100929,36.248112],[-115.100930,36.248211],[-115.100944,36.248211],[-115.100944,36.248224],[-115.100933,36.248224],[-115.100933,36.248232],[-115.100940,36.248232],[-115.100940,36.248254],[-115.100958,36.248254],[-115.100962,36.248812],[-115.100943,36.248812],[-115.100944,36.248843],[-115.100950,36.248843],[-115.100950,36.248855],[-115.100932,36.248856],[-115.100934,36.248951],[-115.100946,36.248951],[-115.100947,36.248963],[-115.100941,36.248963],[-115.100941,36.248994],[-115.100972,36.248993],[-115.100972,36.248986],[-115.100992,36.248985],[-115.100993,36.249009],[-115.101023,36.249009],[-115.101023,36.249017],[-115.101122,36.249016],[-115.101122,36.249010],[-115.101152,36.249009],[-115.101152,36.248991],[-115.101156,36.248991],[-115.101156,36.249002],[-115.101215,36.249002],[-115.101215,36.248970],[-115.101583,36.248969]]]}},{"type":"Feature","properties":{"id":"00747985149","t":"building","op":null,"nm":null,"st":"TX","co":"Wichita County","sqft":39127,"lat":33.953378,"lon":-98.524731},"geometry":{"type":"Polygon","coordinates":[[[-98.525026,33.953638],[-98.525023,33.953578],[-98.525173,33.953574],[-98.525173,33.953484],[-98.525030,33.953460],[-98.525027,33.953098],[-98.524398,33.953103],[-98.524406,33.953648],[-98.525026,33.953638]]]}},{"type":"Feature","properties":{"id":"00752001022","t":"building","op":null,"nm":null,"st":"OR","co":"Deschutes County","sqft":11249,"lat":44.047407,"lon":-121.32855},"geometry":{"type":"Polygon","coordinates":[[[-121.328813,44.047518],[-121.328814,44.047296],[-121.328285,44.047296],[-121.328285,44.047400],[-121.328284,44.047517],[-121.328813,44.047518]]]}},{"type":"Feature","properties":{"id":"00755540694","t":"building","op":null,"nm":null,"st":"MI","co":"Genesee County","sqft":36835,"lat":42.968713,"lon":-83.779602},"geometry":{"type":"Polygon","coordinates":[[[-83.780146,42.968714],[-83.779994,42.968350],[-83.779881,42.968377],[-83.779899,42.968417],[-83.779276,42.968568],[-83.779303,42.968629],[-83.779023,42.968696],[-83.779052,42.968760],[-83.779271,42.968707],[-83.779332,42.968843],[-83.779126,42.968893],[-83.779221,42.969103],[-83.779603,42.969011],[-83.779535,42.968869],[-83.780146,42.968714]]]}},{"type":"Feature","properties":{"id":"00756382879","t":"building","op":null,"nm":null,"st":"NJ","co":"Somerset County","sqft":19551,"lat":40.599345,"lon":-74.709623},"geometry":{"type":"Polygon","coordinates":[[[-74.709570,40.599061],[-74.709370,40.599260],[-74.709466,40.599323],[-74.709371,40.599408],[-74.709453,40.599475],[-74.709378,40.599546],[-74.709545,40.599664],[-74.709743,40.599476],[-74.709978,40.599268],[-74.709570,40.599061]]]}},{"type":"Feature","properties":{"id":"00756382880","t":"building","op":null,"nm":null,"st":"NJ","co":"Somerset County","sqft":54527,"lat":40.599719,"lon":-74.710112},"geometry":{"type":"Polygon","coordinates":[[[-74.710458,40.599804],[-74.710552,40.599619],[-74.710571,40.599490],[-74.710452,40.599353],[-74.710293,40.599291],[-74.710155,40.599300],[-74.71003,40.599359],[-74.709941,40.599470],[-74.709857,40.599520],[-74.709573,40.599792],[-74.709619,40.599904],[-74.710121,40.600190],[-74.710431,40.599889],[-74.710458,40.599804]]]}},{"type":"Feature","properties":{"id":"00756778306","t":"building","op":"Meta","nm":"Meta","st":"NM","co":"Valencia County","sqft":543736,"lat":34.83004,"lon":-106.780347},"geometry":{"type":"Polygon","coordinates":[[[-106.781505,34.828577],[-106.780752,34.828583],[-106.780752,34.828626],[-106.780689,34.828626],[-106.780705,34.830109],[-106.780659,34.830109],[-106.780657,34.829968],[-106.779603,34.829974],[-106.779604,34.830116],[-106.779537,34.830116],[-106.779527,34.828578],[-106.778726,34.828581],[-106.778738,34.830564],[-106.779927,34.830559],[-106.779927,34.830586],[-106.780285,34.830584],[-106.780285,34.830557],[-106.780729,34.830554],[-106.780741,34.831934],[-106.780794,34.831934],[-106.780795,34.831979],[-106.781514,34.831974],[-106.781500,34.830635],[-106.781530,34.830635],[-106.781505,34.828577]]]}},{"type":"Feature","properties":{"id":"00758278314","t":"building","op":null,"nm":"iGLASS Networks","st":"NC","co":"Wake County","sqft":8134,"lat":35.766751,"lon":-78.783986},"geometry":{"type":"Polygon","coordinates":[[[-78.784145,35.766883],[-78.784209,35.766700],[-78.783821,35.766617],[-78.783765,35.766800],[-78.784145,35.766883]]]}},{"type":"Feature","properties":{"id":"00758306877","t":"building","op":"AT&T","nm":"Central Office","st":"WI","co":"Walworth County","sqft":9001,"lat":42.833654,"lon":-88.73398},"geometry":{"type":"Polygon","coordinates":[[[-88.734063,42.833466],[-88.733837,42.833486],[-88.733850,42.833579],[-88.733823,42.833582],[-88.733859,42.833820],[-88.734171,42.833800],[-88.734161,42.833737],[-88.734130,42.833732],[-88.734100,42.833552],[-88.734075,42.833553],[-88.734063,42.833466]]]}},{"type":"Feature","properties":{"id":"00758426349","t":"building","op":null,"nm":null,"st":"MT","co":"Granite County","sqft":1510,"lat":46.332132,"lon":-113.292672},"geometry":{"type":"Polygon","coordinates":[[[-113.292751,46.332069],[-113.292644,46.332050],[-113.292592,46.332194],[-113.292699,46.332212],[-113.292751,46.332069]]]}},{"type":"Feature","properties":{"id":"00758580536","t":"building","op":null,"nm":"Vital Records","st":"NJ","co":"Somerset County","sqft":7942,"lat":40.528072,"lon":-74.682816},"geometry":{"type":"Polygon","coordinates":[[[-74.682997,40.528198],[-74.683052,40.528019],[-74.682635,40.527945],[-74.682580,40.528123],[-74.682997,40.528198]]]}},{"type":"Feature","properties":{"id":"00761185667","t":"building","op":null,"nm":"Verizon Wireless NE Headquarters","st":"NJ","co":"Somerset County","sqft":156691,"lat":40.555692,"lon":-74.705596},"geometry":{"type":"Polygon","coordinates":[[[-74.706309,40.556241],[-74.706475,40.555581],[-74.706170,40.555537],[-74.706211,40.555374],[-74.706186,40.555370],[-74.706254,40.555100],[-74.705405,40.554977],[-74.705280,40.555473],[-74.705324,40.555479],[-74.705289,40.555620],[-74.705228,40.555612],[-74.705236,40.555581],[-74.704983,40.555545],[-74.704991,40.555512],[-74.704728,40.555474],[-74.704564,40.556126],[-74.704831,40.556164],[-74.704845,40.556110],[-74.704925,40.556121],[-74.704923,40.556129],[-74.705013,40.556142],[-74.705019,40.556121],[-74.705530,40.556195],[-74.705546,40.556131],[-74.706309,40.556241]]]}},{"type":"Feature","properties":{"id":"00762116506","t":"building","op":"Meta","nm":"Meta Henrico Data Center","st":"VA","co":"Henrico County","sqft":588189,"lat":37.483928,"lon":-77.237311},"geometry":{"type":"Polygon","coordinates":[[[-77.239683,37.483188],[-77.239114,37.482867],[-77.238061,37.484043],[-77.236938,37.483411],[-77.238005,37.482218],[-77.237423,37.481890],[-77.234977,37.484625],[-77.235580,37.484965],[-77.236661,37.483756],[-77.236738,37.483799],[-77.236639,37.483909],[-77.237528,37.484410],[-77.237629,37.484298],[-77.237726,37.484353],[-77.236617,37.485593],[-77.237225,37.485935],[-77.239683,37.483188]]]}},{"type":"Feature","properties":{"id":"00766768556","t":"building","op":"Involta","nm":null,"st":"WI","co":"Calumet County","sqft":60180,"lat":44.204455,"lon":-88.344876},"geometry":{"type":"Polygon","coordinates":[[[-88.344504,44.204467],[-88.344544,44.204647],[-88.344696,44.204630],[-88.344731,44.204793],[-88.344448,44.204825],[-88.344473,44.204938],[-88.344845,44.204895],[-88.344857,44.204950],[-88.345143,44.204917],[-88.345139,44.204899],[-88.345328,44.204877],[-88.345320,44.204842],[-88.345374,44.204836],[-88.345353,44.204743],[-88.345412,44.204736],[-88.345393,44.204651],[-88.345195,44.204673],[-88.345133,44.204395],[-88.345052,44.204052],[-88.345265,44.204027],[-88.345239,44.203919],[-88.345020,44.203943],[-88.344448,44.204009],[-88.344559,44.204459],[-88.344504,44.204467]]]}},{"type":"Feature","properties":{"id":"00772827597","t":"building","op":null,"nm":null,"st":"OR","co":"Crook County","sqft":630160,"lat":44.299095,"lon":-120.879435},"geometry":{"type":"Polygon","coordinates":[[[-120.880170,44.300809],[-120.881006,44.300809],[-120.881004,44.297405],[-120.880156,44.297406],[-120.880157,44.298903],[-120.880040,44.298903],[-120.880040,44.298779],[-120.878854,44.298779],[-120.878854,44.298929],[-120.878736,44.298929],[-120.878735,44.297370],[-120.877882,44.297371],[-120.877884,44.300795],[-120.878761,44.300795],[-120.878760,44.299351],[-120.880169,44.299350],[-120.880170,44.300809]]]}},{"type":"Feature","properties":{"id":"00772827601","t":"building","op":null,"nm":null,"st":"OR","co":"Crook County","sqft":622980,"lat":44.301255,"lon":-120.889884},"geometry":{"type":"Polygon","coordinates":[[[-120.890628,44.302961],[-120.891454,44.302958],[-120.891450,44.299543],[-120.890631,44.299543],[-120.890617,44.301067],[-120.890481,44.301070],[-120.890479,44.300932],[-120.889311,44.300932],[-120.889305,44.301069],[-120.889171,44.301071],[-120.889179,44.299548],[-120.888330,44.299554],[-120.888327,44.302967],[-120.889177,44.302973],[-120.889175,44.301517],[-120.890621,44.301509],[-120.890628,44.302961]]]}},{"type":"Feature","properties":{"id":"00773848531","t":"building","op":"US Signal","nm":null,"st":"MI","co":"Wayne County","sqft":24599,"lat":42.235327,"lon":-83.444141},"geometry":{"type":"Polygon","coordinates":[[[-83.444308,42.234983],[-83.443939,42.234993],[-83.443973,42.235669],[-83.444341,42.235659],[-83.444308,42.234983]]]}},{"type":"Feature","properties":{"id":"00775412066","t":"building","op":null,"nm":null,"st":"NV","co":"Washoe County","sqft":89831,"lat":39.567714,"lon":-119.542363},"geometry":{"type":"Polygon","coordinates":[[[-119.541742,39.567323],[-119.542204,39.568319],[-119.542982,39.568105],[-119.542521,39.567108],[-119.541742,39.567323]]]}},{"type":"Feature","properties":{"id":"00775412067","t":"building","op":null,"nm":null,"st":"NV","co":"Washoe County","sqft":89571,"lat":39.567501,"lon":-119.543209},"geometry":{"type":"Polygon","coordinates":[[[-119.543368,39.566897],[-119.542589,39.567112],[-119.543050,39.568104],[-119.543829,39.567889],[-119.543368,39.566897]]]}},{"type":"Feature","properties":{"id":"00775412068","t":"building","op":null,"nm":null,"st":"NV","co":"Washoe County","sqft":88594,"lat":39.56716,"lon":-119.544388},"geometry":{"type":"Polygon","coordinates":[[[-119.543775,39.566762],[-119.544237,39.567766],[-119.545000,39.567558],[-119.544539,39.566554],[-119.543775,39.566762]]]}},{"type":"Feature","properties":{"id":"00775412069","t":"building","op":null,"nm":null,"st":"NV","co":"Washoe County","sqft":92133,"lat":39.566921,"lon":-119.545227},"geometry":{"type":"Polygon","coordinates":[[[-119.545063,39.567534],[-119.545851,39.567320],[-119.545390,39.566307],[-119.544602,39.566520],[-119.545063,39.567534]]]}},{"type":"Feature","properties":{"id":"00775412072","t":"building","op":null,"nm":null,"st":"NV","co":"Washoe County","sqft":90711,"lat":39.565758,"lon":-119.547974},"geometry":{"type":"Polygon","coordinates":[[[-119.547187,39.565621],[-119.547446,39.566228],[-119.548760,39.565895],[-119.548502,39.565288],[-119.547187,39.565621]]]}},{"type":"Feature","properties":{"id":"00775412073","t":"building","op":null,"nm":null,"st":"NV","co":"Washoe County","sqft":89076,"lat":39.565106,"lon":-119.54769},"geometry":{"type":"Polygon","coordinates":[[[-119.548464,39.565243],[-119.5482,39.564636],[-119.546915,39.564969],[-119.547179,39.565575],[-119.548464,39.565243]]]}},{"type":"Feature","properties":{"id":"00777196805","t":"building","op":null,"nm":"Allentown-TekPark","st":"PA","co":"Lehigh County","sqft":146248,"lat":40.544236,"lon":-75.654313},"geometry":{"type":"Polygon","coordinates":[[[-75.653565,40.544769],[-75.654557,40.545010],[-75.654617,40.544829],[-75.654782,40.544398],[-75.654822,40.544345],[-75.654908,40.544370],[-75.654931,40.544323],[-75.654897,40.544277],[-75.654842,40.544265],[-75.654946,40.544030],[-75.654992,40.544042],[-75.655021,40.544027],[-75.655038,40.543996],[-75.655083,40.544004],[-75.655173,40.543768],[-75.654543,40.543640],[-75.653895,40.543499],[-75.653808,40.543741],[-75.653872,40.543757],[-75.653875,40.543780],[-75.653894,40.543797],[-75.653921,40.543812],[-75.653572,40.544751],[-75.653565,40.544769]]]}},{"type":"Feature","properties":{"id":"00777679751","t":"building","op":"Meta","nm":"Meta","st":"NM","co":"Valencia County","sqft":654617,"lat":34.830283,"lon":-106.776471},"geometry":{"type":"Polygon","coordinates":[[[-106.777821,34.828572],[-106.777070,34.828579],[-106.777071,34.828622],[-106.777008,34.828622],[-106.777029,34.830110],[-106.776967,34.830110],[-106.776965,34.829970],[-106.775933,34.829979],[-106.775934,34.830122],[-106.775839,34.830122],[-106.775819,34.828592],[-106.775069,34.828598],[-106.775091,34.830311],[-106.775087,34.830490],[-106.775104,34.831987],[-106.775840,34.831982],[-106.775839,34.831928],[-106.775893,34.831928],[-106.775880,34.830558],[-106.776239,34.830556],[-106.776239,34.830583],[-106.776605,34.830581],[-106.776604,34.830554],[-106.777042,34.830551],[-106.777053,34.831932],[-106.777106,34.831931],[-106.777107,34.831977],[-106.777835,34.831972],[-106.777821,34.830633],[-106.777851,34.830633],[-106.777821,34.828572]]]}},{"type":"Feature","properties":{"id":"00778989332","t":"building","op":null,"nm":null,"st":"CO","co":"Douglas County","sqft":28132,"lat":39.559072,"lon":-104.833588},"geometry":{"type":"Polygon","coordinates":[[[-104.833883,39.559305],[-104.833887,39.558831],[-104.833415,39.558830],[-104.833415,39.558965],[-104.833285,39.558965],[-104.833239,39.558965],[-104.833239,39.558978],[-104.833183,39.558978],[-104.83318,39.559153],[-104.833362,39.559154],[-104.833362,39.559172],[-104.833361,39.559227],[-104.833361,39.559304],[-104.833386,39.559304],[-104.833418,39.559304],[-104.833883,39.559305]]]}},{"type":"Feature","properties":{"id":"00780063735","t":"building","op":null,"nm":"PG&E Datacenter","st":"CA","co":"Solano County","sqft":55270,"lat":38.246259,"lon":-122.06721},"geometry":{"type":"Polygon","coordinates":[[[-122.066903,38.246580],[-122.067591,38.246582],[-122.067593,38.246147],[-122.067740,38.246148],[-122.067742,38.245960],[-122.067582,38.245959],[-122.067582,38.245893],[-122.067461,38.245893],[-122.067460,38.245995],[-122.067323,38.245994],[-122.067323,38.246037],[-122.067248,38.246037],[-122.067249,38.245894],[-122.067097,38.245893],[-122.067097,38.246028],[-122.066894,38.246027],[-122.066894,38.246139],[-122.066836,38.246138],[-122.066836,38.246076],[-122.066708,38.246075],[-122.066707,38.246186],[-122.066627,38.246186],[-122.066626,38.246332],[-122.066723,38.246332],[-122.066723,38.246404],[-122.066814,38.246405],[-122.066813,38.246474],[-122.066904,38.246474],[-122.066903,38.246580]]]}},{"type":"Feature","properties":{"id":"00781370600","t":"building","op":"CyrusOne","nm":"CyrusOne PHX6","st":"AZ","co":"Maricopa County","sqft":98354,"lat":33.267576,"lon":-111.882532},"geometry":{"type":"Polygon","coordinates":[[[-111.883319,33.267434],[-111.883151,33.267435],[-111.883150,33.267275],[-111.881824,33.267284],[-111.881824,33.267313],[-111.881732,33.267314],[-111.881735,33.267589],[-111.881698,33.267589],[-111.881699,33.267727],[-111.881839,33.267726],[-111.881840,33.267852],[-111.883155,33.267843],[-111.883156,33.267932],[-111.883215,33.267932],[-111.883216,33.267984],[-111.883324,33.267983],[-111.883319,33.267434]]]}},{"type":"Feature","properties":{"id":"00788027103","t":"building","op":"Meta","nm":"Facebook Altoona Data Center 4","st":"IA","co":"Polk County","sqft":606958,"lat":41.667737,"lon":-93.516399},"geometry":{"type":"Polygon","coordinates":[[[-93.518802,41.668689],[-93.518725,41.668104],[-93.516772,41.668248],[-93.516633,41.667198],[-93.518580,41.667054],[-93.518502,41.666467],[-93.514011,41.666799],[-93.514091,41.667402],[-93.516067,41.667256],[-93.516076,41.667323],[-93.515869,41.667338],[-93.515982,41.668191],[-93.516203,41.668174],[-93.516219,41.668293],[-93.514270,41.668436],[-93.514346,41.669017],[-93.518802,41.668689]]]}},{"type":"Feature","properties":{"id":"00793087858","t":"building","op":"Digital Realty","nm":"Digital Realty IAD41 (Building P)","st":"VA","co":"Loudoun County","sqft":396985,"lat":39.008677,"lon":-77.458221},"geometry":{"type":"Polygon","coordinates":[[[-77.456738,39.010233],[-77.458626,39.008635],[-77.460531,39.008130],[-77.460208,39.007378],[-77.458218,39.007921],[-77.455940,39.009861],[-77.456236,39.010075],[-77.456298,39.010028],[-77.456528,39.010199],[-77.456609,39.010143],[-77.456738,39.010233]]]}},{"type":"Feature","properties":{"id":"00793087859","t":"building","op":"Amazon Web Services","nm":"Amazon IAD118","st":"VA","co":"Loudoun County","sqft":105629,"lat":39.018507,"lon":-77.438839},"geometry":{"type":"Polygon","coordinates":[[[-77.437855,39.018445],[-77.439504,39.019069],[-77.439816,39.018565],[-77.438185,39.017948],[-77.438054,39.018158],[-77.438037,39.018152],[-77.437855,39.018445]]]}},{"type":"Feature","properties":{"id":"00793622740","t":"building","op":"Aligned","nm":"Aligned Ashburn","st":"VA","co":"Loudoun County","sqft":140140,"lat":39.01362,"lon":-77.470578},"geometry":{"type":"Polygon","coordinates":[[[-77.471806,39.013613],[-77.471571,39.013062],[-77.469305,39.013647],[-77.469474,39.014042],[-77.469650,39.013997],[-77.469717,39.014152],[-77.471806,39.013613]]]}},{"type":"Feature","properties":{"id":"00793888408","t":"building","op":"Equinix","nm":"Equinix Ashburn DC15","st":"VA","co":"Loudoun County","sqft":76665,"lat":39.0225,"lon":-77.450256},"geometry":{"type":"Polygon","coordinates":[[[-77.450943,39.023136],[-77.451222,39.022856],[-77.449567,39.021863],[-77.449289,39.022143],[-77.450943,39.023136]]]}},{"type":"Feature","properties":{"id":"00793888427","t":"building","op":"Sabey Data Centers","nm":"Sabey Intergate.Ashburn (Building A)","st":"VA","co":"Loudoun County","sqft":131966,"lat":39.014498,"lon":-77.479988},"geometry":{"type":"Polygon","coordinates":[[[-77.480890,39.015167],[-77.481199,39.014725],[-77.480295,39.014343],[-77.480352,39.014262],[-77.480015,39.014120],[-77.479958,39.014201],[-77.479083,39.013831],[-77.478775,39.014272],[-77.47967,39.014649],[-77.479614,39.014729],[-77.479908,39.014853],[-77.479963,39.014776],[-77.480890,39.015167]]]}},{"type":"Feature","properties":{"id":"00793888429","t":"building","op":"NTT","nm":"NTT Ashburn VA5 Data Center","st":"VA","co":"Loudoun County","sqft":124046,"lat":39.018296,"lon":-77.472614},"geometry":{"type":"Polygon","coordinates":[[[-77.473339,39.017902],[-77.473295,39.017894],[-77.473293,39.017901],[-77.472211,39.017714],[-77.472213,39.017707],[-77.472169,39.017700],[-77.471882,39.018705],[-77.471994,39.018724],[-77.472002,39.018694],[-77.472884,39.018846],[-77.472876,39.018875],[-77.473052,39.018906],[-77.473339,39.017902]]]}},{"type":"Feature","properties":{"id":"00793888430","t":"building","op":"NTT","nm":"NTT Ashburn VA4 Data Center","st":"VA","co":"Loudoun County","sqft":160282,"lat":39.019869,"lon":-77.472595},"geometry":{"type":"Polygon","coordinates":[[[-77.473382,39.019385],[-77.472135,39.019172],[-77.471801,39.020350],[-77.473052,39.020564],[-77.473086,39.020445],[-77.473116,39.020451],[-77.473144,39.020351],[-77.473110,39.020346],[-77.473316,39.019618],[-77.473344,39.019623],[-77.473376,39.019511],[-77.473347,39.019506],[-77.473382,39.019385]]]}},{"type":"Feature","properties":{"id":"00794147654","t":"building","op":"CloudHQ","nm":"CloudHQ LC1","st":"VA","co":"Loudoun County","sqft":499194,"lat":39.010157,"lon":-77.462785},"geometry":{"type":"Polygon","coordinates":[[[-77.464283,39.011252],[-77.464735,39.010301],[-77.464693,39.010289],[-77.464729,39.010215],[-77.464687,39.010203],[-77.464708,39.010159],[-77.464421,39.010076],[-77.464500,39.009909],[-77.463364,39.009583],[-77.463436,39.009430],[-77.463240,39.009374],[-77.463233,39.009387],[-77.463097,39.009348],[-77.463056,39.009435],[-77.462938,39.009402],[-77.462906,39.009468],[-77.462537,39.009362],[-77.462466,39.009512],[-77.461521,39.009241],[-77.461480,39.009326],[-77.461406,39.009305],[-77.461392,39.009334],[-77.461087,39.009247],[-77.460733,39.009991],[-77.460698,39.009981],[-77.460670,39.010041],[-77.460679,39.010043],[-77.460606,39.010197],[-77.464283,39.011252]]]}},{"type":"Feature","properties":{"id":"00794147655","t":"building","op":"CloudHQ","nm":"CloudHQ LC2","st":"VA","co":"Loudoun County","sqft":252770,"lat":39.011764,"lon":-77.462457},"geometry":{"type":"Polygon","coordinates":[[[-77.463037,39.012624],[-77.463628,39.011385],[-77.463313,39.011294],[-77.463300,39.011323],[-77.462237,39.010983],[-77.462224,39.011010],[-77.461895,39.010885],[-77.461289,39.012143],[-77.461984,39.012337],[-77.461979,39.012349],[-77.462211,39.012412],[-77.462221,39.012384],[-77.463037,39.012624]]]}},{"type":"Feature","properties":{"id":"00794147657","t":"building","op":"Amazon Web Services","nm":"Amazon IAD146","st":"VA","co":"Loudoun County","sqft":103076,"lat":38.996725,"lon":-77.435598},"geometry":{"type":"Polygon","coordinates":[[[-77.435011,38.996135],[-77.435488,38.997458],[-77.435780,38.997394],[-77.435786,38.997412],[-77.436043,38.997355],[-77.436038,38.997341],[-77.436183,38.99731],[-77.435704,38.995983],[-77.435011,38.996135]]]}},{"type":"Feature","properties":{"id":"00795384117","t":"building","op":"Microsoft","nm":"PHX-10","st":"AZ","co":"Maricopa County","sqft":246184,"lat":33.407946,"lon":-112.36483},"geometry":{"type":"Polygon","coordinates":[[[-112.366945,33.408200],[-112.366943,33.407676],[-112.362713,33.407692],[-112.362716,33.408216],[-112.366945,33.408200]]]}},{"type":"Feature","properties":{"id":"00796933516","t":"building","op":"Equinix","nm":"Equinix Ashburn DC21","st":"VA","co":"Loudoun County","sqft":78961,"lat":39.011823,"lon":-77.454558},"geometry":{"type":"Polygon","coordinates":[[[-77.454457,39.012638],[-77.454486,39.012586],[-77.454532,39.012505],[-77.454435,39.012472],[-77.454680,39.012038],[-77.454708,39.012047],[-77.454716,39.012050],[-77.454750,39.011991],[-77.454713,39.011979],[-77.455205,39.011110],[-77.454800,39.010972],[-77.454029,39.012335],[-77.453870,39.012281],[-77.453852,39.012312],[-77.453871,39.012319],[-77.453814,39.012419],[-77.453828,39.012424],[-77.454263,39.012572],[-77.454457,39.012638]]]}},{"type":"Feature","properties":{"id":"00802054282","t":"building","op":null,"nm":null,"st":"NY","co":"Westchester County","sqft":13426,"lat":40.95127,"lon":-73.897901},"geometry":{"type":"Polygon","coordinates":[[[-73.898194,40.951450],[-73.898279,40.951275],[-73.897607,40.951089],[-73.897522,40.951264],[-73.898194,40.951450]]]}},{"type":"Feature","properties":{"id":"00802160675","t":"building","op":"Meta","nm":"Meta New Albany Data Center","st":"OH","co":"Licking County","sqft":663286,"lat":40.065272,"lon":-82.74891},"geometry":{"type":"Polygon","coordinates":[[[-82.751373,40.066068],[-82.751218,40.065438],[-82.749454,40.065692],[-82.749222,40.064752],[-82.750985,40.064497],[-82.750829,40.063864],[-82.746390,40.064505],[-82.746547,40.065141],[-82.748414,40.064871],[-82.748650,40.065832],[-82.746862,40.066091],[-82.747011,40.066697],[-82.751373,40.066068]]]}},{"type":"Feature","properties":{"id":"00807374322","t":"building","op":null,"nm":null,"st":"WA","co":"Grant County","sqft":216848,"lat":47.237098,"lon":-119.895156},"geometry":{"type":"Polygon","coordinates":[[[-119.89557,47.238504],[-119.895593,47.235692],[-119.894744,47.235689],[-119.894716,47.238498],[-119.89557,47.238504]]]}},{"type":"Feature","properties":{"id":"00808979618","t":"building","op":null,"nm":"EdgeCore","st":"AZ","co":"Maricopa County","sqft":112901,"lat":33.344131,"lon":-111.619553},"geometry":{"type":"Polygon","coordinates":[[[-111.620309,33.343775],[-111.618868,33.343772],[-111.618866,33.344522],[-111.619967,33.344525],[-111.619967,33.344332],[-111.620308,33.344332],[-111.620309,33.343775]]]}},{"type":"Feature","properties":{"id":"00812630939","t":"building","op":"Comcast","nm":"Comcast","st":"MI","co":"Wayne County","sqft":953,"lat":42.213902,"lon":-83.198214},"geometry":{"type":"Polygon","coordinates":[[[-83.198143,42.213936],[-83.198285,42.213936],[-83.198285,42.213868],[-83.198143,42.213868],[-83.198143,42.213936]]]}},{"type":"Feature","properties":{"id":"00813532303","t":"building","op":"SAP","nm":"SAP COS02","st":"CO","co":"El Paso County","sqft":47705,"lat":38.988888,"lon":-104.786381},"geometry":{"type":"Polygon","coordinates":[[[-104.786699,38.989129],[-104.786676,38.989108],[-104.786909,38.988896],[-104.786760,38.988802],[-104.786812,38.988758],[-104.786839,38.988736],[-104.786725,38.988672],[-104.786554,38.988512],[-104.786412,38.988600],[-104.786386,38.988617],[-104.786289,38.988677],[-104.786342,38.988723],[-104.786295,38.988760],[-104.786239,38.988709],[-104.786159,38.988762],[-104.786126,38.988732],[-104.786092,38.988700],[-104.786029,38.988643],[-104.785967,38.988586],[-104.785956,38.988576],[-104.785749,38.988713],[-104.786412,38.989319],[-104.786696,38.989131],[-104.786699,38.989129]]]}},{"type":"Feature","properties":{"id":"00813688319","t":"building","op":null,"nm":null,"st":"WA","co":"Douglas County","sqft":102013,"lat":47.407243,"lon":-120.213965},"geometry":{"type":"Polygon","coordinates":[[[-120.215225,47.407870],[-120.215115,47.407794],[-120.215173,47.407756],[-120.215026,47.407654],[-120.214975,47.407687],[-120.213005,47.406325],[-120.212644,47.406564],[-120.214572,47.407897],[-120.214447,47.407980],[-120.214705,47.408158],[-120.215015,47.407953],[-120.215056,47.407981],[-120.215225,47.407870]]]}},{"type":"Feature","properties":{"id":"00814061068","t":"building","op":null,"nm":null,"st":"WA","co":"Douglas County","sqft":13946,"lat":47.392149,"lon":-120.217462},"geometry":{"type":"Polygon","coordinates":[[[-120.217949,47.392231],[-120.217951,47.392073],[-120.216975,47.392067],[-120.216973,47.392225],[-120.217949,47.392231]]]}},{"type":"Feature","properties":{"id":"00814061069","t":"building","op":null,"nm":null,"st":"WA","co":"Douglas County","sqft":4004,"lat":47.391794,"lon":-120.217877},"geometry":{"type":"Polygon","coordinates":[[[-120.218028,47.391867],[-120.218028,47.391720],[-120.217726,47.391720],[-120.217726,47.391867],[-120.218028,47.391867]]]}},{"type":"Feature","properties":{"id":"00814061070","t":"building","op":null,"nm":null,"st":"WA","co":"Douglas County","sqft":4003,"lat":47.391757,"lon":-120.217514},"geometry":{"type":"Polygon","coordinates":[[[-120.217665,47.391830],[-120.217665,47.391683],[-120.217363,47.391683],[-120.217363,47.391830],[-120.217665,47.391830]]]}},{"type":"Feature","properties":{"id":"00814061071","t":"building","op":null,"nm":null,"st":"WA","co":"Douglas County","sqft":7706,"lat":47.391759,"lon":-120.216901},"geometry":{"type":"Polygon","coordinates":[[[-120.217194,47.391830],[-120.217193,47.391684],[-120.216608,47.391687],[-120.216609,47.391833],[-120.217194,47.391830]]]}},{"type":"Feature","properties":{"id":"00815057182","t":"building","op":"Meta","nm":"Facebook Fort Worth Datacenter","st":"TX","co":"Tarrant County","sqft":753193,"lat":32.988296,"lon":-97.25546},"geometry":{"type":"Polygon","coordinates":[[[-97.256675,32.989604],[-97.256752,32.986196],[-97.255960,32.986189],[-97.255978,32.987714],[-97.255779,32.987749],[-97.255746,32.987605],[-97.254691,32.987763],[-97.254726,32.987900],[-97.254572,32.987922],[-97.253865,32.986525],[-97.253184,32.986804],[-97.254767,32.989925],[-97.255474,32.989682],[-97.254827,32.988346],[-97.255943,32.988168],[-97.255930,32.990420],[-97.256961,32.990441],[-97.256970,32.990357],[-97.257038,32.990357],[-97.257034,32.989871],[-97.256698,32.989876],[-97.256727,32.989602],[-97.256675,32.989604]]]}},{"type":"Feature","properties":{"id":"00815078625","t":"building","op":null,"nm":"Charles Schwab Data Center","st":"TX","co":"Denton County","sqft":79688,"lat":33.004502,"lon":-97.246155},"geometry":{"type":"Polygon","coordinates":[[[-97.246650,33.004149],[-97.245628,33.004153],[-97.245628,33.004235],[-97.245630,33.004671],[-97.245631,33.004765],[-97.245854,33.004764],[-97.245854,33.004875],[-97.246654,33.004872],[-97.246650,33.004149]]]}},{"type":"Feature","properties":{"id":"00817338831","t":"building","op":"Amazon Web Services","nm":"Amazon IAD140","st":"VA","co":"Loudoun County","sqft":215095,"lat":38.981455,"lon":-77.41755},"geometry":{"type":"Polygon","coordinates":[[[-77.415702,38.980844],[-77.419032,38.982507],[-77.419397,38.982065],[-77.416067,38.980402],[-77.415702,38.980844]]]}},{"type":"Feature","properties":{"id":"00817338832","t":"building","op":"Amazon Web Services","nm":"Amazon IAD141","st":"VA","co":"Loudoun County","sqft":216850,"lat":38.982388,"lon":-77.416786},"geometry":{"type":"Polygon","coordinates":[[[-77.414938,38.981779],[-77.418267,38.983442],[-77.418633,38.982995],[-77.415304,38.981333],[-77.414938,38.981779]]]}},{"type":"Feature","properties":{"id":"00818167571","t":"building","op":"News-Press & Gazette Company","nm":"1623 Farnam","st":"NE","co":"Douglas County","sqft":35689,"lat":41.257291,"lon":-95.937849},"geometry":{"type":"Polygon","coordinates":[[[-95.938331,41.257476],[-95.938333,41.257114],[-95.938333,41.257107],[-95.938137,41.257107],[-95.938093,41.257107],[-95.937616,41.257106],[-95.937367,41.257105],[-95.937366,41.257245],[-95.937366,41.257331],[-95.937365,41.257474],[-95.937614,41.257474],[-95.938091,41.257476],[-95.938135,41.257476],[-95.938331,41.257476]]]}},{"type":"Feature","properties":{"id":"00818790301","t":"building","op":null,"nm":"Credit Suisse: Clifton Data Center","st":"NJ","co":"Passaic County","sqft":140278,"lat":40.83345,"lon":-74.140219},"geometry":{"type":"Polygon","coordinates":[[[-74.139999,40.834294],[-74.140484,40.833745],[-74.140707,40.833492],[-74.141148,40.832993],[-74.141166,40.832973],[-74.140438,40.832605],[-74.139271,40.833926],[-74.139999,40.834294]]]}},{"type":"Feature","properties":{"id":"00819981888","t":"building","op":null,"nm":null,"st":"TN","co":"Davidson County","sqft":93318,"lat":36.032681,"lon":-86.637798},"geometry":{"type":"Polygon","coordinates":[[[-86.637489,36.033232],[-86.638040,36.033284],[-86.638056,36.033172],[-86.638153,36.033181],[-86.638289,36.032233],[-86.637391,36.032148],[-86.637288,36.032863],[-86.637539,36.032887],[-86.637489,36.033232]]]}},{"type":"Feature","properties":{"id":"00821081357","t":"building","op":"Amazon Web Services","nm":"Amazon Web Services","st":"OH","co":"Franklin County","sqft":151703,"lat":40.102573,"lon":-83.199699},"geometry":{"type":"Polygon","coordinates":[[[-83.198265,40.102397],[-83.198287,40.102600],[-83.198310,40.102598],[-83.198324,40.102726],[-83.198301,40.102728],[-83.198322,40.102926],[-83.201131,40.102748],[-83.201109,40.102547],[-83.201090,40.102548],[-83.201076,40.102416],[-83.201096,40.102415],[-83.201075,40.102220],[-83.198265,40.102397]]]}},{"type":"Feature","properties":{"id":"00821081358","t":"building","op":"Amazon Web Services","nm":"Amazon Web Services","st":"OH","co":"Franklin County","sqft":159123,"lat":40.103587,"lon":-83.199764},"geometry":{"type":"Polygon","coordinates":[[[-83.198343,40.103947],[-83.201244,40.103762],[-83.201222,40.103564],[-83.201199,40.103565],[-83.201181,40.103401],[-83.201201,40.103400],[-83.201182,40.103225],[-83.198283,40.103410],[-83.198303,40.103588],[-83.198326,40.103587],[-83.198344,40.103750],[-83.198321,40.103752],[-83.198343,40.103947]]]}},{"type":"Feature","properties":{"id":"00828135845","t":"building","op":"Amazon Web Services","nm":"Amazon IAD84","st":"VA","co":"Prince William County","sqft":152692,"lat":38.816103,"lon":-77.652499},"geometry":{"type":"Polygon","coordinates":[[[-77.653919,38.816179],[-77.651288,38.815520],[-77.651079,38.816026],[-77.653710,38.816686],[-77.653919,38.816179]]]}},{"type":"Feature","properties":{"id":"00828228235","t":"building","op":null,"nm":"StrongMind","st":"AZ","co":"Maricopa County","sqft":20604,"lat":33.342616,"lon":-111.840974},"geometry":{"type":"Polygon","coordinates":[[[-111.841150,33.342882],[-111.841148,33.342655],[-111.841134,33.342655],[-111.841134,33.342585],[-111.841150,33.342585],[-111.84115,33.342547],[-111.841128,33.342547],[-111.841128,33.342518],[-111.841144,33.342518],[-111.841143,33.342358],[-111.841114,33.342359],[-111.841114,33.342332],[-111.840824,33.342334],[-111.840826,33.342594],[-111.840773,33.342595],[-111.840775,33.342769],[-111.840808,33.342769],[-111.840809,33.342884],[-111.841150,33.342882]]]}},{"type":"Feature","properties":{"id":"00830138727","t":"building","op":null,"nm":"BB&T Data Center","st":"NC","co":"Wake County","sqft":143011,"lat":35.839325,"lon":-78.328127},"geometry":{"type":"Polygon","coordinates":[[[-78.328877,35.839295],[-78.328151,35.838515],[-78.327392,35.838969],[-78.327795,35.839411],[-78.327521,35.839583],[-78.328044,35.840155],[-78.328743,35.839727],[-78.328533,35.839493],[-78.328877,35.839295]]]}},{"type":"Feature","properties":{"id":"00830881731","t":"building","op":"Microsoft","nm":"Microsoft","st":"IA","co":"Polk County","sqft":153956,"lat":41.516741,"lon":-93.702542},"geometry":{"type":"Polygon","coordinates":[[[-93.701041,41.517013],[-93.702318,41.517009],[-93.702317,41.516861],[-93.702674,41.516860],[-93.702675,41.517035],[-93.703988,41.517031],[-93.703985,41.516446],[-93.702681,41.516450],[-93.702682,41.516632],[-93.702298,41.516633],[-93.702297,41.516460],[-93.701132,41.516464],[-93.701132,41.516491],[-93.701038,41.516492],[-93.701041,41.517013]]]}},{"type":"Feature","properties":{"id":"00830881732","t":"building","op":"Microsoft","nm":"Microsoft","st":"IA","co":"Polk County","sqft":149149,"lat":41.515843,"lon":-93.702513},"geometry":{"type":"Polygon","coordinates":[[[-93.703960,41.516107],[-93.703948,41.515539],[-93.702667,41.515554],[-93.702671,41.515740],[-93.702285,41.515745],[-93.702281,41.515575],[-93.701023,41.515591],[-93.701035,41.516130],[-93.702310,41.516114],[-93.702307,41.515965],[-93.702665,41.515960],[-93.702669,41.516122],[-93.703960,41.516107]]]}},{"type":"Feature","properties":{"id":"00830881733","t":"building","op":"Microsoft","nm":"Microsoft","st":"IA","co":"Polk County","sqft":144428,"lat":41.515818,"lon":-93.706301},"geometry":{"type":"Polygon","coordinates":[[[-93.704832,41.516094],[-93.706106,41.516084],[-93.706104,41.515938],[-93.706485,41.515936],[-93.706487,41.516081],[-93.707775,41.516072],[-93.707768,41.515541],[-93.706484,41.515550],[-93.706486,41.515707],[-93.706110,41.515709],[-93.706108,41.515554],[-93.704825,41.515563],[-93.704832,41.516094]]]}},{"type":"Feature","properties":{"id":"00830881734","t":"building","op":"Microsoft","nm":"Microsoft","st":"IA","co":"Polk County","sqft":146482,"lat":41.516712,"lon":-93.706351},"geometry":{"type":"Polygon","coordinates":[[[-93.707792,41.516427],[-93.706492,41.516435],[-93.706494,41.516577],[-93.706108,41.516580],[-93.706107,41.516454],[-93.704852,41.516462],[-93.704858,41.516979],[-93.706133,41.516971],[-93.706132,41.516839],[-93.706480,41.516836],[-93.706481,41.516984],[-93.707798,41.516976],[-93.707792,41.516427]]]}},{"type":"Feature","properties":{"id":"00830881742","t":"building","op":"Microsoft","nm":"Microsoft","st":"IA","co":"Polk County","sqft":145134,"lat":41.518502,"lon":-93.706331},"geometry":{"type":"Polygon","coordinates":[[[-93.707806,41.518756],[-93.707795,41.518222],[-93.706521,41.518236],[-93.706524,41.518401],[-93.706141,41.518405],[-93.706138,41.518229],[-93.704858,41.518243],[-93.704869,41.518780],[-93.706149,41.518765],[-93.706146,41.518624],[-93.706513,41.518620],[-93.706516,41.518770],[-93.707806,41.518756]]]}},{"type":"Feature","properties":{"id":"00830881743","t":"building","op":"Microsoft","nm":"Microsoft","st":"IA","co":"Polk County","sqft":143145,"lat":41.517607,"lon":-93.706312},"geometry":{"type":"Polygon","coordinates":[[[-93.704856,41.517349],[-93.704865,41.517885],[-93.706140,41.517874],[-93.706137,41.517720],[-93.706516,41.517717],[-93.706519,41.517867],[-93.707791,41.517856],[-93.707783,41.517335],[-93.706498,41.517347],[-93.706500,41.517493],[-93.706142,41.517496],[-93.706139,41.517338],[-93.704856,41.517349]]]}},{"type":"Feature","properties":{"id":"00830881744","t":"building","op":"Microsoft","nm":"Microsoft","st":"IA","co":"Polk County","sqft":141016,"lat":41.517641,"lon":-93.702493},"geometry":{"type":"Polygon","coordinates":[[[-93.703970,41.517885],[-93.703964,41.517370],[-93.702698,41.517379],[-93.702700,41.517533],[-93.702313,41.517535],[-93.702311,41.517382],[-93.701027,41.517391],[-93.701034,41.517913],[-93.702330,41.517904],[-93.702328,41.517764],[-93.702695,41.517761],[-93.702697,41.517894],[-93.703970,41.517885]]]}},{"type":"Feature","properties":{"id":"00830881745","t":"building","op":"Microsoft","nm":"Microsoft","st":"IA","co":"Polk County","sqft":141225,"lat":41.518538,"lon":-93.702525},"geometry":{"type":"Polygon","coordinates":[[[-93.702714,41.518278],[-93.702716,41.518418],[-93.702320,41.518421],[-93.702317,41.518276],[-93.701050,41.518287],[-93.701058,41.518806],[-93.702331,41.518794],[-93.702328,41.518654],[-93.702707,41.518650],[-93.702709,41.518801],[-93.703991,41.518790],[-93.703983,41.518267],[-93.702714,41.518278]]]}},{"type":"Feature","properties":{"id":"00830885773","t":"building","op":"Microsoft","nm":"Microsoft","st":"IA","co":"Warren County","sqft":239270,"lat":41.497871,"lon":-93.787039},"geometry":{"type":"Polygon","coordinates":[[[-93.789334,41.498131],[-93.789335,41.497677],[-93.789393,41.497677],[-93.789393,41.497607],[-93.789338,41.497606],[-93.789338,41.497580],[-93.789156,41.497580],[-93.789156,41.497613],[-93.784725,41.497611],[-93.784725,41.498129],[-93.789334,41.498131]]]}},{"type":"Feature","properties":{"id":"00830885774","t":"building","op":"Microsoft","nm":"Microsoft","st":"IA","co":"Warren County","sqft":243678,"lat":41.498913,"lon":-93.787075},"geometry":{"type":"Polygon","coordinates":[[[-93.789414,41.499173],[-93.789414,41.498627],[-93.789219,41.498627],[-93.789219,41.498654],[-93.784726,41.498652],[-93.784726,41.499172],[-93.789414,41.499173]]]}},{"type":"Feature","properties":{"id":"00830931210","t":"building","op":"Meta","nm":"Facebook Altoona Data Center 5","st":"IA","co":"Polk County","sqft":628003,"lat":41.671173,"lon":-93.516629},"geometry":{"type":"Polygon","coordinates":[[[-93.514315,41.670287],[-93.514319,41.670955],[-93.516411,41.670948],[-93.516412,41.671017],[-93.516210,41.671018],[-93.516212,41.671424],[-93.516362,41.671423],[-93.516363,41.671504],[-93.514364,41.671511],[-93.514368,41.672100],[-93.518872,41.672085],[-93.518869,41.671475],[-93.517281,41.671481],[-93.517278,41.670962],[-93.518852,41.670957],[-93.518848,41.670272],[-93.514315,41.670287]]]}},{"type":"Feature","properties":{"id":"00832622369","t":"building","op":"Blockfusion","nm":null,"st":"NY","co":"Niagara County","sqft":16242,"lat":43.074838,"lon":-78.944802},"geometry":{"type":"Polygon","coordinates":[[[-78.945184,43.074806],[-78.944578,43.074636],[-78.944434,43.074911],[-78.944612,43.074960],[-78.944625,43.074935],[-78.944702,43.074956],[-78.944717,43.074928],[-78.945068,43.075025],[-78.945184,43.074806]]]}},{"type":"Feature","properties":{"id":"00835601088","t":"building","op":"Lumen Technologies","nm":"Lumen","st":"UT","co":"Washington County","sqft":1833,"lat":37.062799,"lon":-113.544749},"geometry":{"type":"Polygon","coordinates":[[[-113.544836,37.062737],[-113.544635,37.06278],[-113.544661,37.062860],[-113.544862,37.062819],[-113.544836,37.062737]]]}},{"type":"Feature","properties":{"id":"00836947535","t":"building","op":null,"nm":"Myndshift Technologies","st":"AZ","co":"Maricopa County","sqft":21279,"lat":33.475421,"lon":-111.719165},"geometry":{"type":"Polygon","coordinates":[[[-111.719333,33.475702],[-111.719338,33.475141],[-111.718996,33.475139],[-111.718991,33.475700],[-111.719333,33.475702]]]}},{"type":"Feature","properties":{"id":"00837139011","t":"building","op":null,"nm":"ForceAmp.com","st":"IA","co":"Johnson County","sqft":2709,"lat":41.703998,"lon":-91.587078},"geometry":{"type":"Polygon","coordinates":[[[-91.587019,41.704110],[-91.587142,41.704108],[-91.587136,41.703886],[-91.587013,41.703888],[-91.587019,41.704110]]]}},{"type":"Feature","properties":{"id":"00838817907","t":"building","op":"TierPoint","nm":"TierPoint - Charlotte Data Center","st":"NC","co":"Mecklenburg County","sqft":61578,"lat":35.173196,"lon":-80.928121},"geometry":{"type":"Polygon","coordinates":[[[-80.927554,35.172732],[-80.927338,35.173055],[-80.928687,35.173658],[-80.928903,35.173335],[-80.927554,35.172732]]]}},{"type":"Feature","properties":{"id":"00838817943","t":"building","op":null,"nm":"SEGRA","st":"NC","co":"Mecklenburg County","sqft":18094,"lat":35.180053,"lon":-80.926357},"geometry":{"type":"Polygon","coordinates":[[[-80.926135,35.179858],[-80.926146,35.180246],[-80.926584,35.180240],[-80.926578,35.179964],[-80.926562,35.179957],[-80.926560,35.179875],[-80.926533,35.179862],[-80.926352,35.179867],[-80.926329,35.179855],[-80.926135,35.179858]]]}},{"type":"Feature","properties":{"id":"00841813139","t":"building","op":"CoreSite","nm":"CoreSite Chicago Data Center (CH2)","st":"IL","co":"Cook County","sqft":61773,"lat":41.862798,"lon":-87.641304},"geometry":{"type":"Polygon","coordinates":[[[-87.641898,41.863054],[-87.641885,41.862523],[-87.640703,41.862545],[-87.640723,41.863070],[-87.641898,41.863054]]]}},{"type":"Feature","properties":{"id":"00842544718","t":"building","op":"Unity Cable System","nm":"Norma Beach Cable Landing Station","st":"WA","co":"Snohomish County","sqft":2369,"lat":47.864698,"lon":-122.284158},"geometry":{"type":"Polygon","coordinates":[[[-122.284271,47.864753],[-122.284269,47.864630],[-122.284163,47.864632],[-122.284163,47.864649],[-122.284035,47.864649],[-122.284037,47.864755],[-122.284271,47.864753]]]}},{"type":"Feature","properties":{"id":"00843314844","t":"building","op":"DirecTV","nm":null,"st":"AZ","co":"Pima County","sqft":14373,"lat":32.092706,"lon":-110.787424},"geometry":{"type":"Polygon","coordinates":[[[-110.787553,32.092924],[-110.787711,32.092696],[-110.787294,32.092488],[-110.787136,32.092715],[-110.787553,32.092924]]]}},{"type":"Feature","properties":{"id":"00844359206","t":"building","op":"Google","nm":"Google","st":"NV","co":"Clark County","sqft":143869,"lat":36.056288,"lon":-115.008577},"geometry":{"type":"Polygon","coordinates":[[[-115.007918,36.056797],[-115.009228,36.056800],[-115.009231,36.055759],[-115.008882,36.055758],[-115.008882,36.055792],[-115.008043,36.055790],[-115.008043,36.055742],[-115.007921,36.055742],[-115.007918,36.056797]]]}},{"type":"Feature","properties":{"id":"00844359207","t":"building","op":"Google","nm":"Google","st":"NV","co":"Clark County","sqft":141227,"lat":36.058802,"lon":-115.008797},"geometry":{"type":"Polygon","coordinates":[[[-115.008162,36.058288],[-115.008153,36.059340],[-115.008508,36.059342],[-115.008508,36.059293],[-115.009338,36.059297],[-115.009337,36.059328],[-115.009441,36.059329],[-115.009449,36.058295],[-115.008162,36.058288]]]}},{"type":"Feature","properties":{"id":"00844371952","t":"building","op":"Google","nm":"Google","st":"AL","co":"Jackson County","sqft":144996,"lat":34.913692,"lon":-85.747428},"geometry":{"type":"Polygon","coordinates":[[[-85.746770,34.914203],[-85.748094,34.914185],[-85.748073,34.913131],[-85.747719,34.913136],[-85.747721,34.913217],[-85.746907,34.913228],[-85.746906,34.913153],[-85.746750,34.913155],[-85.746770,34.914203]]]}},{"type":"Feature","properties":{"id":"00844371953","t":"building","op":"Google","nm":"Google","st":"AL","co":"Jackson County","sqft":141947,"lat":34.913676,"lon":-85.745935},"geometry":{"type":"Polygon","coordinates":[[[-85.746579,34.914173],[-85.746574,34.913105],[-85.746200,34.913106],[-85.746200,34.913215],[-85.745389,34.913217],[-85.745388,34.913164],[-85.745268,34.913165],[-85.745272,34.914177],[-85.746579,34.914173]]]}},{"type":"Feature","properties":{"id":"00844374689","t":"building","op":null,"nm":null,"st":"VA","co":"Loudoun County","sqft":140157,"lat":39.050608,"lon":-77.540026},"geometry":{"type":"Polygon","coordinates":[[[-77.540583,39.051184],[-77.540802,39.050142],[-77.540436,39.050095],[-77.540419,39.050180],[-77.539556,39.050070],[-77.539564,39.050032],[-77.539451,39.050017],[-77.539242,39.051014],[-77.540583,39.051184]]]}},{"type":"Feature","properties":{"id":"00844386860","t":"building","op":"Google","nm":"Google","st":"TX","co":"Ellis County","sqft":144574,"lat":32.44213,"lon":-97.062488},"geometry":{"type":"Polygon","coordinates":[[[-97.061619,32.441892],[-97.061640,32.441928],[-97.061689,32.442009],[-97.061765,32.442135],[-97.061788,32.442173],[-97.061872,32.442140],[-97.062219,32.442772],[-97.062259,32.442846],[-97.06331,32.442383],[-97.063133,32.442086],[-97.062953,32.441784],[-97.062888,32.441675],[-97.062743,32.441431],[-97.062533,32.441518],[-97.062501,32.441531],[-97.062450,32.441551],[-97.062369,32.441585],[-97.062267,32.441627],[-97.062030,32.441724],[-97.061941,32.441760],[-97.061732,32.441846],[-97.061619,32.441892]]]}},{"type":"Feature","properties":{"id":"00844386861","t":"building","op":"Google","nm":"Google","st":"TX","co":"Ellis County","sqft":138230,"lat":32.443555,"lon":-97.063333},"geometry":{"type":"Polygon","coordinates":[[[-97.063578,32.442868],[-97.063386,32.442950],[-97.063349,32.442966],[-97.063300,32.442987],[-97.063218,32.443021],[-97.063109,32.443068],[-97.062883,32.443164],[-97.062800,32.443199],[-97.062589,32.443289],[-97.062479,32.443336],[-97.062523,32.443410],[-97.062599,32.443537],[-97.062632,32.443592],[-97.062711,32.443558],[-97.063071,32.444160],[-97.063036,32.444174],[-97.063044,32.444189],[-97.063081,32.444259],[-97.064081,32.443833],[-97.064139,32.443808],[-97.063954,32.443498],[-97.063709,32.443088],[-97.063578,32.442868]]]}},{"type":"Feature","properties":{"id":"00844389014","t":"building","op":"Google","nm":"Google","st":"TN","co":"Montgomery County","sqft":169736,"lat":36.624582,"lon":-87.261296},"geometry":{"type":"Polygon","coordinates":[[[-87.260687,36.624055],[-87.260510,36.625034],[-87.260947,36.625085],[-87.260933,36.625164],[-87.261788,36.625264],[-87.261815,36.625113],[-87.261863,36.625110],[-87.262016,36.624275],[-87.262059,36.624280],[-87.262072,36.624210],[-87.262016,36.624203],[-87.262024,36.624162],[-87.261986,36.624158],[-87.262008,36.624040],[-87.261743,36.624009],[-87.261747,36.623984],[-87.261680,36.623976],[-87.261675,36.624002],[-87.261271,36.623955],[-87.261277,36.623923],[-87.261206,36.623915],[-87.261199,36.623950],[-87.261156,36.623945],[-87.261149,36.623979],[-87.260950,36.623955],[-87.260936,36.624035],[-87.260816,36.624021],[-87.260807,36.624069],[-87.260687,36.624055]]]}},{"type":"Feature","properties":{"id":"00844391358","t":"building","op":"Google","nm":"Google NBY-1","st":"OH","co":"Licking County","sqft":145177,"lat":40.061145,"lon":-82.764294},"geometry":{"type":"Polygon","coordinates":[[[-82.763593,40.060580],[-82.763569,40.060865],[-82.763692,40.060871],[-82.763633,40.061554],[-82.763537,40.061549],[-82.763529,40.061647],[-82.764913,40.061717],[-82.765005,40.060651],[-82.763593,40.060580]]]}},{"type":"Feature","properties":{"id":"00844394339","t":"building","op":"Meta","nm":"Meta Sarpy Data center","st":"NE","co":"Sarpy County","sqft":666382,"lat":41.123542,"lon":-96.14419},"geometry":{"type":"Polygon","coordinates":[[[-96.146393,41.124804],[-96.146461,41.124158],[-96.144515,41.124042],[-96.144621,41.123031],[-96.146537,41.123145],[-96.1466,41.122547],[-96.144560,41.122426],[-96.144570,41.122333],[-96.144068,41.122303],[-96.144062,41.122370],[-96.142045,41.122253],[-96.141982,41.122871],[-96.143986,41.122987],[-96.143978,41.123061],[-96.143815,41.123051],[-96.143726,41.123910],[-96.143890,41.123920],[-96.143883,41.123986],[-96.141870,41.123866],[-96.141800,41.124531],[-96.146393,41.124804]]]}},{"type":"Feature","properties":{"id":"00844394340","t":"building","op":"Meta","nm":"Meta Sarpy Data center","st":"NE","co":"Sarpy County","sqft":515084,"lat":41.120732,"lon":-96.144854},"geometry":{"type":"Polygon","coordinates":[[[-96.146706,41.121738],[-96.146786,41.121052],[-96.144869,41.120925],[-96.144978,41.119990],[-96.146788,41.120110],[-96.146857,41.119522],[-96.144471,41.119364],[-96.144395,41.120018],[-96.144176,41.120003],[-96.144079,41.120839],[-96.144272,41.120852],[-96.144259,41.120969],[-96.142276,41.120840],[-96.142207,41.121441],[-96.143950,41.121555],[-96.143944,41.121608],[-96.144858,41.121668],[-96.144864,41.121616],[-96.146706,41.121738]]]}},{"type":"Feature","properties":{"id":"00844394357","t":"building","op":"Google","nm":"Google","st":"NE","co":"Sarpy County","sqft":152487,"lat":41.134975,"lon":-96.14673},"geometry":{"type":"Polygon","coordinates":[[[-96.146051,41.134425],[-96.146027,41.135334],[-96.145965,41.135333],[-96.145960,41.135502],[-96.146016,41.135502],[-96.146015,41.135552],[-96.146394,41.135558],[-96.146396,41.135470],[-96.147247,41.135483],[-96.147246,41.135532],[-96.147433,41.135535],[-96.147461,41.134446],[-96.146051,41.134425]]]}},{"type":"Feature","properties":{"id":"00845775548","t":"building","op":"JPMorgan Chase","nm":"JPMorgan Chase","st":"CO","co":"Broomfield County","sqft":188160,"lat":39.989087,"lon":-105.020703},"geometry":{"type":"Polygon","coordinates":[[[-105.021041,39.989882],[-105.021042,39.989519],[-105.021404,39.989520],[-105.021405,39.989167],[-105.021030,39.989166],[-105.021030,39.989064],[-105.021895,39.989065],[-105.021896,39.988718],[-105.021051,39.988717],[-105.021052,39.988434],[-105.020552,39.988433],[-105.020295,39.988433],[-105.020295,39.988660],[-105.020424,39.988660],[-105.020424,39.988703],[-105.019557,39.988702],[-105.019555,39.989083],[-105.020407,39.989084],[-105.020407,39.989141],[-105.020033,39.989140],[-105.020032,39.989532],[-105.020400,39.989533],[-105.020399,39.989881],[-105.021041,39.989882]]]}},{"type":"Feature","properties":{"id":"00850342266","t":"building","op":null,"nm":"Marquette-Adams Telephone Coop","st":"WI","co":"Marquette County","sqft":8257,"lat":43.782184,"lon":-89.574809},"geometry":{"type":"Polygon","coordinates":[[[-89.574939,43.782326],[-89.574939,43.782082],[-89.575055,43.782074],[-89.575049,43.782029],[-89.574797,43.782026],[-89.574799,43.782095],[-89.574635,43.782099],[-89.574625,43.782323],[-89.574939,43.782326]]]}},{"type":"Feature","properties":{"id":"00850965775","t":"building","op":null,"nm":"Compass Data Center","st":"TX","co":"Ellis County","sqft":41692,"lat":32.538722,"lon":-96.804396},"geometry":{"type":"Polygon","coordinates":[[[-96.804496,32.539351],[-96.804496,32.539257],[-96.804556,32.539257],[-96.804555,32.539205],[-96.804497,32.539205],[-96.804500,32.538679],[-96.804573,32.538680],[-96.804572,32.538611],[-96.804686,32.538609],[-96.804682,32.538512],[-96.804599,32.538512],[-96.804599,32.538182],[-96.804231,32.538186],[-96.804230,32.539348],[-96.804496,32.539351]]]}},{"type":"Feature","properties":{"id":"00852039781","t":"building","op":"Amazon Web Services","nm":"Amazon IAD119","st":"VA","co":"Loudoun County","sqft":127104,"lat":39.01693,"lon":-77.439387},"geometry":{"type":"Polygon","coordinates":[[[-77.439012,39.017781],[-77.440331,39.016422],[-77.439758,39.016081],[-77.438445,39.017431],[-77.438681,39.017570],[-77.438672,39.017580],[-77.439012,39.017781]]]}},{"type":"Feature","properties":{"id":"00860433344","t":"building","op":"Flexential","nm":"Flexential Portland - Hillsboro 4","st":"OR","co":"Washington County","sqft":97536,"lat":45.555205,"lon":-122.939884},"geometry":{"type":"Polygon","coordinates":[[[-122.938912,45.555604],[-122.939275,45.555606],[-122.939282,45.555427],[-122.939450,45.555430],[-122.939591,45.555428],[-122.939593,45.555269],[-122.940436,45.555278],[-122.940602,45.555276],[-122.941570,45.555283],[-122.941575,45.555008],[-122.938714,45.554985],[-122.938703,45.555335],[-122.938738,45.555335],[-122.938734,45.555467],[-122.938694,45.555467],[-122.938690,45.555551],[-122.938687,45.555640],[-122.938784,45.555640],[-122.93887,45.555640],[-122.938913,45.555640],[-122.938912,45.555604]]]}},{"type":"Feature","properties":{"id":"00863162820","t":"building","op":"Stream","nm":"Stream Chicago II","st":"IL","co":"Cook County","sqft":215922,"lat":41.999124,"lon":-87.957765},"geometry":{"type":"Polygon","coordinates":[[[-87.959003,41.999546],[-87.958973,41.998656],[-87.956526,41.998701],[-87.956556,41.999592],[-87.959003,41.999546]]]}},{"type":"Feature","properties":{"id":"00863162822","t":"building","op":"Stack Infrastructure","nm":"STACK Chicago CHI01","st":"IL","co":"Cook County","sqft":298471,"lat":42.006844,"lon":-87.96519},"geometry":{"type":"Polygon","coordinates":[[[-87.963475,42.007296],[-87.966364,42.007255],[-87.966369,42.007324],[-87.966905,42.007311],[-87.966883,42.006387],[-87.963447,42.006422],[-87.963475,42.007296]]]}},{"type":"Feature","properties":{"id":"00863162825","t":"building","op":"Stream","nm":"Stream Chicago I","st":"IL","co":"Cook County","sqft":120616,"lat":42.002601,"lon":-87.951135},"geometry":{"type":"Polygon","coordinates":[[[-87.952246,42.002915],[-87.952225,42.002307],[-87.949976,42.002350],[-87.949993,42.002809],[-87.950196,42.002805],[-87.950201,42.002953],[-87.950365,42.002950],[-87.950363,42.002874],[-87.951913,42.002844],[-87.951915,42.002921],[-87.952246,42.002915]]]}},{"type":"Feature","properties":{"id":"00871694597","t":"building","op":null,"nm":"Turnkey Internet","st":"NY","co":"Albany County","sqft":10465,"lat":42.745441,"lon":-73.7592},"geometry":{"type":"Polygon","coordinates":[[[-73.759383,42.745609],[-73.759486,42.745403],[-73.759019,42.745286],[-73.758996,42.745279],[-73.758941,42.745386],[-73.758957,42.745390],[-73.758916,42.745469],[-73.759383,42.745609]]]}},{"type":"Feature","properties":{"id":"00871745265","t":"building","op":"Microsoft","nm":"Microsoft","st":"IA","co":"Dallas County","sqft":220735,"lat":41.540709,"lon":-93.827895},"geometry":{"type":"Polygon","coordinates":[[[-93.826019,41.540537],[-93.826017,41.540579],[-93.826077,41.541142],[-93.827791,41.541040],[-93.827732,41.540481],[-93.827925,41.540470],[-93.827984,41.541022],[-93.829736,41.540918],[-93.829673,41.540319],[-93.829458,41.540332],[-93.829439,41.540158],[-93.829134,41.540176],[-93.829152,41.540350],[-93.827550,41.540445],[-93.827532,41.540279],[-93.827239,41.540297],[-93.827257,41.540463],[-93.826019,41.540537]]]}},{"type":"Feature","properties":{"id":"00873137563","t":"building","op":null,"nm":null,"st":"NC","co":"Catawba County","sqft":203410,"lat":35.590392,"lon":-81.26457},"geometry":{"type":"Polygon","coordinates":[[[-81.263253,35.591348],[-81.266228,35.589902],[-81.265886,35.589436],[-81.262911,35.590882],[-81.263253,35.591348]]]}},{"type":"Feature","properties":{"id":"00874506250","t":"building","op":"Amazon Web Services","nm":"Amazon Web Services","st":"OH","co":"Franklin County","sqft":161757,"lat":40.060147,"lon":-83.134907},"geometry":{"type":"Polygon","coordinates":[[[-83.136376,40.060157],[-83.136201,40.059615],[-83.133438,40.060137],[-83.133613,40.060678],[-83.136376,40.060157]]]}},{"type":"Feature","properties":{"id":"00876020641","t":"building","op":null,"nm":"Iron Mountain","st":"WA","co":"Spokane County","sqft":14085,"lat":47.594616,"lon":-117.537148},"geometry":{"type":"Polygon","coordinates":[[[-117.537340,47.594407],[-117.536971,47.594400],[-117.536955,47.594824],[-117.537323,47.594831],[-117.537340,47.594407]]]}},{"type":"Feature","properties":{"id":"00878795698","t":"building","op":null,"nm":"amnet Data Center","st":"CT","co":"Western Connecticut Planning Region","sqft":10526,"lat":41.091833,"lon":-73.516716},"geometry":{"type":"Polygon","coordinates":[[[-73.516516,41.091910],[-73.516494,41.091911],[-73.516502,41.091976],[-73.516501,41.091976],[-73.516504,41.091997],[-73.516469,41.091999],[-73.516473,41.092029],[-73.516876,41.092000],[-73.516818,41.091539],[-73.516672,41.091550],[-73.516706,41.091830],[-73.516662,41.091834],[-73.516667,41.091874],[-73.516577,41.091881],[-73.516571,41.091832],[-73.516507,41.091837],[-73.516516,41.091910]]]}},{"type":"Feature","properties":{"id":"00880052062","t":"building","op":"TierPoint","nm":null,"st":"KS","co":"Johnson County","sqft":58095,"lat":38.940669,"lon":-94.755232},"geometry":{"type":"Polygon","coordinates":[[[-94.755445,38.940198],[-94.755268,38.940200],[-94.755268,38.940182],[-94.755180,38.940182],[-94.755180,38.940202],[-94.755005,38.940204],[-94.755008,38.940414],[-94.754876,38.940415],[-94.754884,38.941076],[-94.755589,38.941071],[-94.755580,38.940408],[-94.755448,38.940409],[-94.755445,38.940198]]]}},{"type":"Feature","properties":{"id":"00882977350","t":"building","op":"CloudHQ","nm":"CloudHQ MCC1","st":"VA","co":"Prince William County","sqft":399915,"lat":38.717028,"lon":-77.499897},"geometry":{"type":"Polygon","coordinates":[[[-77.501261,38.716190],[-77.500421,38.715935],[-77.500355,38.716066],[-77.499777,38.715890],[-77.499742,38.715961],[-77.499706,38.715951],[-77.499604,38.716153],[-77.499424,38.716096],[-77.499156,38.716637],[-77.498971,38.716578],[-77.498617,38.717277],[-77.498981,38.717388],[-77.498711,38.717928],[-77.499360,38.718126],[-77.499426,38.717994],[-77.500213,38.718234],[-77.500234,38.718191],[-77.500258,38.718198],[-77.501261,38.716190]]]}},{"type":"Feature","properties":{"id":"00883809860","t":"building","op":"Meta","nm":"Meta Forest City datacenter","st":"NC","co":"Rutherford County","sqft":319829,"lat":35.316555,"lon":-81.825132},"geometry":{"type":"Polygon","coordinates":[[[-81.826813,35.315525],[-81.826253,35.315131],[-81.825533,35.315811],[-81.825283,35.315635],[-81.824225,35.316636],[-81.824476,35.316812],[-81.823538,35.317698],[-81.824098,35.318093],[-81.826813,35.315525]]]}},{"type":"Feature","properties":{"id":"00886028872","t":"building","op":"Amazon Web Services","nm":"Amazon IAD128","st":"VA","co":"Loudoun County","sqft":105735,"lat":39.016082,"lon":-77.438384},"geometry":{"type":"Polygon","coordinates":[[[-77.437545,39.016485],[-77.438115,39.016820],[-77.439218,39.015686],[-77.438979,39.015545],[-77.438990,39.015534],[-77.438659,39.015340],[-77.437545,39.016485]]]}},{"type":"Feature","properties":{"id":"00886330269","t":"building","op":"Microsoft","nm":"Microsoft","st":"VA","co":"Loudoun County","sqft":155317,"lat":39.074787,"lon":-77.564129},"geometry":{"type":"Polygon","coordinates":[[[-77.563335,39.073836],[-77.564279,39.075913],[-77.564923,39.075736],[-77.563978,39.073660],[-77.563335,39.073836]]]}},{"type":"Feature","properties":{"id":"00888253616","t":"building","op":"NTT","nm":"NTT Silicon Valley SV1 Data Center","st":"CA","co":"Santa Clara County","sqft":38759,"lat":37.369053,"lon":-121.955338},"geometry":{"type":"Polygon","coordinates":[[[-121.955536,37.369510],[-121.955540,37.368597],[-121.955139,37.368596],[-121.955135,37.369509],[-121.955536,37.369510]]]}},{"type":"Feature","properties":{"id":"00891031651","t":"building","op":null,"nm":"T5 Data Center","st":"GA","co":"Fulton County","sqft":149055,"lat":34.075922,"lon":-84.264316},"geometry":{"type":"Polygon","coordinates":[[[-84.265202,34.076166],[-84.265015,34.075383],[-84.263422,34.075644],[-84.263610,34.076431],[-84.263617,34.076461],[-84.265210,34.076200],[-84.265202,34.076166]]]}},{"type":"Feature","properties":{"id":"00894425613","t":"building","op":"BNYM","nm":null,"st":"TN","co":"Davidson County","sqft":191585,"lat":36.215352,"lon":-86.783684},"geometry":{"type":"Polygon","coordinates":[[[-86.783884,36.214529],[-86.783736,36.214596],[-86.783650,36.214447],[-86.782813,36.214767],[-86.782999,36.215075],[-86.782942,36.215111],[-86.783666,36.216336],[-86.783774,36.216304],[-86.783758,36.216282],[-86.783876,36.216239],[-86.783908,36.216226],[-86.783948,36.216269],[-86.784444,36.216068],[-86.784141,36.215557],[-86.784428,36.215434],[-86.783884,36.214529]]]}},{"type":"Feature","properties":{"id":"00897226574","t":"building","op":"Amazon Web Services","nm":"Amazon IAD125","st":"VA","co":"Loudoun County","sqft":104431,"lat":38.94809,"lon":-77.560545},"geometry":{"type":"Polygon","coordinates":[[[-77.560876,38.948790],[-77.560943,38.947410],[-77.560213,38.947388],[-77.560146,38.948768],[-77.560876,38.948790]]]}},{"type":"Feature","properties":{"id":"00897226575","t":"building","op":"Amazon Web Services","nm":"Amazon IAD124","st":"VA","co":"Loudoun County","sqft":104434,"lat":38.949895,"lon":-77.560452},"geometry":{"type":"Polygon","coordinates":[[[-77.560777,38.950600],[-77.560851,38.949213],[-77.560125,38.949190],[-77.560052,38.950577],[-77.560777,38.950600]]]}},{"type":"Feature","properties":{"id":"00899634245","t":"building","op":"Stack Infrastructure","nm":"Stack Infrastructure Portland 3 Data Center -Bld POR3a","st":"OR","co":"Washington County","sqft":94010,"lat":45.554197,"lon":-122.937912},"geometry":{"type":"Polygon","coordinates":[[[-122.937150,45.554522],[-122.937378,45.554519],[-122.937379,45.554533],[-122.938663,45.554535],[-122.938662,45.553907],[-122.938662,45.553730],[-122.938634,45.553729],[-122.938504,45.553731],[-122.938506,45.553903],[-122.937485,45.553899],[-122.937485,45.553817],[-122.937350,45.553817],[-122.937155,45.553831],[-122.937150,45.554500],[-122.937150,45.554522]]]}},{"type":"Feature","properties":{"id":"00903236619","t":"building","op":"Quicken Loans","nm":null,"st":"MI","co":"Wayne County","sqft":46220,"lat":42.32618,"lon":-83.069759},"geometry":{"type":"Polygon","coordinates":[[[-83.070238,42.326480],[-83.069810,42.325720],[-83.069299,42.325878],[-83.069419,42.326091],[-83.069340,42.326115],[-83.069405,42.326229],[-83.069502,42.326222],[-83.069564,42.326331],[-83.069519,42.326345],[-83.069584,42.326461],[-83.069629,42.326447],[-83.069734,42.326635],[-83.070238,42.326480]]]}},{"type":"Feature","properties":{"id":"00903642490","t":"building","op":"The Church of Jesus Christ of Latter-day Saints","nm":"Family History Center","st":"ID","co":"Bear Lake County","sqft":4081,"lat":42.317296,"lon":-111.304245},"geometry":{"type":"Polygon","coordinates":[[[-111.304387,42.317381],[-111.304386,42.317306],[-111.304298,42.317307],[-111.304297,42.317141],[-111.304189,42.317142],[-111.304189,42.317235],[-111.304190,42.317307],[-111.304105,42.317307],[-111.304105,42.317382],[-111.304194,42.317382],[-111.304194,42.317406],[-111.304245,42.317406],[-111.304296,42.317406],[-111.304296,42.317381],[-111.304387,42.317381]]]}},{"type":"Feature","properties":{"id":"00904453635","t":"building","op":null,"nm":null,"st":"TN","co":"Grainger County","sqft":1232,"lat":36.328074,"lon":-83.376704},"geometry":{"type":"Polygon","coordinates":[[[-83.376711,36.328005],[-83.376618,36.328076],[-83.376695,36.328141],[-83.376788,36.328071],[-83.376711,36.328005]]]}},{"type":"Feature","properties":{"id":"00909455922","t":"building","op":"True North Data Solutions","nm":"42310 THUNDERBALL DR","st":"VA","co":"Loudoun County","sqft":78907,"lat":39.044099,"lon":-77.539674},"geometry":{"type":"Polygon","coordinates":[[[-77.540443,39.045124],[-77.540676,39.044999],[-77.538979,39.043080],[-77.538744,39.043207],[-77.538771,39.043236],[-77.538812,39.043282],[-77.538759,39.043311],[-77.538796,39.043353],[-77.538848,39.043325],[-77.539235,39.043759],[-77.539169,39.043795],[-77.539217,39.043849],[-77.539112,39.043906],[-77.539185,39.043988],[-77.539261,39.043947],[-77.539716,39.044457],[-77.539805,39.044409],[-77.540443,39.045124]]]}},{"type":"Feature","properties":{"id":"00909742340","t":"building","op":"Quality Technology Services","nm":"QTS Data Center Bld 2","st":"OR","co":"Washington County","sqft":172698,"lat":45.558764,"lon":-122.929631},"geometry":{"type":"Polygon","coordinates":[[[-122.929226,45.559975],[-122.930126,45.559973],[-122.930127,45.559890],[-122.929968,45.559889],[-122.929993,45.557860],[-122.930321,45.557861],[-122.930322,45.557646],[-122.930294,45.557646],[-122.930211,45.557646],[-122.930209,45.557625],[-122.929749,45.557623],[-122.929744,45.557640],[-122.929233,45.557633],[-122.929226,45.559975]]]}},{"type":"Feature","properties":{"id":"00914613836","t":"building","op":"Amazon Web Services","nm":"Amazon PDX91","st":"OR","co":"Morrow County","sqft":210994,"lat":45.837924,"lon":-119.688355},"geometry":{"type":"Polygon","coordinates":[[[-119.690588,45.837986],[-119.690495,45.837475],[-119.686120,45.837861],[-119.686213,45.838372],[-119.690588,45.837986]]]}},{"type":"Feature","properties":{"id":"00914616809","t":"building","op":"Amazon Web Services","nm":"Amazon PDX92","st":"OR","co":"Morrow County","sqft":211026,"lat":45.83754,"lon":-119.693129},"geometry":{"type":"Polygon","coordinates":[[[-119.695362,45.837603],[-119.695269,45.837091],[-119.690894,45.837477],[-119.690987,45.837988],[-119.695362,45.837603]]]}},{"type":"Feature","properties":{"id":"00914616810","t":"building","op":"Amazon Web Services","nm":"Amazon Web Services us-west-2","st":"OR","co":"Morrow County","sqft":211938,"lat":45.846655,"lon":-119.605645},"geometry":{"type":"Polygon","coordinates":[[[-119.605253,45.848190],[-119.605994,45.848195],[-119.606037,45.845119],[-119.605295,45.845114],[-119.605253,45.848190]]]}},{"type":"Feature","properties":{"id":"00916046040","t":"building","op":null,"nm":null,"st":"CO","co":"Arapahoe County","sqft":184275,"lat":39.729478,"lon":-104.712754},"geometry":{"type":"Polygon","coordinates":[[[-104.713450,39.729911],[-104.713450,39.729874],[-104.713450,39.729543],[-104.713084,39.729543],[-104.713084,39.729474],[-104.713966,39.729473],[-104.713965,39.729082],[-104.713614,39.729082],[-104.713615,39.729235],[-104.713079,39.729236],[-104.713078,39.729049],[-104.713126,39.729049],[-104.713126,39.728828],[-104.712627,39.728828],[-104.712627,39.728797],[-104.712325,39.728797],[-104.712325,39.728884],[-104.712322,39.729042],[-104.712474,39.729043],[-104.712471,39.729089],[-104.711601,39.729094],[-104.711599,39.729460],[-104.712461,39.729461],[-104.712461,39.729538],[-104.712095,39.729538],[-104.712095,39.729870],[-104.712095,39.729910],[-104.712470,39.729910],[-104.712470,39.730257],[-104.712660,39.730257],[-104.712660,39.730319],[-104.712894,39.730319],[-104.712894,39.730253],[-104.713081,39.730253],[-104.713080,39.729911],[-104.713450,39.729911]]]}},{"type":"Feature","properties":{"id":"00916148870","t":"building","op":null,"nm":null,"st":"NY","co":"Erie County","sqft":41938,"lat":43.044985,"lon":-78.749207},"geometry":{"type":"Polygon","coordinates":[[[-78.749461,43.044544],[-78.749329,43.044544],[-78.749327,43.044558],[-78.749298,43.044557],[-78.749299,43.044538],[-78.749025,43.044533],[-78.749024,43.044557],[-78.748983,43.044555],[-78.748977,43.044763],[-78.748886,43.044826],[-78.748909,43.044845],[-78.748999,43.044847],[-78.748995,43.045147],[-78.748844,43.045145],[-78.748839,43.045285],[-78.748810,43.045285],[-78.748806,43.045354],[-78.749600,43.045350],[-78.749600,43.045297],[-78.749575,43.045296],[-78.749576,43.045153],[-78.749422,43.045152],[-78.749433,43.044746],[-78.749453,43.044745],[-78.749461,43.044544]]]}},{"type":"Feature","properties":{"id":"00918871786","t":"building","op":"Quality Technology Services","nm":"QTS Data Center Bld 3","st":"OR","co":"Washington County","sqft":171585,"lat":45.55878,"lon":-122.931906},"geometry":{"type":"Polygon","coordinates":[[[-122.931352,45.557690],[-122.931352,45.557911],[-122.931519,45.557911],[-122.931521,45.559815],[-122.931305,45.559815],[-122.931305,45.559900],[-122.932322,45.559900],[-122.932321,45.557690],[-122.932012,45.557690],[-122.932011,45.557669],[-122.931547,45.557667],[-122.931550,45.557690],[-122.931352,45.557690]]]}},{"type":"Feature","properties":{"id":"00918871787","t":"building","op":"Quality Technology Services","nm":"QTS Data Center Bld 5","st":"OR","co":"Washington County","sqft":168921,"lat":45.558801,"lon":-122.93522},"geometry":{"type":"Polygon","coordinates":[[[-122.934691,45.557697],[-122.934692,45.557904],[-122.934836,45.557904],[-122.934837,45.559799],[-122.934679,45.559799],[-122.934679,45.559917],[-122.935629,45.559917],[-122.935629,45.557696],[-122.934691,45.557697]]]}},{"type":"Feature","properties":{"id":"00918871788","t":"building","op":"Quality Technology Services","nm":"QTS Data Center Bld 4","st":"OR","co":"Washington County","sqft":173993,"lat":45.558781,"lon":-122.932946},"geometry":{"type":"Polygon","coordinates":[[[-122.933481,45.557686],[-122.932521,45.557682],[-122.932531,45.559908],[-122.933463,45.559908],[-122.933458,45.559826],[-122.933339,45.559828],[-122.933352,45.557906],[-122.933480,45.557906],[-122.933481,45.557686]]]}},{"type":"Feature","properties":{"id":"00918873142","t":"building","op":"Flexential","nm":"Flexential Portland - Hillsboro 3","st":"OR","co":"Washington County","sqft":337274,"lat":45.559469,"lon":-122.938247},"geometry":{"type":"Polygon","coordinates":[[[-122.939496,45.558902],[-122.939376,45.558901],[-122.939378,45.558727],[-122.937059,45.558712],[-122.937081,45.558749],[-122.937091,45.558796],[-122.937083,45.558838],[-122.937061,45.558879],[-122.936905,45.558990],[-122.936966,45.559032],[-122.936977,45.559062],[-122.936976,45.559108],[-122.936949,45.559108],[-122.936947,45.559221],[-122.937122,45.559223],[-122.937107,45.560001],[-122.936935,45.559999],[-122.936933,45.560102],[-122.937010,45.560103],[-122.937008,45.560215],[-122.937007,45.560232],[-122.938123,45.560242],[-122.938124,45.560199],[-122.938451,45.560202],[-122.938450,45.560243],[-122.939116,45.560248],[-122.939116,45.560217],[-122.939227,45.560218],[-122.939228,45.560125],[-122.939229,45.560040],[-122.939229,45.560032],[-122.939481,45.560034],[-122.939496,45.558902]]]}},{"type":"Feature","properties":{"id":"00919948160","t":"building","op":null,"nm":null,"st":"WI","co":"Racine County","sqft":9094,"lat":42.675665,"lon":-87.918405},"geometry":{"type":"Polygon","coordinates":[[[-87.918416,42.675813],[-87.918467,42.675806],[-87.918513,42.675790],[-87.918553,42.675765],[-87.918583,42.675734],[-87.918601,42.675699],[-87.918606,42.675661],[-87.918598,42.675623],[-87.918578,42.675588],[-87.918546,42.675559],[-87.918504,42.675536],[-87.918457,42.675521],[-87.918399,42.675516],[-87.918342,42.675524],[-87.918290,42.675543],[-87.918248,42.675572],[-87.918218,42.675608],[-87.918204,42.675650],[-87.918206,42.675692],[-87.918225,42.675732],[-87.918259,42.675767],[-87.918304,42.675793],[-87.918358,42.675809],[-87.918416,42.675813]]]}},{"type":"Feature","properties":{"id":"00923148801","t":"building","op":null,"nm":"Lumen Cleveland","st":"OH","co":"Cuyahoga County","sqft":29490,"lat":41.505066,"lon":-81.657775},"geometry":{"type":"Polygon","coordinates":[[[-81.658119,41.505277],[-81.65802,41.504787],[-81.657472,41.504848],[-81.657433,41.504852],[-81.657528,41.505344],[-81.658119,41.505277]]]}},{"type":"Feature","properties":{"id":"00930043986","t":"building","op":"Syracuse University","nm":"SU Green Data Center","st":"NY","co":"Onondaga County","sqft":12169,"lat":43.012076,"lon":-76.115925},"geometry":{"type":"Polygon","coordinates":[[[-76.115845,43.012283],[-76.116218,43.012096],[-76.116005,43.011868],[-76.115632,43.012055],[-76.115845,43.012283]]]}},{"type":"Feature","properties":{"id":"00930849744","t":"building","op":"Amazon Web Services","nm":"Amazon IAD163","st":"VA","co":"Loudoun County","sqft":131936,"lat":39.032305,"lon":-77.429702},"geometry":{"type":"Polygon","coordinates":[[[-77.430295,39.033042],[-77.429875,39.031446],[-77.429108,39.031568],[-77.429528,39.033164],[-77.430295,39.033042]]]}},{"type":"Feature","properties":{"id":"00931369845","t":"building","op":null,"nm":"Johns Hopkins Data Center","st":"MD","co":"Baltimore city","sqft":3880,"lat":39.293559,"lon":-76.551738},"geometry":{"type":"Polygon","coordinates":[[[-76.551584,39.293649],[-76.551914,39.293583],[-76.551874,39.293468],[-76.551548,39.293535],[-76.551560,39.293566],[-76.551665,39.293546],[-76.551669,39.293565],[-76.551566,39.293588],[-76.551584,39.293649]]]}},{"type":"Feature","properties":{"id":"00931732650","t":"building","op":null,"nm":"Ebay","st":"UT","co":"Salt Lake County","sqft":146408,"lat":40.564095,"lon":-112.050628},"geometry":{"type":"Polygon","coordinates":[[[-112.051067,40.564914],[-112.051070,40.563811],[-112.051135,40.563816],[-112.051089,40.563496],[-112.051089,40.563312],[-112.050136,40.563310],[-112.050135,40.563823],[-112.050198,40.563823],[-112.050194,40.564912],[-112.051067,40.564914]]]}},{"type":"Feature","properties":{"id":"00933393863","t":"building","op":"EdgeConneX","nm":"Edgeconnex Data Center","st":"CA","co":"Sacramento County","sqft":29318,"lat":38.592297,"lon":-121.277437},"geometry":{"type":"Polygon","coordinates":[[[-121.277229,38.592586],[-121.277807,38.592459],[-121.277647,38.592010],[-121.277232,38.592102],[-121.277227,38.592086],[-121.277221,38.592068],[-121.277146,38.592084],[-121.277161,38.592125],[-121.277072,38.592145],[-121.277229,38.592586]]]}},{"type":"Feature","properties":{"id":"00938592711","t":"building","op":null,"nm":null,"st":"AZ","co":"Maricopa County","sqft":224651,"lat":33.439468,"lon":-112.377058},"geometry":{"type":"Polygon","coordinates":[[[-112.377535,33.441284],[-112.377535,33.441061],[-112.377309,33.441061],[-112.377312,33.437469],[-112.376808,33.437469],[-112.376806,33.441070],[-112.376560,33.441070],[-112.376560,33.441284],[-112.377535,33.441284]]]}},{"type":"Feature","properties":{"id":"00940821791","t":"building","op":null,"nm":"Omnis Network","st":"AZ","co":"Maricopa County","sqft":16956,"lat":33.39441,"lon":-111.952491},"geometry":{"type":"Polygon","coordinates":[[[-111.952437,33.394620],[-111.952437,33.394582],[-111.952580,33.394582],[-111.952580,33.394513],[-111.952688,33.394513],[-111.952688,33.394443],[-111.952767,33.394443],[-111.952767,33.394251],[-111.952266,33.394251],[-111.952266,33.394581],[-111.952300,33.394581],[-111.952300,33.394620],[-111.952437,33.394620]]]}},{"type":"Feature","properties":{"id":"00942557184","t":"building","op":"Travelers Insurance","nm":"Travelers Insurance","st":"NE","co":"Sarpy County","sqft":182408,"lat":41.127843,"lon":-96.145045},"geometry":{"type":"Polygon","coordinates":[[[-96.145676,41.127132],[-96.144435,41.127140],[-96.144442,41.127402],[-96.144398,41.127402],[-96.144433,41.128611],[-96.145386,41.128603],[-96.145378,41.128309],[-96.145744,41.128309],[-96.145728,41.127390],[-96.145682,41.127391],[-96.145676,41.127132]]]}},{"type":"Feature","properties":{"id":"00942604537","t":"building","op":"Flexential","nm":"Flexential Nashville - Franklin","st":"TN","co":"Williamson County","sqft":74934,"lat":35.920459,"lon":-86.815574},"geometry":{"type":"Polygon","coordinates":[[[-86.815477,35.919753],[-86.815459,35.920019],[-86.815344,35.920013],[-86.815298,35.920565],[-86.815335,35.920566],[-86.815331,35.920658],[-86.815291,35.920657],[-86.815290,35.920694],[-86.815210,35.920695],[-86.815186,35.921055],[-86.815796,35.921087],[-86.815817,35.920740],[-86.815829,35.920741],[-86.815839,35.920638],[-86.815827,35.920638],[-86.815847,35.920346],[-86.815863,35.920346],[-86.815870,35.920242],[-86.815857,35.920241],[-86.815881,35.919947],[-86.815893,35.919784],[-86.815790,35.919778],[-86.815789,35.919766],[-86.815477,35.919753]]]}},{"type":"Feature","properties":{"id":"00944024849","t":"building","op":null,"nm":null,"st":"IA","co":"Polk County","sqft":6991,"lat":41.558083,"lon":-93.527662},"geometry":{"type":"Polygon","coordinates":[[[-93.527781,41.558211],[-93.527803,41.557944],[-93.527612,41.557935],[-93.527607,41.557997],[-93.527525,41.557994],[-93.527508,41.558194],[-93.527571,41.558197],[-93.527569,41.558221],[-93.527684,41.558227],[-93.527685,41.558206],[-93.527781,41.558211]]]}},{"type":"Feature","properties":{"id":"00944024851","t":"building","op":null,"nm":null,"st":"IA","co":"Polk County","sqft":16920,"lat":41.558131,"lon":-93.528157},"geometry":{"type":"Polygon","coordinates":[[[-93.528228,41.558337],[-93.528242,41.558111],[-93.528596,41.558124],[-93.528604,41.557995],[-93.528312,41.557985],[-93.528313,41.557973],[-93.528149,41.557967],[-93.528145,41.558029],[-93.528013,41.558024],[-93.528016,41.557987],[-93.527848,41.557980],[-93.527845,41.558025],[-93.527885,41.558026],[-93.527865,41.558323],[-93.528228,41.558337]]]}},{"type":"Feature","properties":{"id":"00946014659","t":"building","op":null,"nm":null,"st":"OK","co":"Tulsa County","sqft":8589,"lat":36.081251,"lon":-95.854149},"geometry":{"type":"Polygon","coordinates":[[[-95.854253,36.081443],[-95.854252,36.081059],[-95.854044,36.081059],[-95.854045,36.081443],[-95.854253,36.081443]]]}},{"type":"Feature","properties":{"id":"00954433119","t":"building","op":"Amazon Web Services","nm":"Amazon IAD175","st":"VA","co":"Loudoun County","sqft":86503,"lat":38.979868,"lon":-77.42548},"geometry":{"type":"Polygon","coordinates":[[[-77.424693,38.980063],[-77.426155,38.980228],[-77.426199,38.979995],[-77.426220,38.979997],[-77.426258,38.979791],[-77.426233,38.979788],[-77.426255,38.979671],[-77.424796,38.979506],[-77.424693,38.980063]]]}},{"type":"Feature","properties":{"id":"00958153770","t":"building","op":null,"nm":null,"st":"GA","co":"Muscogee County","sqft":116660,"lat":32.498267,"lon":-84.883571},"geometry":{"type":"Polygon","coordinates":[[[-84.883316,32.497643],[-84.882866,32.498318],[-84.883179,32.498465],[-84.883166,32.498486],[-84.883162,32.498491],[-84.883158,32.498496],[-84.883155,32.498501],[-84.883086,32.498606],[-84.883040,32.498674],[-84.883443,32.498865],[-84.883562,32.498687],[-84.883864,32.498830],[-84.884315,32.498153],[-84.883942,32.497977],[-84.884019,32.497861],[-84.883887,32.497798],[-84.883780,32.497747],[-84.883721,32.497835],[-84.883316,32.497643]]]}},{"type":"Feature","properties":{"id":"00958662382","t":"building","op":"Amazon Web Services","nm":"Amazon IAD147","st":"VA","co":"Loudoun County","sqft":102767,"lat":38.995012,"lon":-77.435359},"geometry":{"type":"Polygon","coordinates":[[[-77.435112,38.995690],[-77.435239,38.995746],[-77.436107,38.994549],[-77.435481,38.994273],[-77.434613,38.995470],[-77.434875,38.995585],[-77.434868,38.995596],[-77.435105,38.995700],[-77.435112,38.995690]]]}},{"type":"Feature","properties":{"id":"00958728802","t":"building","op":null,"nm":"E-Foam","st":"FL","co":"Orange County","sqft":8403,"lat":28.577943,"lon":-81.564545},"geometry":{"type":"Polygon","coordinates":[[[-81.564618,28.578096],[-81.564630,28.578027],[-81.564682,28.578036],[-81.564709,28.577896],[-81.564661,28.577889],[-81.564672,28.577820],[-81.564444,28.577787],[-81.564389,28.578061],[-81.564618,28.578096]]]}},{"type":"Feature","properties":{"id":"00959969621","t":"building","op":null,"nm":null,"st":"CT","co":"South Central Connecticut Planning Region","sqft":53967,"lat":41.478807,"lon":-72.801006},"geometry":{"type":"Polygon","coordinates":[[[-72.801295,41.478300],[-72.800733,41.478300],[-72.800734,41.478558],[-72.800810,41.478558],[-72.800810,41.478593],[-72.800728,41.478593],[-72.800728,41.478692],[-72.800810,41.478692],[-72.800810,41.478714],[-72.800978,41.478714],[-72.800978,41.478724],[-72.800740,41.478724],[-72.800740,41.479000],[-72.800807,41.479000],[-72.800807,41.479016],[-72.800734,41.479016],[-72.800734,41.479329],[-72.801245,41.479329],[-72.801245,41.479016],[-72.801194,41.479016],[-72.801194,41.478995],[-72.801285,41.478995],[-72.801285,41.478722],[-72.801051,41.478722],[-72.801051,41.478714],[-72.801212,41.478714],[-72.801212,41.478684],[-72.801272,41.478684],[-72.801299,41.478650],[-72.801299,41.478619],[-72.801277,41.478592],[-72.801212,41.478592],[-72.801212,41.478558],[-72.801296,41.478558],[-72.801295,41.478300]]]}},{"type":"Feature","properties":{"id":"00961071564","t":"building","op":null,"nm":"SimpleHelix","st":"AL","co":"Madison County","sqft":16411,"lat":34.745431,"lon":-86.691883},"geometry":{"type":"Polygon","coordinates":[[[-86.691829,34.745175],[-86.691576,34.745371],[-86.691937,34.745686],[-86.69219,34.745491],[-86.691829,34.745175]]]}},{"type":"Feature","properties":{"id":"00965755845","t":"building","op":"CenturyLink","nm":"CenturyLink","st":"OR","co":"Marion County","sqft":24529,"lat":44.93803,"lon":-123.033685},"geometry":{"type":"Polygon","coordinates":[[[-123.034051,44.938053],[-123.034163,44.937832],[-123.033639,44.937698],[-123.033528,44.937914],[-123.033280,44.938388],[-123.033522,44.938452],[-123.033678,44.938153],[-123.033770,44.937978],[-123.034051,44.938053]]]}},{"type":"Feature","properties":{"id":"00975064000","t":"building","op":"Digital Realty","nm":"Digital Realty Atlanta ATL11","st":"GA","co":"Douglas County / Cobb County","sqft":313479,"lat":33.746562,"lon":-84.579738},"geometry":{"type":"Polygon","coordinates":[[[-84.581437,33.747036],[-84.581466,33.746212],[-84.578043,33.746084],[-84.578009,33.746912],[-84.581437,33.747036]]]}},{"type":"Feature","properties":{"id":"00975064004","t":"building","op":"Switch","nm":"Switch Data Center","st":"GA","co":"Douglas County","sqft":171499,"lat":33.755025,"lon":-84.587269},"geometry":{"type":"Polygon","coordinates":[[[-84.586804,33.755956],[-84.588337,33.754548],[-84.587732,33.754093],[-84.586199,33.755501],[-84.586804,33.755956]]]}},{"type":"Feature","properties":{"id":"00975484796","t":"building","op":"Amazon Web Services","nm":"Amazon Web Services","st":"OH","co":"Franklin County","sqft":170922,"lat":40.059325,"lon":-83.134606},"geometry":{"type":"Polygon","coordinates":[[[-83.133326,40.059883],[-83.136079,40.059337],[-83.135886,40.058767],[-83.133133,40.059312],[-83.133326,40.059883]]]}},{"type":"Feature","properties":{"id":"00975484797","t":"building","op":"Amazon Web Services","nm":"Amazon Web Services","st":"OH","co":"Franklin County","sqft":133709,"lat":40.058309,"lon":-83.134091},"geometry":{"type":"Polygon","coordinates":[[[-83.133153,40.058807],[-83.135224,40.058405],[-83.135027,40.057810],[-83.132956,40.058211],[-83.133153,40.058807]]]}},{"type":"Feature","properties":{"id":"00975484798","t":"building","op":"Amazon Web Services","nm":"Amazon Web Services","st":"OH","co":"Franklin County","sqft":142297,"lat":40.06078,"lon":-83.132753},"geometry":{"type":"Polygon","coordinates":[[[-83.133400,40.061728],[-83.132757,40.059708],[-83.132105,40.059830],[-83.132748,40.061850],[-83.133400,40.061728]]]}},{"type":"Feature","properties":{"id":"00977653854","t":"building","op":null,"nm":"CyrusOne PHX7","st":"AZ","co":"Maricopa County","sqft":138671,"lat":33.266358,"lon":-111.881909},"geometry":{"type":"Polygon","coordinates":[[[-111.882604,33.266848],[-111.882593,33.265853],[-111.882464,33.265854],[-111.882464,33.265911],[-111.881526,33.265918],[-111.881526,33.265854],[-111.881350,33.265855],[-111.881350,33.265900],[-111.881182,33.265901],[-111.881186,33.266288],[-111.881408,33.266286],[-111.881411,33.266482],[-111.881217,33.266484],[-111.881222,33.266895],[-111.881515,33.266892],[-111.881514,33.266800],[-111.882511,33.266793],[-111.882512,33.266849],[-111.882604,33.266848]]]}},{"type":"Feature","properties":{"id":"00977653858","t":"building","op":"CyrusOne","nm":"CyrusOne PHX4","st":"AZ","co":"Maricopa County","sqft":103008,"lat":33.268766,"lon":-111.882516},"geometry":{"type":"Polygon","coordinates":[[[-111.883328,33.269146],[-111.883325,33.268963],[-111.883252,33.268963],[-111.883245,33.268407],[-111.883024,33.268409],[-111.883025,33.268467],[-111.881715,33.268478],[-111.881722,33.269056],[-111.883113,33.269044],[-111.883114,33.269148],[-111.883328,33.269146]]]}},{"type":"Feature","properties":{"id":"00977653859","t":"building","op":"CyrusOne","nm":"CyrusOne PHX5","st":"AZ","co":"Maricopa County","sqft":102958,"lat":33.269741,"lon":-111.881587},"geometry":{"type":"Polygon","coordinates":[[[-111.882371,33.269481],[-111.882294,33.269481],[-111.882294,33.269436],[-111.880884,33.269440],[-111.880884,33.269584],[-111.880792,33.269584],[-111.880794,33.270011],[-111.880846,33.270064],[-111.880854,33.270042],[-111.882197,33.270034],[-111.882197,33.270009],[-111.882374,33.270009],[-111.882371,33.269481]]]}},{"type":"Feature","properties":{"id":"00978632013","t":"building","op":null,"nm":"Northwest Data Center and Communications Hub","st":"CA","co":"Santa Clara County","sqft":10145,"lat":37.433437,"lon":-122.180739},"geometry":{"type":"Polygon","coordinates":[[[-122.180855,37.433246],[-122.180758,37.433227],[-122.180689,37.433453],[-122.180697,37.433455],[-122.180686,37.433490],[-122.180496,37.433453],[-122.180456,37.433582],[-122.180761,37.433641],[-122.180797,37.433525],[-122.180784,37.433523],[-122.180800,37.433469],[-122.180880,37.433484],[-122.180948,37.433266],[-122.180940,37.433260],[-122.180958,37.433199],[-122.180875,37.433183],[-122.180855,37.433246]]]}},{"type":"Feature","properties":{"id":"00978934687","t":"building","op":"Digital Crossroad","nm":"Digital Crossroad","st":"IN","co":"Lake County","sqft":116014,"lat":41.707418,"lon":-87.520193},"geometry":{"type":"Polygon","coordinates":[[[-87.520180,41.708088],[-87.521063,41.707532],[-87.520174,41.706744],[-87.519402,41.707231],[-87.519544,41.707357],[-87.519433,41.707426],[-87.520180,41.708088]]]}},{"type":"Feature","properties":{"id":"00983627455","t":"building","op":"CyrusOne","nm":"CyrusOne NVA7","st":"VA","co":"Loudoun County","sqft":60930,"lat":39.026301,"lon":-77.434028},"geometry":{"type":"Polygon","coordinates":[[[-77.434064,39.026838],[-77.434139,39.026799],[-77.434095,39.026747],[-77.434585,39.026494],[-77.434161,39.025998],[-77.434213,39.025971],[-77.434191,39.025944],[-77.434269,39.025907],[-77.434283,39.025809],[-77.434091,39.025792],[-77.433453,39.026123],[-77.433510,39.026189],[-77.433552,39.026168],[-77.433758,39.026409],[-77.433651,39.026465],[-77.433876,39.026728],[-77.433941,39.026694],[-77.434064,39.026838]]]}},{"type":"Feature","properties":{"id":"00984796364","t":"building","op":null,"nm":"Switch Las Vegas 10","st":"NV","co":"Clark County","sqft":206411,"lat":36.055586,"lon":-115.223061},"geometry":{"type":"Polygon","coordinates":[[[-115.224434,36.055891],[-115.224396,36.055184],[-115.221687,36.055280],[-115.221725,36.055986],[-115.222508,36.055959],[-115.222623,36.055955],[-115.222730,36.055951],[-115.224434,36.055891]]]}},{"type":"Feature","properties":{"id":"00984953813","t":"building","op":"Amazon Web Services","nm":"Amazon IAD174","st":"VA","co":"Loudoun County","sqft":132388,"lat":39.028916,"lon":-77.427473},"geometry":{"type":"Polygon","coordinates":[[[-77.428498,39.029293],[-77.427018,39.028120],[-77.426458,39.028547],[-77.427922,39.029708],[-77.428329,39.029398],[-77.428345,39.029410],[-77.428498,39.029293]]]}},{"type":"Feature","properties":{"id":"00984953814","t":"building","op":"Amazon Web Services","nm":"Amazon IAD164","st":"VA","co":"Loudoun County","sqft":132374,"lat":39.030473,"lon":-77.428942},"geometry":{"type":"Polygon","coordinates":[[[-77.429803,39.031047],[-77.428772,39.029613],[-77.428087,39.029910],[-77.429107,39.031329],[-77.429605,39.031113],[-77.429616,39.031128],[-77.429803,39.031047]]]}},{"type":"Feature","properties":{"id":"00985207884","t":"building","op":"Vantage Data Centers","nm":"Vantage VA12","st":"VA","co":"Loudoun County","sqft":115613,"lat":39.001779,"lon":-77.438071},"geometry":{"type":"Polygon","coordinates":[[[-77.437132,39.001766],[-77.438631,39.002380],[-77.438981,39.001866],[-77.438839,39.001806],[-77.438886,39.001729],[-77.437616,39.001212],[-77.437599,39.001241],[-77.437501,39.001201],[-77.437132,39.001766]]]}},{"type":"Feature","properties":{"id":"00986829280","t":"building","op":"Microsoft","nm":"Microsoft","st":"VA","co":"Loudoun County","sqft":97581,"lat":39.075508,"lon":-77.563035},"geometry":{"type":"Polygon","coordinates":[[[-77.563651,39.076084],[-77.563053,39.074758],[-77.562419,39.074931],[-77.563017,39.076256],[-77.563651,39.076084]]]}},{"type":"Feature","properties":{"id":"00989325195","t":"building","op":null,"nm":"Verizon Wireless Mew Building","st":"TX","co":"Tarrant County","sqft":176383,"lat":32.972155,"lon":-97.156611},"geometry":{"type":"Polygon","coordinates":[[[-97.156699,32.971142],[-97.156581,32.971142],[-97.156582,32.971231],[-97.156590,32.971231],[-97.156589,32.971238],[-97.156583,32.971238],[-97.156585,32.971313],[-97.156590,32.971313],[-97.156591,32.971323],[-97.156585,32.971324],[-97.156585,32.971396],[-97.156591,32.971395],[-97.156591,32.971406],[-97.156585,32.971406],[-97.156585,32.971477],[-97.156592,32.971478],[-97.156592,32.971488],[-97.156586,32.971489],[-97.156588,32.971561],[-97.156594,32.971561],[-97.156594,32.971571],[-97.156588,32.971571],[-97.156590,32.971641],[-97.156596,32.971641],[-97.156596,32.971653],[-97.156590,32.971654],[-97.156592,32.971723],[-97.156576,32.971723],[-97.156576,32.971757],[-97.156590,32.971757],[-97.156590,32.971807],[-97.156562,32.971807],[-97.156564,32.971857],[-97.156555,32.971864],[-97.156522,32.971836],[-97.156513,32.971843],[-97.156505,32.971836],[-97.156498,32.971841],[-97.156494,32.971837],[-97.156416,32.971906],[-97.156429,32.971916],[-97.15642,32.971925],[-97.156454,32.971953],[-97.156392,32.971954],[-97.156392,32.971983],[-97.156325,32.971984],[-97.156325,32.971972],[-97.156285,32.971972],[-97.156285,32.971981],[-97.156209,32.971982],[-97.156209,32.971987],[-97.156196,32.971987],[-97.156196,32.971982],[-97.156109,32.971983],[-97.156109,32.971987],[-97.156097,32.971987],[-97.156097,32.971983],[-97.156011,32.971984],[-97.156011,32.971990],[-97.155998,32.971990],[-97.155998,32.971984],[-97.155912,32.971985],[-97.155912,32.971990],[-97.155901,32.971990],[-97.155900,32.971985],[-97.155814,32.971985],[-97.155813,32.971991],[-97.155801,32.971991],[-97.155801,32.971987],[-97.155714,32.971988],[-97.155714,32.971992],[-97.155703,32.971992],[-97.155702,32.971988],[-97.155598,32.971988],[-97.155602,32.972088],[-97.155698,32.972087],[-97.155699,32.972095],[-97.155710,32.972095],[-97.155713,32.972216],[-97.155702,32.972217],[-97.155702,32.972213],[-97.155666,32.972187],[-97.155628,32.972219],[-97.155669,32.972252],[-97.155668,32.972299],[-97.155644,32.972300],[-97.155643,32.972318],[-97.155649,32.972319],[-97.155648,32.972367],[-97.155646,32.972367],[-97.155646,32.972376],[-97.155642,32.972376],[-97.155643,32.972396],[-97.155645,32.972396],[-97.155645,32.972403],[-97.155647,32.972402],[-97.155648,32.972444],[-97.155645,32.972444],[-97.155645,32.972453],[-97.155643,32.972453],[-97.155643,32.972473],[-97.155645,32.972473],[-97.155645,32.972480],[-97.155648,32.972480],[-97.155648,32.972522],[-97.155645,32.972522],[-97.155645,32.972531],[-97.155642,32.972531],[-97.155643,32.972551],[-97.155645,32.972551],[-97.155644,32.972560],[-97.155648,32.972560],[-97.155647,32.972603],[-97.155624,32.972603],[-97.155624,32.972738],[-97.155649,32.972738],[-97.155648,32.972789],[-97.155642,32.972789],[-97.155643,32.972808],[-97.155666,32.972808],[-97.155666,32.972805],[-97.155748,32.972803],[-97.155748,32.972807],[-97.155771,32.972807],[-97.155771,32.972803],[-97.155853,32.972802],[-97.155853,32.972806],[-97.155876,32.972806],[-97.155875,32.972802],[-97.155956,32.972803],[-97.155956,32.972806],[-97.155980,32.972806],[-97.155980,32.972802],[-97.156062,32.972800],[-97.156062,32.972804],[-97.156086,32.972804],[-97.156086,32.972800],[-97.156169,32.972799],[-97.156170,32.972803],[-97.156192,32.972802],[-97.156192,32.972799],[-97.156275,32.972798],[-97.156275,32.972801],[-97.156299,32.972801],[-97.156299,32.972782],[-97.156295,32.972782],[-97.156294,32.972705],[-97.156300,32.972705],[-97.156299,32.972669],[-97.156294,32.972669],[-97.156294,32.972614],[-97.156299,32.972615],[-97.156300,32.972595],[-97.156294,32.972595],[-97.156294,32.972539],[-97.156299,32.972539],[-97.156298,32.972503],[-97.156294,32.972503],[-97.156293,32.972450],[-97.156299,32.972449],[-97.156298,32.972430],[-97.156294,32.972430],[-97.156293,32.972358],[-97.156298,32.972358],[-97.156297,32.972330],[-97.156293,32.972331],[-97.156293,32.972313],[-97.156452,32.972312],[-97.156451,32.972362],[-97.156482,32.972362],[-97.156483,32.972426],[-97.156478,32.972426],[-97.156478,32.972528],[-97.156483,32.972528],[-97.156483,32.972583],[-97.156459,32.972582],[-97.156459,32.972702],[-97.156483,32.972702],[-97.156484,32.972757],[-97.156478,32.972757],[-97.156478,32.972859],[-97.156484,32.972859],[-97.156483,32.972919],[-97.156478,32.972919],[-97.156477,32.972939],[-97.156501,32.972938],[-97.156501,32.972934],[-97.156617,32.972932],[-97.156618,32.972937],[-97.156641,32.972937],[-97.156642,32.972918],[-97.15664,32.972918],[-97.156640,32.972914],[-97.156638,32.972914],[-97.156637,32.972857],[-97.156639,32.972857],[-97.156642,32.972854],[-97.156640,32.972673],[-97.156636,32.972672],[-97.156636,32.972605],[-97.156646,32.972605],[-97.156646,32.972601],[-97.156682,32.972600],[-97.156682,32.972605],[-97.156704,32.972605],[-97.156704,32.972587],[-97.156701,32.972586],[-97.156700,32.972526],[-97.156703,32.972526],[-97.156705,32.972523],[-97.156706,32.972507],[-97.156700,32.972507],[-97.156700,32.972443],[-97.156706,32.972443],[-97.156706,32.972423],[-97.156701,32.972423],[-97.156701,32.972365],[-97.156705,32.972365],[-97.156704,32.972360],[-97.156700,32.972360],[-97.156700,32.972354],[-97.156715,32.972354],[-97.156782,32.972297],[-97.156835,32.972342],[-97.156839,32.972339],[-97.156879,32.972372],[-97.156876,32.972376],[-97.156891,32.972388],[-97.156895,32.972385],[-97.156949,32.972431],[-97.156946,32.972433],[-97.156962,32.972446],[-97.156967,32.972442],[-97.157021,32.972488],[-97.157019,32.972491],[-97.157034,32.972504],[-97.157037,32.972502],[-97.157090,32.972546],[-97.157088,32.972549],[-97.157102,32.972562],[-97.157106,32.972559],[-97.157150,32.972597],[-97.157147,32.972600],[-97.157163,32.972613],[-97.157178,32.972599],[-97.157176,32.972597],[-97.157235,32.972547],[-97.157237,32.972549],[-97.157253,32.972536],[-97.157250,32.972534],[-97.157309,32.972483],[-97.157311,32.972486],[-97.157326,32.972472],[-97.157311,32.972460],[-97.157307,32.972462],[-97.157264,32.972425],[-97.157267,32.972422],[-97.157251,32.972409],[-97.157248,32.972412],[-97.157194,32.972366],[-97.157197,32.972363],[-97.157182,32.972350],[-97.157178,32.972352],[-97.157121,32.972305],[-97.157134,32.972293],[-97.157138,32.972296],[-97.157153,32.972283],[-97.157139,32.972269],[-97.157145,32.972264],[-97.157090,32.972218],[-97.157084,32.972223],[-97.157069,32.972211],[-97.157065,32.972213],[-97.157030,32.972183],[-97.157033,32.972181],[-97.157024,32.972174],[-97.157032,32.972168],[-97.157032,32.972119],[-97.157046,32.972119],[-97.157046,32.972115],[-97.157118,32.972115],[-97.157117,32.972119],[-97.157230,32.972118],[-97.157230,32.972184],[-97.157226,32.972184],[-97.157227,32.972202],[-97.157333,32.972201],[-97.157333,32.972198],[-97.157409,32.972198],[-97.157409,32.972201],[-97.157528,32.972200],[-97.157528,32.972196],[-97.157603,32.972196],[-97.157603,32.972200],[-97.157690,32.972199],[-97.157690,32.972207],[-97.157830,32.972207],[-97.157830,32.972096],[-97.157816,32.972096],[-97.157816,32.972047],[-97.157820,32.972047],[-97.157821,32.972027],[-97.157816,32.972027],[-97.157816,32.971971],[-97.157820,32.971971],[-97.157820,32.971953],[-97.157815,32.971953],[-97.157815,32.971896],[-97.157819,32.971897],[-97.157818,32.971803],[-97.157794,32.971803],[-97.157794,32.971805],[-97.157724,32.971805],[-97.157724,32.971803],[-97.157599,32.971803],[-97.157599,32.971807],[-97.157529,32.971808],[-97.157529,32.971804],[-97.157405,32.971805],[-97.157405,32.971809],[-97.157240,32.971809],[-97.157239,32.971805],[-97.157115,32.971806],[-97.157115,32.971810],[-97.157049,32.971810],[-97.157049,32.971808],[-97.157046,32.971808],[-97.157046,32.971807],[-97.157038,32.971807],[-97.157038,32.971797],[-97.156982,32.971797],[-97.156981,32.971720],[-97.156961,32.971720],[-97.156959,32.971655],[-97.156964,32.971655],[-97.156964,32.971637],[-97.156959,32.971637],[-97.156959,32.971597],[-97.156958,32.971596],[-97.156958,32.971582],[-97.156979,32.971582],[-97.156977,32.971463],[-97.156954,32.971462],[-97.156953,32.971449],[-97.156955,32.971449],[-97.156955,32.971435],[-97.156954,32.971434],[-97.156954,32.971411],[-97.156958,32.971411],[-97.156958,32.971410],[-97.156962,32.971410],[-97.156961,32.971391],[-97.156945,32.971392],[-97.156945,32.971396],[-97.156865,32.971396],[-97.156864,32.971392],[-97.156855,32.971393],[-97.156853,32.971324],[-97.156858,32.971324],[-97.156857,32.971269],[-97.156758,32.971269],[-97.156758,32.971273],[-97.156694,32.971274],[-97.156694,32.971245],[-97.156704,32.971244],[-97.156704,32.971225],[-97.156698,32.971225],[-97.156699,32.971142]]]}},{"type":"Feature","properties":{"id":"00989735623","t":"building","op":"Amazon Web Services","nm":"Amazon IAD152","st":"VA","co":"Loudoun County","sqft":156644,"lat":38.916576,"lon":-77.479742},"geometry":{"type":"Polygon","coordinates":[[[-77.478782,38.917395],[-77.479385,38.917646],[-77.479904,38.916886],[-77.479991,38.916922],[-77.480243,38.916552],[-77.480157,38.916516],[-77.480683,38.915747],[-77.480081,38.915496],[-77.478782,38.917395]]]}},{"type":"Feature","properties":{"id":"00989735624","t":"building","op":"Amazon Web Services","nm":"Amazon IAD151","st":"VA","co":"Loudoun County","sqft":155542,"lat":38.916151,"lon":-77.478705},"geometry":{"type":"Polygon","coordinates":[[[-77.477749,38.916972],[-77.478347,38.917221],[-77.478867,38.916457],[-77.478955,38.916494],[-77.479209,38.916122],[-77.479121,38.916085],[-77.479641,38.915321],[-77.479043,38.915072],[-77.477749,38.916972]]]}},{"type":"Feature","properties":{"id":"00990537813","t":"building","op":"Amazon Web Services","nm":"Amazon IAD83","st":"VA","co":"Loudoun County","sqft":156166,"lat":38.947946,"lon":-77.523108},"geometry":{"type":"Polygon","coordinates":[[[-77.523975,38.948753],[-77.523530,38.947958],[-77.523500,38.947968],[-77.523351,38.947702],[-77.523381,38.947692],[-77.522938,38.946901],[-77.522221,38.947143],[-77.522665,38.947935],[-77.522862,38.947868],[-77.523010,38.948134],[-77.522813,38.948200],[-77.523259,38.948996],[-77.523975,38.948753]]]}},{"type":"Feature","properties":{"id":"00990537821","t":"building","op":"Amazon Web Services","nm":"Amazon Web Services","st":"VA","co":"Loudoun County","sqft":16739,"lat":38.946539,"lon":-77.522188},"geometry":{"type":"Polygon","coordinates":[[[-77.521857,38.946494],[-77.522005,38.946758],[-77.522518,38.946583],[-77.522370,38.946319],[-77.521857,38.946494]]]}},{"type":"Feature","properties":{"id":"00990537857","t":"building","op":"Amazon Web Services","nm":"Amazon IAD122","st":"VA","co":"Loudoun County","sqft":153273,"lat":38.955863,"lon":-77.49718},"geometry":{"type":"Polygon","coordinates":[[[-77.495804,38.956123],[-77.496108,38.956590],[-77.498568,38.955613],[-77.498267,38.955151],[-77.497371,38.955506],[-77.497326,38.955436],[-77.497089,38.955530],[-77.497129,38.955591],[-77.496935,38.955669],[-77.496896,38.955609],[-77.496659,38.955703],[-77.496701,38.955767],[-77.495804,38.956123]]]}},{"type":"Feature","properties":{"id":"00990537858","t":"building","op":"CyrusOne","nm":"CyrusOne Sterling IX","st":"VA","co":"Loudoun County","sqft":266078,"lat":38.958308,"lon":-77.50575},"geometry":{"type":"Polygon","coordinates":[[[-77.505070,38.958591],[-77.505198,38.958763],[-77.505404,38.958671],[-77.506008,38.959486],[-77.506152,38.959421],[-77.506252,38.959556],[-77.506648,38.959379],[-77.506605,38.959320],[-77.506847,38.959212],[-77.506788,38.959133],[-77.506819,38.959119],[-77.506199,38.958284],[-77.506374,38.958205],[-77.506718,38.958051],[-77.506641,38.957946],[-77.506301,38.958098],[-77.505761,38.957371],[-77.505806,38.957350],[-77.505616,38.957094],[-77.504867,38.957430],[-77.504883,38.957451],[-77.504608,38.957574],[-77.504706,38.957706],[-77.504634,38.957738],[-77.504691,38.957815],[-77.504728,38.957799],[-77.505254,38.958509],[-77.505070,38.958591]]]}},{"type":"Feature","properties":{"id":"00996723585","t":"building","op":null,"nm":"Iron Mountain VA-2","st":"VA","co":"Prince William County","sqft":158664,"lat":38.777249,"lon":-77.545965},"geometry":{"type":"Polygon","coordinates":[[[-77.547261,38.776654],[-77.546840,38.776319],[-77.546720,38.776411],[-77.546676,38.776376],[-77.545272,38.777448],[-77.545098,38.777310],[-77.544754,38.777573],[-77.544835,38.777637],[-77.544731,38.777717],[-77.545282,38.778155],[-77.545729,38.777813],[-77.545767,38.777844],[-77.545840,38.777788],[-77.545809,38.777763],[-77.547261,38.776654]]]}},{"type":"Feature","properties":{"id":"00996723586","t":"building","op":null,"nm":"Iron Mountain VA-1","st":"VA","co":"Prince William County","sqft":163790,"lat":38.777917,"lon":-77.547073},"geometry":{"type":"Polygon","coordinates":[[[-77.548351,38.777351],[-77.548022,38.777088],[-77.547845,38.777222],[-77.547762,38.777156],[-77.547735,38.777177],[-77.547613,38.777078],[-77.545851,38.778420],[-77.546386,38.778846],[-77.548351,38.777351]]]}},{"type":"Feature","properties":{"id":"00996723587","t":"building","op":"Amazon IAD96","nm":"Amazon Web Services","st":"VA","co":"Prince William County","sqft":149064,"lat":38.780151,"lon":-77.539884},"geometry":{"type":"Polygon","coordinates":[[[-77.541276,38.780332],[-77.538755,38.779489],[-77.538490,38.779970],[-77.541012,38.780813],[-77.541276,38.780332]]]}},{"type":"Feature","properties":{"id":"00996723588","t":"building","op":"Amazon IAD95","nm":"Amazon Web Services","st":"VA","co":"Prince William County","sqft":214748,"lat":38.778451,"lon":-77.539427},"geometry":{"type":"Polygon","coordinates":[[[-77.537901,38.779457],[-77.541294,38.777896],[-77.540952,38.777444],[-77.537559,38.779005],[-77.537901,38.779457]]]}},{"type":"Feature","properties":{"id":"00996723589","t":"building","op":"Amazon IAD75","nm":"Amazon Web Services","st":"VA","co":"Prince William County","sqft":214662,"lat":38.779343,"lon":-77.542896},"geometry":{"type":"Polygon","coordinates":[[[-77.544185,38.780538],[-77.542185,38.777881],[-77.541606,38.778146],[-77.543606,38.780803],[-77.544185,38.780538]]]}},{"type":"Feature","properties":{"id":"00996899486","t":"building","op":"Amazon Web Services","nm":"Amazon IAD102","st":"VA","co":"Prince William County","sqft":214338,"lat":38.73597,"lon":-77.504901},"geometry":{"type":"Polygon","coordinates":[[[-77.503462,38.735120],[-77.504478,38.736057],[-77.504641,38.735949],[-77.504880,38.736170],[-77.504716,38.736278],[-77.505734,38.737216],[-77.506329,38.736823],[-77.505311,38.735885],[-77.505285,38.735903],[-77.505047,38.735684],[-77.505073,38.735668],[-77.504054,38.734729],[-77.503462,38.735120]]]}},{"type":"Feature","properties":{"id":"00996899487","t":"building","op":"Amazon Web Services","nm":"Amazon IAD101","st":"VA","co":"Prince William County","sqft":214330,"lat":38.73544,"lon":-77.505695},"geometry":{"type":"Polygon","coordinates":[[[-77.507132,38.736291],[-77.506118,38.735353],[-77.505955,38.735460],[-77.505716,38.735240],[-77.505880,38.735132],[-77.504864,38.734193],[-77.504269,38.734584],[-77.505284,38.735523],[-77.505311,38.735506],[-77.505548,38.735725],[-77.505522,38.735742],[-77.506539,38.736681],[-77.507132,38.736291]]]}},{"type":"Feature","properties":{"id":"00996899488","t":"building","op":"Amazon Web Services","nm":"Amazon IAD100","st":"VA","co":"Prince William County","sqft":214611,"lat":38.734598,"lon":-77.506642},"geometry":{"type":"Polygon","coordinates":[[[-77.508166,38.735601],[-77.505628,38.733252],[-77.505117,38.733591],[-77.507654,38.735942],[-77.508166,38.735601]]]}},{"type":"Feature","properties":{"id":"00996899489","t":"building","op":"CloudHQ","nm":"CloudHQ MCC2","st":"VA","co":"Prince William County","sqft":351091,"lat":38.723182,"lon":-77.499009},"geometry":{"type":"Polygon","coordinates":[[[-77.498973,38.722064],[-77.498821,38.722165],[-77.498803,38.722148],[-77.498307,38.722479],[-77.498209,38.722389],[-77.497505,38.722859],[-77.499102,38.724318],[-77.499733,38.723898],[-77.499866,38.724020],[-77.500436,38.723641],[-77.499947,38.723194],[-77.500129,38.723073],[-77.500020,38.722973],[-77.500039,38.722960],[-77.499891,38.722824],[-77.499872,38.722837],[-77.499473,38.722473],[-77.499442,38.722493],[-77.498973,38.722064]]]}},{"type":"Feature","properties":{"id":"00998933381","t":"building","op":null,"nm":"Rackspace Somerset NYC1","st":"NJ","co":"Somerset County","sqft":18407,"lat":40.544526,"lon":-74.537758},"geometry":{"type":"Polygon","coordinates":[[[-74.538194,40.544476],[-74.537509,40.544329],[-74.537380,40.544677],[-74.537595,40.544723],[-74.537651,40.544574],[-74.538121,40.544674],[-74.538194,40.544476]]]}},{"type":"Feature","properties":{"id":"00998933389","t":"building","op":null,"nm":"Rackspace Belmont NYC2","st":"NJ","co":"Somerset County","sqft":57471,"lat":40.540839,"lon":-74.537492},"geometry":{"type":"Polygon","coordinates":[[[-74.536999,40.541126],[-74.537400,40.541215],[-74.537386,40.541253],[-74.537415,40.541260],[-74.537424,40.541235],[-74.537499,40.541251],[-74.537497,40.541255],[-74.537693,40.541298],[-74.537983,40.540542],[-74.537283,40.540387],[-74.536999,40.541126]]]}},{"type":"Feature","properties":{"id":"01000784035","t":"building","op":"Amazon Web Services","nm":"Amazon Web Services","st":"VA","co":"Prince William County","sqft":112502,"lat":38.743053,"lon":-77.533384},"geometry":{"type":"Polygon","coordinates":[[[-77.534261,38.743381],[-77.534292,38.742776],[-77.532512,38.742722],[-77.532490,38.743161],[-77.532465,38.743160],[-77.532457,38.743326],[-77.534261,38.743381]]]}},{"type":"Feature","properties":{"id":"01003348567","t":"building","op":"Quality Technology Services","nm":"QTS Ashburn-Shellhorn DC1","st":"VA","co":"Loudoun County","sqft":156810,"lat":38.998079,"lon":-77.475571},"geometry":{"type":"Polygon","coordinates":[[[-77.475618,38.999164],[-77.475746,38.999109],[-77.475844,38.999247],[-77.476162,38.999110],[-77.476152,38.999096],[-77.476258,38.999051],[-77.476213,38.998988],[-77.476366,38.998922],[-77.476333,38.998875],[-77.476450,38.998824],[-77.47644,38.998810],[-77.476483,38.998791],[-77.475141,38.996908],[-77.474457,38.997202],[-77.474530,38.997303],[-77.474678,38.99724],[-77.475802,38.998819],[-77.475473,38.998960],[-77.475618,38.999164]]]}},{"type":"Feature","properties":{"id":"01007825570","t":"building","op":"Quality Technology Services","nm":"QTS Atlanta Data Center 2","st":"GA","co":"Fulton County","sqft":283307,"lat":33.777505,"lon":-84.419552},"geometry":{"type":"Polygon","coordinates":[[[-84.419930,33.779274],[-84.419955,33.775955],[-84.418937,33.775928],[-84.418944,33.776212],[-84.419145,33.776214],[-84.419156,33.778171],[-84.419285,33.778166],[-84.419257,33.779267],[-84.419930,33.779274]]]}},{"type":"Feature","properties":{"id":"01010260674","t":"building","op":null,"nm":null,"st":"TX","co":"Bexar County","sqft":109489,"lat":29.418988,"lon":-98.787471},"geometry":{"type":"Polygon","coordinates":[[[-98.788150,29.419515],[-98.787579,29.418566],[-98.787636,29.418540],[-98.787529,29.418363],[-98.787504,29.418375],[-98.787416,29.418229],[-98.786871,29.418478],[-98.786968,29.418638],[-98.786869,29.418683],[-98.786895,29.418726],[-98.786811,29.418764],[-98.786983,29.419050],[-98.787158,29.418970],[-98.787472,29.419491],[-98.787425,29.419512],[-98.787583,29.419775],[-98.788150,29.419515]]]}},{"type":"Feature","properties":{"id":"01010260675","t":"building","op":"Microsoft","nm":"Microsoft TRP3 (SAT46)","st":"TX","co":"Medina County","sqft":228897,"lat":29.412977,"lon":-98.806374},"geometry":{"type":"Polygon","coordinates":[[[-98.806621,29.414996],[-98.806617,29.410957],[-98.806127,29.410957],[-98.806131,29.414996],[-98.806621,29.414996]]]}},{"type":"Feature","properties":{"id":"01010260676","t":"building","op":"Microsoft","nm":"Microsoft","st":"TX","co":"Bexar County","sqft":228882,"lat":29.415797,"lon":-98.803316},"geometry":{"type":"Polygon","coordinates":[[[-98.803562,29.417815],[-98.803558,29.413777],[-98.803069,29.413777],[-98.803073,29.417816],[-98.803562,29.417815]]]}},{"type":"Feature","properties":{"id":"01010260677","t":"building","op":"Microsoft","nm":"Microsoft","st":"TX","co":"Bexar County","sqft":228885,"lat":29.415796,"lon":-98.804515},"geometry":{"type":"Polygon","coordinates":[[[-98.804761,29.417814],[-98.804757,29.413776],[-98.804268,29.413776],[-98.804271,29.417815],[-98.804761,29.417814]]]}},{"type":"Feature","properties":{"id":"01011125238","t":"building","op":"WE Energies","nm":"Pewaukee Data Center","st":"WI","co":"Waukesha County","sqft":47298,"lat":43.051389,"lon":-88.216665},"geometry":{"type":"Polygon","coordinates":[[[-88.216385,43.050848],[-88.216095,43.051052],[-88.216393,43.051278],[-88.216306,43.051338],[-88.216431,43.051432],[-88.216534,43.051614],[-88.216346,43.051747],[-88.216425,43.051807],[-88.216397,43.051827],[-88.216493,43.051898],[-88.216582,43.051836],[-88.216487,43.051763],[-88.216558,43.051714],[-88.216719,43.051666],[-88.216933,43.051828],[-88.217301,43.051569],[-88.216949,43.051303],[-88.21676,43.051434],[-88.216683,43.051457],[-88.216669,43.051433],[-88.216737,43.051386],[-88.216729,43.051371],[-88.216705,43.051353],[-88.216636,43.051402],[-88.216619,43.051406],[-88.216586,43.051381],[-88.216846,43.051198],[-88.216385,43.050848]]]}},{"type":"Feature","properties":{"id":"01013396352","t":"building","op":null,"nm":"CenturyLink","st":"NV","co":"Clark County","sqft":11601,"lat":36.182998,"lon":-115.06267},"geometry":{"type":"Polygon","coordinates":[[[-115.062456,36.182870],[-115.062452,36.183121],[-115.062882,36.183125],[-115.062886,36.182874],[-115.062456,36.182870]]]}},{"type":"Feature","properties":{"id":"01015704066","t":"building","op":"EdgeConneX","nm":"EdgeConneX PHX02 Data Center","st":"AZ","co":"Maricopa County","sqft":654105,"lat":33.352011,"lon":-111.64753},"geometry":{"type":"Polygon","coordinates":[[[-111.649416,33.352798],[-111.649422,33.351242],[-111.645649,33.351220],[-111.645636,33.352781],[-111.649416,33.352798]]]}},{"type":"Feature","properties":{"id":"01015995259","t":"building","op":"Amazon Web Services","nm":"Amazon IAD601","st":"VA","co":"Prince William County","sqft":14469,"lat":38.778857,"lon":-77.557115},"geometry":{"type":"Polygon","coordinates":[[[-77.557351,38.779084],[-77.557458,38.778936],[-77.557323,38.778882],[-77.557359,38.778831],[-77.556907,38.778633],[-77.556773,38.778825],[-77.557351,38.779084]]]}},{"type":"Feature","properties":{"id":"01017048670","t":"building","op":null,"nm":"Switch Edge 1","st":"NV","co":"Clark County","sqft":27670,"lat":36.059149,"lon":-115.213682},"geometry":{"type":"Polygon","coordinates":[[[-115.213381,36.059003],[-115.213381,36.058968],[-115.21326,36.058968],[-115.213258,36.059297],[-115.214116,36.059300],[-115.214118,36.059006],[-115.213381,36.059003]]]}},{"type":"Feature","properties":{"id":"01017460713","t":"building","op":"Switch","nm":"Switch Las Vegas 4","st":"NV","co":"Clark County","sqft":27777,"lat":36.143646,"lon":-115.076779},"geometry":{"type":"Polygon","coordinates":[[[-115.076967,36.143310],[-115.076579,36.143316],[-115.07659,36.143981],[-115.076979,36.143975],[-115.076967,36.143310]]]}},{"type":"Feature","properties":{"id":"01017460715","t":"building","op":"Switch","nm":"Switch Las Vegas 5","st":"NV","co":"Clark County","sqft":15026,"lat":36.142763,"lon":-115.076697},"geometry":{"type":"Polygon","coordinates":[[[-115.076881,36.142572],[-115.076516,36.142569],[-115.076512,36.142953],[-115.076876,36.142956],[-115.076881,36.142572]]]}},{"type":"Feature","properties":{"id":"01017518460","t":"building","op":null,"nm":"T-Mobile Everglades MSO Data Center","st":"FL","co":"Broward County","sqft":49233,"lat":26.184997,"lon":-80.286916},"geometry":{"type":"Polygon","coordinates":[[[-80.287252,26.185316],[-80.287248,26.184668],[-80.286820,26.184670],[-80.286821,26.184788],[-80.286501,26.184790],[-80.286504,26.185195],[-80.286774,26.185193],[-80.286775,26.185319],[-80.287252,26.185316]]]}},{"type":"Feature","properties":{"id":"01019812125","t":"building","op":"EdgeConneX","nm":"EdgeConneX Data Center","st":"OR","co":"Washington County","sqft":111564,"lat":45.556621,"lon":-122.912213},"geometry":{"type":"Polygon","coordinates":[[[-122.911154,45.556338],[-122.911153,45.556902],[-122.913271,45.556904],[-122.913272,45.556340],[-122.911154,45.556338]]]}},{"type":"Feature","properties":{"id":"01020374277","t":"building","op":"Amazon Web Services","nm":"Amazon Web Services  CMH53","st":"OH","co":"Licking County","sqft":154029,"lat":40.093616,"lon":-82.751455},"geometry":{"type":"Polygon","coordinates":[[[-82.752845,40.093941],[-82.752859,40.093738],[-82.752839,40.093737],[-82.752848,40.093607],[-82.752868,40.093607],[-82.752882,40.093404],[-82.750064,40.093291],[-82.750050,40.093496],[-82.750074,40.093497],[-82.750065,40.093625],[-82.750041,40.093624],[-82.750027,40.093828],[-82.752845,40.093941]]]}},{"type":"Feature","properties":{"id":"01020374278","t":"building","op":"Amazon Web Services","nm":"Amazon Web Services CMH56","st":"OH","co":"Licking County","sqft":154677,"lat":40.096534,"lon":-82.752051},"geometry":{"type":"Polygon","coordinates":[[[-82.753443,40.096867],[-82.753486,40.096332],[-82.750658,40.096201],[-82.750616,40.096736],[-82.753443,40.096867]]]}},{"type":"Feature","properties":{"id":"01020374279","t":"building","op":"Amazon Web Services","nm":"Amazon Web Services  CMH59","st":"OH","co":"Licking County","sqft":161123,"lat":40.094046,"lon":-82.747491},"geometry":{"type":"Polygon","coordinates":[[[-82.748967,40.093834],[-82.746051,40.093716],[-82.746014,40.094257],[-82.748930,40.094375],[-82.748967,40.093834]]]}},{"type":"Feature","properties":{"id":"01020721870","t":"building","op":"City of Searcy","nm":"Searcy Information Technologies","st":"AR","co":"White County","sqft":4580,"lat":35.249216,"lon":-91.740906},"geometry":{"type":"Polygon","coordinates":[[[-91.741038,35.249295],[-91.741038,35.249136],[-91.740772,35.249136],[-91.740773,35.249295],[-91.741020,35.249295],[-91.741038,35.249295]]]}},{"type":"Feature","properties":{"id":"01020877488","t":"building","op":"Amazon Web Services","nm":"Amazon Web Services","st":"VA","co":"Loudoun County","sqft":131476,"lat":38.995848,"lon":-77.471291},"geometry":{"type":"Polygon","coordinates":[[[-77.470512,38.996487],[-77.4724,38.995758],[-77.472051,38.995213],[-77.470187,38.995933],[-77.470442,38.996330],[-77.470418,38.996339],[-77.470512,38.996487]]]}},{"type":"Feature","properties":{"id":"01020877489","t":"building","op":"Amazon Web Services","nm":"Amazon Web Services","st":"VA","co":"Loudoun County","sqft":131482,"lat":38.996608,"lon":-77.473262},"geometry":{"type":"Polygon","coordinates":[[[-77.473917,38.995889],[-77.472180,38.996818],[-77.472624,38.997319],[-77.474339,38.996402],[-77.474015,38.996036],[-77.474037,38.996025],[-77.473917,38.995889]]]}},{"type":"Feature","properties":{"id":"01024051963","t":"building","op":"Meta","nm":"Meta Eagle Mountain Data Center","st":"UT","co":"Utah County","sqft":344790,"lat":40.268289,"lon":-112.015077},"geometry":{"type":"Polygon","coordinates":[[[-112.017291,40.268428],[-112.017293,40.268073],[-112.017310,40.268074],[-112.017311,40.267828],[-112.012894,40.267810],[-112.012890,40.268419],[-112.013884,40.268423],[-112.013883,40.268509],[-112.013971,40.268509],[-112.013971,40.268495],[-112.014059,40.268495],[-112.014060,40.268421],[-112.014486,40.268423],[-112.014486,40.268417],[-112.014846,40.268418],[-112.014845,40.268519],[-112.014655,40.268518],[-112.014649,40.269362],[-112.015415,40.269365],[-112.015417,40.269111],[-112.015474,40.269111],[-112.015476,40.268832],[-112.015419,40.268832],[-112.015422,40.268420],[-112.017291,40.268428]]]}},{"type":"Feature","properties":{"id":"01024051997","t":"building","op":"Meta","nm":"Meta Eagle Mountain Data Center","st":"UT","co":"Utah County","sqft":626371,"lat":40.265564,"lon":-112.015127},"geometry":{"type":"Polygon","coordinates":[[[-112.014890,40.265043],[-112.014889,40.265141],[-112.014706,40.265140],[-112.014700,40.265980],[-112.014886,40.265981],[-112.014886,40.265992],[-112.014885,40.266080],[-112.012902,40.266071],[-112.012899,40.266518],[-112.012897,40.266677],[-112.012899,40.266677],[-112.017328,40.266697],[-112.017344,40.266697],[-112.017346,40.266448],[-112.017357,40.266448],[-112.017359,40.266092],[-112.015460,40.266083],[-112.015463,40.265720],[-112.015513,40.265720],[-112.015515,40.265445],[-112.015465,40.265445],[-112.015468,40.265049],[-112.017359,40.265057],[-112.017361,40.264703],[-112.017354,40.264703],[-112.017356,40.264449],[-112.017344,40.264449],[-112.012916,40.264430],[-112.012909,40.264430],[-112.012908,40.264573],[-112.012905,40.265034],[-112.014890,40.265043]]]}},{"type":"Feature","properties":{"id":"01024384322","t":"building","op":null,"nm":null,"st":"KS","co":"Johnson County","sqft":4912,"lat":38.926806,"lon":-94.768373},"geometry":{"type":"Polygon","coordinates":[[[-94.768267,38.926918],[-94.768297,38.926918],[-94.768369,38.926918],[-94.768477,38.926919],[-94.768478,38.926693],[-94.768476,38.926693],[-94.768310,38.926693],[-94.768304,38.926693],[-94.768268,38.926692],[-94.768267,38.926918]]]}},{"type":"Feature","properties":{"id":"01025002889","t":"building","op":"Digital Realty","nm":"Digital Realty IAD42","st":"VA","co":"Loudoun County","sqft":218174,"lat":39.005719,"lon":-77.449449},"geometry":{"type":"Polygon","coordinates":[[[-77.449005,39.006839],[-77.450703,39.004939],[-77.450108,39.004618],[-77.450128,39.004595],[-77.450021,39.004538],[-77.448982,39.005700],[-77.448897,39.005654],[-77.448796,39.005767],[-77.448756,39.005745],[-77.448280,39.006278],[-77.448326,39.006303],[-77.448224,39.006418],[-77.449005,39.006839]]]}},{"type":"Feature","properties":{"id":"01027471509","t":"building","op":"Amazon Web Services","nm":"Amazon Web Services us-west-2","st":"OR","co":"Morrow County","sqft":211938,"lat":45.846668,"lon":-119.607038},"geometry":{"type":"Polygon","coordinates":[[[-119.606646,45.848203],[-119.607387,45.848208],[-119.607430,45.845133],[-119.606688,45.845127],[-119.606646,45.848203]]]}},{"type":"Feature","properties":{"id":"01027471510","t":"building","op":"Amazon Web Services","nm":"Amazon Web Services us-west-2","st":"OR","co":"Morrow County","sqft":221562,"lat":45.846754,"lon":-119.609063},"geometry":{"type":"Polygon","coordinates":[[[-119.608606,45.848123],[-119.609476,45.848127],[-119.609517,45.845379],[-119.608650,45.845381],[-119.608606,45.848123]]]}},{"type":"Feature","properties":{"id":"01030970564","t":"building","op":"Meta","nm":"Meta Henrico Data Center","st":"VA","co":"Henrico County","sqft":327920,"lat":37.481963,"lon":-77.233805},"geometry":{"type":"Polygon","coordinates":[[[-77.233488,37.483657],[-77.234272,37.483658],[-77.234278,37.480249],[-77.233496,37.480248],[-77.233494,37.481391],[-77.233146,37.481391],[-77.233144,37.482643],[-77.233490,37.482643],[-77.233488,37.483657]]]}},{"type":"Feature","properties":{"id":"01034230196","t":"building","op":null,"nm":null,"st":"FL","co":"Polk County","sqft":22578,"lat":28.294077,"lon":-81.834848},"geometry":{"type":"Polygon","coordinates":[[[-81.835173,28.294154],[-81.835134,28.294085],[-81.835113,28.294095],[-81.835039,28.293966],[-81.835059,28.293957],[-81.834971,28.293803],[-81.834883,28.293841],[-81.834858,28.293796],[-81.834801,28.293821],[-81.834827,28.293868],[-81.834746,28.293904],[-81.834748,28.293913],[-81.834559,28.293996],[-81.834628,28.294118],[-81.834557,28.294149],[-81.834626,28.294271],[-81.834695,28.294241],[-81.834752,28.294340],[-81.835173,28.294154]]]}},{"type":"Feature","properties":{"id":"01034475557","t":"building","op":null,"nm":"DataBank Las Vegas LAS1","st":"NV","co":"Clark County","sqft":58547,"lat":36.059728,"lon":-115.147211},"geometry":{"type":"Polygon","coordinates":[[[-115.147438,36.060273],[-115.147427,36.060281],[-115.147492,36.060334],[-115.147548,36.060290],[-115.147537,36.060280],[-115.147730,36.060129],[-115.147727,36.060045],[-115.147606,36.059945],[-115.147217,36.059622],[-115.147527,36.059378],[-115.147317,36.059203],[-115.147283,36.059174],[-115.147192,36.059173],[-115.146715,36.059558],[-115.146692,36.059540],[-115.146613,36.059603],[-115.146700,36.059673],[-115.146711,36.059664],[-115.146909,36.059826],[-115.146887,36.059844],[-115.146968,36.059912],[-115.146986,36.059898],[-115.147438,36.060273]]]}},{"type":"Feature","properties":{"id":"01035123473","t":"building","op":"Meta","nm":"Meta Eagle Mountain Data Center","st":"UT","co":"Utah County","sqft":628165,"lat":40.272334,"lon":-112.015055},"geometry":{"type":"Polygon","coordinates":[[[-112.017291,40.271214],[-112.012843,40.271197],[-112.012841,40.271446],[-112.012826,40.271446],[-112.012823,40.271801],[-112.014823,40.271808],[-112.014822,40.271909],[-112.014635,40.271908],[-112.014632,40.272354],[-112.014665,40.272354],[-112.014663,40.272567],[-112.014635,40.272567],[-112.014634,40.272747],[-112.014826,40.272747],[-112.014826,40.272843],[-112.013921,40.272839],[-112.013922,40.272752],[-112.013746,40.272751],[-112.013746,40.272839],[-112.012824,40.272835],[-112.012822,40.273188],[-112.012834,40.273188],[-112.012832,40.273446],[-112.017289,40.273463],[-112.017293,40.272851],[-112.015391,40.272844],[-112.015398,40.271812],[-112.017287,40.271819],[-112.017291,40.271214]]]}},{"type":"Feature","properties":{"id":"01037871048","t":"building","op":"Amazon Web Services","nm":"Amazon IAD601","st":"VA","co":"Loudoun County","sqft":14384,"lat":39.015263,"lon":-77.43777},"geometry":{"type":"Polygon","coordinates":[[[-77.437935,39.015504],[-77.438104,39.015328],[-77.437573,39.015014],[-77.437446,39.015142],[-77.437562,39.015215],[-77.437522,39.015262],[-77.437935,39.015504]]]}},{"type":"Feature","properties":{"id":"01042260902","t":"building","op":"DirecTV","nm":null,"st":"AZ","co":"Cochise County","sqft":7539,"lat":31.972675,"lon":-110.304752},"geometry":{"type":"Polygon","coordinates":[[[-110.304918,31.972775],[-110.304918,31.972575],[-110.304585,31.972574],[-110.304584,31.972774],[-110.304918,31.972775]]]}},{"type":"Feature","properties":{"id":"01054387471","t":"building","op":"Meta","nm":null,"st":"GA","co":"Newton County","sqft":660258,"lat":33.601371,"lon":-83.705417},"geometry":{"type":"Polygon","coordinates":[[[-83.705366,33.601990],[-83.705967,33.601100],[-83.707543,33.601839],[-83.707924,33.601276],[-83.704258,33.599556],[-83.703861,33.600144],[-83.705293,33.600816],[-83.704680,33.601722],[-83.703259,33.601055],[-83.702926,33.601547],[-83.706484,33.603215],[-83.706844,33.602683],[-83.705366,33.601990]]]}},{"type":"Feature","properties":{"id":"01056658555","t":"building","op":"Flexential","nm":"Flexential Salt Lake City - Millcreek","st":"UT","co":"Salt Lake County","sqft":28092,"lat":40.685525,"lon":-111.885044},"geometry":{"type":"Polygon","coordinates":[[[-111.884956,40.686080],[-111.885174,40.686080],[-111.885173,40.685440],[-111.885381,40.685440],[-111.885381,40.685283],[-111.885175,40.685283],[-111.885175,40.685254],[-111.884752,40.685057],[-111.884719,40.685057],[-111.884720,40.685284],[-111.884762,40.685284],[-111.884762,40.685309],[-111.884820,40.685309],[-111.884820,40.685334],[-111.884877,40.685334],[-111.884877,40.685356],[-111.884954,40.685355],[-111.884956,40.686080]]]}},{"type":"Feature","properties":{"id":"01057230915","t":"building","op":"Amazon Web Services","nm":"Amazon PDX93","st":"OR","co":"Morrow County","sqft":213828,"lat":45.836542,"lon":-119.689866},"geometry":{"type":"Polygon","coordinates":[[[-119.691887,45.836677],[-119.691785,45.836085],[-119.687859,45.836415],[-119.687963,45.837014],[-119.689734,45.836865],[-119.689705,45.836698],[-119.690122,45.836663],[-119.690150,45.836823],[-119.691887,45.836677]]]}},{"type":"Feature","properties":{"id":"01059030596","t":"building","op":"Amazon Web Services","nm":"Amazon Web Services","st":"VA","co":"Prince William County","sqft":111697,"lat":38.744286,"lon":-77.533322},"geometry":{"type":"Polygon","coordinates":[[[-77.534190,38.744613],[-77.534210,38.744177],[-77.534236,38.744177],[-77.534244,38.744009],[-77.534149,38.744008],[-77.532447,38.743959],[-77.532420,38.744564],[-77.534190,38.744613]]]}},{"type":"Feature","properties":{"id":"01059036248","t":"building","op":null,"nm":null,"st":"VA","co":"Prince William County","sqft":257960,"lat":38.745959,"lon":-77.537509},"geometry":{"type":"Polygon","coordinates":[[[-77.536566,38.747165],[-77.536735,38.747055],[-77.536655,38.746980],[-77.538937,38.745461],[-77.539024,38.745541],[-77.539203,38.745412],[-77.538552,38.744816],[-77.536571,38.746102],[-77.536536,38.746069],[-77.536451,38.746124],[-77.536482,38.746153],[-77.535894,38.746535],[-77.536566,38.747165]]]}},{"type":"Feature","properties":{"id":"01059037050","t":"building","op":"Amazon Web Services","nm":"COPT Innovation Park Data Center","st":"VA","co":"Prince William County","sqft":149206,"lat":38.743886,"lon":-77.530625},"geometry":{"type":"Polygon","coordinates":[[[-77.530943,38.744962],[-77.530975,38.742816],[-77.530306,38.742810],[-77.530274,38.744956],[-77.530943,38.744962]]]}},{"type":"Feature","properties":{"id":"01059037051","t":"building","op":"Amazon Web Services","nm":"COPT Data Center Bldg 2","st":"VA","co":"Prince William County","sqft":104114,"lat":38.744055,"lon":-77.529196},"geometry":{"type":"Polygon","coordinates":[[[-77.529551,38.744749],[-77.529564,38.743364],[-77.528840,38.743360],[-77.528827,38.744745],[-77.529551,38.744749]]]}},{"type":"Feature","properties":{"id":"01065780801","t":"building","op":"Amazon Web Services","nm":"Amazon","st":"CA","co":"Santa Clara County","sqft":98142,"lat":37.389933,"lon":-121.96599},"geometry":{"type":"Polygon","coordinates":[[[-121.965664,37.389302],[-121.965550,37.390509],[-121.966319,37.390555],[-121.966431,37.389369],[-121.966137,37.389351],[-121.966139,37.389330],[-121.965664,37.389302]]]}},{"type":"Feature","properties":{"id":"01069388067","t":"building","op":"Google","nm":null,"st":"SC","co":"Berkeley County","sqft":182645,"lat":33.062022,"lon":-80.038316},"geometry":{"type":"Polygon","coordinates":[[[-80.038921,33.061149],[-80.03866,33.061145],[-80.038654,33.061411],[-80.037686,33.061398],[-80.037665,33.062496],[-80.037987,33.062501],[-80.037981,33.062819],[-80.038675,33.062828],[-80.038681,33.062499],[-80.038894,33.062502],[-80.038921,33.061149]]]}},{"type":"Feature","properties":{"id":"01069388075","t":"building","op":"Google","nm":"Google","st":"SC","co":"Berkeley County","sqft":181261,"lat":33.062174,"lon":-80.03966},"geometry":{"type":"Polygon","coordinates":[[[-80.040276,33.061520],[-80.039035,33.061511],[-80.039025,33.062537],[-80.039123,33.062537],[-80.039120,33.062847],[-80.040263,33.062854],[-80.040276,33.061520]]]}},{"type":"Feature","properties":{"id":"01069388095","t":"building","op":"Google","nm":"Google","st":"SC","co":"Berkeley County","sqft":206252,"lat":33.062053,"lon":-80.041154},"geometry":{"type":"Polygon","coordinates":[[[-80.041817,33.061440],[-80.041551,33.061438],[-80.041551,33.061356],[-80.040451,33.061348],[-80.040439,33.062511],[-80.040859,33.062514],[-80.040856,33.062759],[-80.041089,33.062761],[-80.041088,33.062843],[-80.041688,33.062848],[-80.041689,33.062772],[-80.041803,33.062772],[-80.041817,33.061440]]]}},{"type":"Feature","properties":{"id":"01069388141","t":"building","op":"Google","nm":"Google","st":"SC","co":"Berkeley County","sqft":181645,"lat":33.064312,"lon":-80.038456},"geometry":{"type":"Polygon","coordinates":[[[-80.039158,33.063696],[-80.038634,33.063694],[-80.038633,33.063799],[-80.038176,33.063797],[-80.038176,33.063715],[-80.037748,33.063713],[-80.037741,33.064819],[-80.037796,33.064819],[-80.037796,33.064884],[-80.038295,33.064886],[-80.038295,33.064928],[-80.038394,33.064928],[-80.038395,33.064889],[-80.038838,33.064891],[-80.038838,33.064919],[-80.038968,33.064920],[-80.038968,33.064887],[-80.039150,33.064888],[-80.039158,33.063696]]]}},{"type":"Feature","properties":{"id":"01069388147","t":"building","op":"Google","nm":"Google","st":"SC","co":"Berkeley County","sqft":131216,"lat":33.066436,"lon":-80.038428},"geometry":{"type":"Polygon","coordinates":[[[-80.039218,33.066896],[-80.039224,33.066510],[-80.039119,33.066509],[-80.039123,33.066277],[-80.038822,33.066274],[-80.038825,33.066111],[-80.038458,33.066107],[-80.038463,33.065822],[-80.037839,33.065815],[-80.037822,33.066880],[-80.039218,33.066896]]]}},{"type":"Feature","properties":{"id":"01069388156","t":"building","op":"Google","nm":"Google","st":"SC","co":"Berkeley County","sqft":249320,"lat":33.064157,"lon":-80.043575},"geometry":{"type":"Polygon","coordinates":[[[-80.044591,33.063618],[-80.042548,33.063598],[-80.042535,33.064515],[-80.042707,33.064517],[-80.042704,33.064713],[-80.044468,33.064730],[-80.044470,33.064565],[-80.044669,33.064567],[-80.044671,33.064415],[-80.044580,33.064414],[-80.044591,33.063618]]]}},{"type":"Feature","properties":{"id":"01069388186","t":"building","op":"Google","nm":"Google","st":"SC","co":"Berkeley County","sqft":697831,"lat":33.062001,"lon":-80.045057},"geometry":{"type":"Polygon","coordinates":[[[-80.047323,33.062303],[-80.047334,33.061582],[-80.047237,33.061581],[-80.047242,33.061227],[-80.045171,33.061206],[-80.045162,33.061797],[-80.044675,33.061792],[-80.044678,33.061558],[-80.044470,33.061556],[-80.044475,33.061215],[-80.042918,33.061200],[-80.042901,33.062393],[-80.042638,33.062391],[-80.042631,33.062849],[-80.042806,33.062851],[-80.042807,33.062762],[-80.042842,33.062762],[-80.042843,33.062719],[-80.044524,33.062737],[-80.044523,33.062784],[-80.044562,33.062784],[-80.044561,33.062865],[-80.044718,33.062867],[-80.044725,33.062436],[-80.045159,33.062441],[-80.045158,33.062490],[-80.045345,33.062492],[-80.045339,33.062875],[-80.045503,33.062877],[-80.045504,33.062753],[-80.046757,33.062765],[-80.046756,33.062837],[-80.046938,33.062839],[-80.046943,33.062513],[-80.047240,33.062516],[-80.047244,33.062303],[-80.047323,33.062303]]]}},{"type":"Feature","properties":{"id":"01069388211","t":"building","op":"Google","nm":"Google","st":"SC","co":"Berkeley County","sqft":145533,"lat":33.064435,"lon":-80.046068},"geometry":{"type":"Polygon","coordinates":[[[-80.047006,33.064102],[-80.045081,33.064086],[-80.045075,33.064641],[-80.045348,33.064643],[-80.045347,33.064784],[-80.046995,33.064798],[-80.046997,33.064655],[-80.047038,33.064656],[-80.047040,33.064540],[-80.047001,33.064540],[-80.047006,33.064102]]]}},{"type":"Feature","properties":{"id":"01070895993","t":"building","op":"Meta","nm":null,"st":"GA","co":"Newton County","sqft":763506,"lat":33.600094,"lon":-83.696839},"geometry":{"type":"Polygon","coordinates":[[[-83.695995,33.602111],[-83.699408,33.599986],[-83.698890,33.599409],[-83.697491,33.600280],[-83.696766,33.599472],[-83.698189,33.598585],[-83.697696,33.598036],[-83.694285,33.600161],[-83.694787,33.600720],[-83.696128,33.599885],[-83.696818,33.600653],[-83.695450,33.601505],[-83.695995,33.602111]]]}},{"type":"Feature","properties":{"id":"01070895994","t":"building","op":"Meta","nm":null,"st":"GA","co":"Newton County","sqft":342886,"lat":33.598021,"lon":-83.695013},"geometry":{"type":"Polygon","coordinates":[[[-83.696907,33.597325],[-83.696406,33.596765],[-83.695395,33.597391],[-83.695245,33.597224],[-83.694117,33.597923],[-83.694308,33.598136],[-83.693135,33.598863],[-83.693594,33.599378],[-83.696907,33.597325]]]}},{"type":"Feature","properties":{"id":"01071772119","t":"building","op":"Microsoft","nm":"Microsoft EAT02","st":"WA","co":"Douglas County","sqft":246129,"lat":47.416868,"lon":-120.207688},"geometry":{"type":"Polygon","coordinates":[[[-120.210298,47.416620],[-120.205083,47.416593],[-120.205077,47.417116],[-120.210292,47.417142],[-120.210298,47.416620]]]}},{"type":"Feature","properties":{"id":"01071774674","t":"building","op":"Sabey Data Centers","nm":"Intergate Columbia D","st":"WA","co":"Douglas County","sqft":135020,"lat":47.407585,"lon":-120.191601},"geometry":{"type":"Polygon","coordinates":[[[-120.192130,47.406889],[-120.191106,47.406889],[-120.191111,47.407302],[-120.191013,47.407303],[-120.191013,47.407464],[-120.190986,47.407464],[-120.190983,47.407706],[-120.191011,47.407706],[-120.191009,47.407869],[-120.191110,47.407870],[-120.191105,47.408278],[-120.192134,47.408280],[-120.192136,47.407701],[-120.192173,47.407701],[-120.192173,47.407461],[-120.192131,47.407461],[-120.192130,47.406889]]]}},{"type":"Feature","properties":{"id":"01073720208","t":"building","op":"Google","nm":"Google","st":"IA","co":"Pottawattamie County","sqft":76005,"lat":41.177344,"lon":-95.804857},"geometry":{"type":"Polygon","coordinates":[[[-95.805298,41.176913],[-95.804414,41.176914],[-95.804418,41.177777],[-95.805298,41.177770],[-95.805298,41.176913]]]}},{"type":"Feature","properties":{"id":"01073720209","t":"building","op":"Google","nm":"Google","st":"IA","co":"Pottawattamie County","sqft":318940,"lat":41.177274,"lon":-95.80638},"geometry":{"type":"Polygon","coordinates":[[[-95.805304,41.176909],[-95.805311,41.177914],[-95.805414,41.177914],[-95.805415,41.178038],[-95.805952,41.178036],[-95.805952,41.177916],[-95.806196,41.177915],[-95.806197,41.178037],[-95.806643,41.178036],[-95.806642,41.177914],[-95.806830,41.177913],[-95.806831,41.178039],[-95.807365,41.178037],[-95.807365,41.177918],[-95.807489,41.177917],[-95.807481,41.176439],[-95.807276,41.176439],[-95.807277,41.176586],[-95.805349,41.176592],[-95.805349,41.176539],[-95.805315,41.176539],[-95.805314,41.176456],[-95.805146,41.176457],[-95.805149,41.176909],[-95.805304,41.176909]]]}},{"type":"Feature","properties":{"id":"01073720210","t":"building","op":"Google","nm":"Google","st":"IA","co":"Pottawattamie County","sqft":258223,"lat":41.177456,"lon":-95.803215},"geometry":{"type":"Polygon","coordinates":[[[-95.804401,41.176918],[-95.801962,41.176930],[-95.801970,41.177775],[-95.802233,41.177774],[-95.802235,41.177920],[-95.802345,41.177919],[-95.802347,41.178047],[-95.802886,41.178044],[-95.802885,41.177918],[-95.803134,41.177917],[-95.803136,41.178041],[-95.803579,41.178039],[-95.803578,41.177918],[-95.803763,41.177918],[-95.803765,41.178042],[-95.804302,41.178039],[-95.804300,41.177920],[-95.804410,41.177920],[-95.804401,41.176918]]]}},{"type":"Feature","properties":{"id":"01073720211","t":"building","op":"Google","nm":"Google","st":"IA","co":"Pottawattamie County","sqft":211543,"lat":41.177483,"lon":-95.800967},"geometry":{"type":"Polygon","coordinates":[[[-95.801941,41.176927],[-95.800045,41.176926],[-95.800045,41.177771],[-95.799903,41.177771],[-95.799903,41.178049],[-95.800444,41.178049],[-95.800444,41.177937],[-95.800605,41.177937],[-95.800605,41.178051],[-95.801123,41.178052],[-95.801124,41.177929],[-95.801295,41.177929],[-95.801295,41.178045],[-95.801871,41.178045],[-95.801872,41.177783],[-95.801940,41.177782],[-95.801941,41.176927]]]}},{"type":"Feature","properties":{"id":"01073720212","t":"building","op":"Google","nm":"Google","st":"IA","co":"Pottawattamie County","sqft":131491,"lat":41.17554,"lon":-95.806763},"geometry":{"type":"Polygon","coordinates":[[[-95.807132,41.174917],[-95.806218,41.174917],[-95.806219,41.176128],[-95.807338,41.176128],[-95.807337,41.175134],[-95.807132,41.175134],[-95.807132,41.174917]]]}},{"type":"Feature","properties":{"id":"01073720213","t":"building","op":"Google","nm":"Google","st":"IA","co":"Pottawattamie County","sqft":129827,"lat":41.17554,"lon":-95.805652},"geometry":{"type":"Polygon","coordinates":[[[-95.805270,41.175136],[-95.805081,41.175137],[-95.805088,41.176129],[-95.806196,41.176124],[-95.806187,41.174920],[-95.805269,41.174923],[-95.805270,41.175136]]]}},{"type":"Feature","properties":{"id":"01073720214","t":"building","op":"Google","nm":"Google","st":"IA","co":"Pottawattamie County","sqft":132118,"lat":41.175543,"lon":-95.804493},"geometry":{"type":"Polygon","coordinates":[[[-95.804862,41.174914],[-95.803947,41.174917],[-95.803954,41.176137],[-95.805070,41.176134],[-95.805065,41.175140],[-95.804863,41.175140],[-95.804862,41.174914]]]}},{"type":"Feature","properties":{"id":"01073720215","t":"building","op":"Google","nm":"Google","st":"IA","co":"Pottawattamie County","sqft":132254,"lat":41.175544,"lon":-95.80339},"geometry":{"type":"Polygon","coordinates":[[[-95.803004,41.175141],[-95.802812,41.175141],[-95.802815,41.176135],[-95.803937,41.176133],[-95.803933,41.174920],[-95.803004,41.174922],[-95.803004,41.175141]]]}},{"type":"Feature","properties":{"id":"01073720216","t":"building","op":"Google","nm":"Google","st":"IA","co":"Pottawattamie County","sqft":130820,"lat":41.175547,"lon":-95.802224},"geometry":{"type":"Polygon","coordinates":[[[-95.802592,41.174928],[-95.801677,41.174929],[-95.801680,41.176133],[-95.802801,41.176131],[-95.802798,41.175144],[-95.802593,41.175144],[-95.802592,41.174928]]]}},{"type":"Feature","properties":{"id":"01073720217","t":"building","op":"Google","nm":"Google","st":"IA","co":"Pottawattamie County","sqft":129628,"lat":41.175545,"lon":-95.801119},"geometry":{"type":"Polygon","coordinates":[[[-95.800732,41.175147],[-95.800550,41.175147],[-95.800554,41.176133],[-95.801661,41.176130],[-95.801655,41.174926],[-95.800731,41.174929],[-95.800732,41.175147]]]}},{"type":"Feature","properties":{"id":"01073720218","t":"building","op":"Google","nm":"Google","st":"IA","co":"Pottawattamie County","sqft":134444,"lat":41.175554,"lon":-95.799948},"geometry":{"type":"Polygon","coordinates":[[[-95.799393,41.176144],[-95.800534,41.176144],[-95.800534,41.175151],[-95.800326,41.175151],[-95.800326,41.174929],[-95.799393,41.174929],[-95.799393,41.176144]]]}},{"type":"Feature","properties":{"id":"01073720219","t":"building","op":"Google","nm":"Google","st":"IA","co":"Pottawattamie County","sqft":174264,"lat":41.172635,"lon":-95.804024},"geometry":{"type":"Polygon","coordinates":[[[-95.804775,41.172051],[-95.803286,41.172050],[-95.803284,41.173229],[-95.804475,41.173230],[-95.804475,41.173169],[-95.804773,41.173169],[-95.804775,41.172051]]]}},{"type":"Feature","properties":{"id":"01073720220","t":"building","op":"Google","nm":"Google","st":"IA","co":"Pottawattamie County","sqft":174583,"lat":41.17264,"lon":-95.802521},"geometry":{"type":"Polygon","coordinates":[[[-95.803276,41.172058],[-95.801783,41.172055],[-95.801779,41.173233],[-95.802976,41.173236],[-95.802977,41.173172],[-95.803272,41.173173],[-95.803276,41.172058]]]}},{"type":"Feature","properties":{"id":"01073720221","t":"building","op":"Google","nm":"Google","st":"IA","co":"Pottawattamie County","sqft":158241,"lat":41.172611,"lon":-95.801148},"geometry":{"type":"Polygon","coordinates":[[[-95.800490,41.173238],[-95.801684,41.173238],[-95.801684,41.173175],[-95.801762,41.173175],[-95.801763,41.171872],[-95.801307,41.171872],[-95.801307,41.172062],[-95.800491,41.172062],[-95.800490,41.173238]]]}},{"type":"Feature","properties":{"id":"01075278060","t":"building","op":"Microsoft","nm":"Microsoft","st":"IA","co":"Warren County","sqft":242270,"lat":41.49683,"lon":-93.786996},"geometry":{"type":"Polygon","coordinates":[[[-93.789296,41.497082],[-93.789291,41.496554],[-93.784696,41.496578],[-93.784701,41.497106],[-93.789296,41.497082]]]}},{"type":"Feature","properties":{"id":"01075278061","t":"building","op":"Microsoft","nm":"Microsoft","st":"IA","co":"Dallas County","sqft":90065,"lat":41.539814,"lon":-93.826314},"geometry":{"type":"Polygon","coordinates":[[[-93.827339,41.539536],[-93.825241,41.539663],[-93.825288,41.540091],[-93.827385,41.539963],[-93.827339,41.539536]]]}},{"type":"Feature","properties":{"id":"01075278062","t":"building","op":"Microsoft","nm":"Microsoft","st":"IA","co":"Dallas County","sqft":80538,"lat":41.53967,"lon":-93.828665},"geometry":{"type":"Polygon","coordinates":[[[-93.827753,41.539942],[-93.829624,41.539827],[-93.829577,41.539398],[-93.827706,41.539513],[-93.827753,41.539942]]]}},{"type":"Feature","properties":{"id":"01075445245","t":"building","op":null,"nm":null,"st":"CA","co":"Santa Clara County","sqft":108346,"lat":37.36114,"lon":-121.942306},"geometry":{"type":"Polygon","coordinates":[[[-121.942463,37.360499],[-121.941793,37.360715],[-121.941847,37.360820],[-121.941784,37.360840],[-121.941806,37.360882],[-121.941730,37.360907],[-121.941943,37.361326],[-121.941901,37.361339],[-121.941914,37.361366],[-121.941864,37.361382],[-121.941905,37.361464],[-121.941800,37.361498],[-121.941958,37.361808],[-121.942820,37.361530],[-121.942802,37.361495],[-121.942697,37.361290],[-121.942949,37.361209],[-121.942634,37.360588],[-121.942526,37.360623],[-121.942463,37.360499]]]}},{"type":"Feature","properties":{"id":"01077131079","t":"building","op":"xAI","nm":"xAI Macrohardrr","st":"MS","co":"DeSoto County","sqft":812955,"lat":34.993488,"lon":-90.03417},"geometry":{"type":"Polygon","coordinates":[[[-90.036490,34.994287],[-90.036485,34.992679],[-90.031849,34.992688],[-90.031854,34.994297],[-90.036490,34.994287]]]}},{"type":"Feature","properties":{"id":"01080170579","t":"building","op":"Flexential","nm":"Flexential Portland - Hillsboro 4 Expansion","st":"OR","co":"Washington County","sqft":20041,"lat":45.555391,"lon":-122.941087},"geometry":{"type":"Polygon","coordinates":[[[-122.941570,45.555283],[-122.940602,45.555276],[-122.940601,45.555496],[-122.941572,45.555505],[-122.941570,45.555283]]]}},{"type":"Feature","properties":{"id":"01080170580","t":"building","op":"Flexential","nm":"Flexential Portland - Hillsboro 5","st":"OR","co":"Washington County","sqft":180357,"lat":45.556424,"lon":-122.939296},"geometry":{"type":"Polygon","coordinates":[[[-122.941323,45.556687],[-122.941311,45.556056],[-122.941085,45.556053],[-122.941087,45.556163],[-122.941012,45.556163],[-122.940912,45.556163],[-122.940906,45.556244],[-122.939732,45.556238],[-122.938027,45.556230],[-122.938016,45.555992],[-122.937690,45.555988],[-122.937689,45.556006],[-122.937660,45.556006],[-122.937402,45.556002],[-122.937419,45.556671],[-122.939209,45.556679],[-122.939765,45.556682],[-122.941323,45.556687]]]}},{"type":"Feature","properties":{"id":"01081973944","t":"building","op":"Quality Technology Services","nm":"QTS San Antonio II","st":"TX","co":"Bexar County","sqft":140321,"lat":29.449156,"lon":-98.653145},"geometry":{"type":"Polygon","coordinates":[[[-98.653822,29.449766],[-98.653746,29.449638],[-98.653779,29.449622],[-98.653257,29.448529],[-98.653369,29.448488],[-98.653275,29.448300],[-98.652429,29.448610],[-98.653153,29.450014],[-98.653822,29.449766]]]}},{"type":"Feature","properties":{"id":"01083841125","t":"building","op":null,"nm":"T5@Colorado Springs","st":"CO","co":"El Paso County","sqft":74307,"lat":38.786172,"lon":-104.788535},"geometry":{"type":"Polygon","coordinates":[[[-104.789186,38.786321],[-104.788798,38.785833],[-104.788759,38.785839],[-104.788518,38.785659],[-104.788389,38.785760],[-104.788303,38.785691],[-104.787979,38.785872],[-104.788168,38.786106],[-104.788239,38.786071],[-104.788263,38.786104],[-104.788191,38.786138],[-104.788254,38.786218],[-104.788003,38.786355],[-104.788257,38.786660],[-104.788514,38.786527],[-104.788603,38.786630],[-104.789186,38.786321]]]}},{"type":"Feature","properties":{"id":"01085608797","t":"building","op":"Flexential","nm":"Flexential Tampa - North","st":"FL","co":"Hillsborough County","sqft":30643,"lat":28.073856,"lon":-82.368338},"geometry":{"type":"Polygon","coordinates":[[[-82.368164,28.073634],[-82.368164,28.073702],[-82.368090,28.073702],[-82.368090,28.073771],[-82.368020,28.073771],[-82.368022,28.074107],[-82.368474,28.074105],[-82.368473,28.073904],[-82.368703,28.073903],[-82.368701,28.073632],[-82.368164,28.073634]]]}},{"type":"Feature","properties":{"id":"01088203906","t":"building","op":"Amazon Web Services","nm":"Amazon Web Services","st":"VA","co":"Loudoun County","sqft":96372,"lat":39.016744,"lon":-77.452001},"geometry":{"type":"Polygon","coordinates":[[[-77.451754,39.016107],[-77.451185,39.016523],[-77.452244,39.017382],[-77.452646,39.017072],[-77.452670,39.017088],[-77.452826,39.016973],[-77.451754,39.016107]]]}},{"type":"Feature","properties":{"id":"01088203907","t":"building","op":"Amazon Web Services","nm":"Amazon Web Services","st":"VA","co":"Loudoun County","sqft":96367,"lat":39.015886,"lon":-77.453145},"geometry":{"type":"Polygon","coordinates":[[[-77.453391,39.016522],[-77.453960,39.016106],[-77.452901,39.015247],[-77.452499,39.015557],[-77.452475,39.015541],[-77.452319,39.015656],[-77.453391,39.016522]]]}},{"type":"Feature","properties":{"id":"01088241977","t":"building","op":"Aligned","nm":"Aligned IAD02","st":"VA","co":"Loudoun County","sqft":208188,"lat":39.010411,"lon":-77.475189},"geometry":{"type":"Polygon","coordinates":[[[-77.476096,39.011589],[-77.475002,39.009059],[-77.474220,39.009263],[-77.474238,39.009303],[-77.474282,39.009404],[-77.474352,39.009386],[-77.474905,39.010665],[-77.474965,39.010803],[-77.475378,39.011758],[-77.475385,39.011775],[-77.476096,39.011589]]]}},{"type":"Feature","properties":{"id":"01090837713","t":"building","op":"Quality Technology Services","nm":"QTS Manassas DC5","st":"VA","co":"Prince William County","sqft":153531,"lat":38.754693,"lon":-77.517447},"geometry":{"type":"Polygon","coordinates":[[[-77.518811,38.754945],[-77.516317,38.753931],[-77.515964,38.754459],[-77.516071,38.754503],[-77.51613,38.754415],[-77.518275,38.755289],[-77.518129,38.755506],[-77.518305,38.755578],[-77.518370,38.755604],[-77.518811,38.754945]]]}},{"type":"Feature","properties":{"id":"01091128478","t":"building","op":"Microsoft","nm":"PHX-11","st":"AZ","co":"Maricopa County","sqft":248866,"lat":33.409031,"lon":-112.364803},"geometry":{"type":"Polygon","coordinates":[[[-112.362726,33.409304],[-112.366929,33.409295],[-112.366929,33.409215],[-112.366874,33.409215],[-112.366872,33.408756],[-112.362725,33.408765],[-112.362726,33.409304]]]}},{"type":"Feature","properties":{"id":"01092283612","t":"building","op":null,"nm":null,"st":"NY","co":"Rockland County","sqft":262772,"lat":41.05233,"lon":-73.971839},"geometry":{"type":"Polygon","coordinates":[[[-73.972480,41.053280],[-73.972484,41.052815],[-73.972413,41.052814],[-73.972415,41.052600],[-73.972700,41.052602],[-73.972703,41.052217],[-73.972749,41.052218],[-73.972750,41.052094],[-73.972733,41.052094],[-73.972734,41.051996],[-73.972422,41.051995],[-73.972424,41.051856],[-73.972491,41.051856],[-73.972496,41.051388],[-73.972344,41.051388],[-73.972343,41.051426],[-73.971865,41.051424],[-73.971865,41.051355],[-73.971316,41.051353],[-73.971312,41.051807],[-73.971265,41.051806],[-73.971262,41.052092],[-73.970802,41.052090],[-73.970798,41.052566],[-73.971258,41.052568],[-73.971256,41.052852],[-73.971304,41.052852],[-73.971301,41.053309],[-73.971855,41.053311],[-73.971855,41.053241],[-73.972328,41.053244],[-73.972328,41.053280],[-73.972480,41.053280]]]}},{"type":"Feature","properties":{"id":"01097502168","t":"building","op":"Flexential","nm":"Flexential Atlanta - Douglasville 1","st":"GA","co":"Douglas County","sqft":213895,"lat":33.731057,"lon":-84.616081},"geometry":{"type":"Polygon","coordinates":[[[-84.617384,33.730395],[-84.616814,33.729943],[-84.614777,33.731719],[-84.615347,33.732171],[-84.617384,33.730395]]]}},{"type":"Feature","properties":{"id":"01103333136","t":"building","op":"Google","nm":"Google","st":"TN","co":"Montgomery County","sqft":169733,"lat":36.62483,"lon":-87.263515},"geometry":{"type":"Polygon","coordinates":[[[-87.262906,36.624304],[-87.262728,36.625283],[-87.263166,36.625334],[-87.263151,36.625413],[-87.264006,36.625513],[-87.264033,36.625362],[-87.264081,36.625359],[-87.264234,36.624523],[-87.264278,36.624528],[-87.264291,36.624458],[-87.264235,36.624452],[-87.264242,36.624411],[-87.264204,36.624407],[-87.264226,36.624289],[-87.263961,36.624258],[-87.263965,36.624233],[-87.263898,36.624225],[-87.263894,36.624251],[-87.263489,36.624203],[-87.263495,36.624172],[-87.263424,36.624163],[-87.263418,36.624198],[-87.263374,36.624193],[-87.263368,36.624227],[-87.263169,36.624204],[-87.263154,36.624284],[-87.263034,36.624270],[-87.263025,36.624318],[-87.262906,36.624304]]]}},{"type":"Feature","properties":{"id":"01103333137","t":"building","op":"Google","nm":"SPC3A","st":"TN","co":"Montgomery County","sqft":169748,"lat":36.624303,"lon":-87.259027},"geometry":{"type":"Polygon","coordinates":[[[-87.258417,36.623776],[-87.258240,36.624755],[-87.258678,36.624806],[-87.258663,36.624885],[-87.259518,36.624985],[-87.259545,36.624834],[-87.259593,36.624831],[-87.259746,36.623996],[-87.25979,36.624001],[-87.259802,36.623931],[-87.259746,36.623924],[-87.259754,36.623884],[-87.259716,36.623879],[-87.259738,36.623761],[-87.259473,36.623730],[-87.259477,36.623705],[-87.259410,36.623697],[-87.259405,36.623723],[-87.259001,36.623676],[-87.259007,36.623644],[-87.258936,36.623636],[-87.258929,36.623671],[-87.258886,36.623666],[-87.258880,36.623700],[-87.258681,36.623676],[-87.258666,36.623756],[-87.258546,36.623742],[-87.258537,36.623790],[-87.258417,36.623776]]]}},{"type":"Feature","properties":{"id":"01106454555","t":"building","op":"Amazon Web Services","nm":"Amazon Web Services","st":"VA","co":"Loudoun County","sqft":132491,"lat":38.979557,"lon":-77.41749},"geometry":{"type":"Polygon","coordinates":[[[-77.417726,38.978703],[-77.416597,38.980077],[-77.417071,38.980313],[-77.417056,38.980331],[-77.417241,38.980423],[-77.418385,38.979030],[-77.417726,38.978703]]]}},{"type":"Feature","properties":{"id":"01109643936","t":"building","op":"US Bitcoin","nm":null,"st":"NY","co":"Niagara County","sqft":61559,"lat":43.082056,"lon":-79.030723},"geometry":{"type":"Polygon","coordinates":[[[-79.031056,43.082323],[-79.031114,43.081945],[-79.031287,43.081960],[-79.031359,43.081487],[-79.031187,43.081473],[-79.031145,43.081745],[-79.030378,43.081682],[-79.030297,43.082207],[-79.030195,43.082870],[-79.030358,43.082883],[-79.030452,43.082274],[-79.031056,43.082323]]]}},{"type":"Feature","properties":{"id":"01109881281","t":"building","op":"TierPoint","nm":"TierPoint Valley Forge","st":"PA","co":"Montgomery County","sqft":62375,"lat":40.121879,"lon":-75.420877},"geometry":{"type":"Polygon","coordinates":[[[-75.420214,40.122164],[-75.420662,40.122438],[-75.420913,40.122198],[-75.420883,40.122180],[-75.420991,40.122075],[-75.421022,40.122094],[-75.421540,40.121598],[-75.421092,40.121324],[-75.420214,40.122164]]]}},{"type":"Feature","properties":{"id":"01114969101","t":"building","op":"Aligned Data Centers","nm":null,"st":"OR","co":"Washington County","sqft":155423,"lat":45.554064,"lon":-122.949312},"geometry":{"type":"Polygon","coordinates":[[[-122.950695,45.553761],[-122.948149,45.553754],[-122.948149,45.553806],[-122.948018,45.553805],[-122.947805,45.554355],[-122.950692,45.554364],[-122.950695,45.553761]]]}},{"type":"Feature","properties":{"id":"01116775094","t":"building","op":null,"nm":null,"st":"NV","co":"Storey County","sqft":628883,"lat":39.514068,"lon":-119.475514},"geometry":{"type":"Polygon","coordinates":[[[-119.479106,39.513626],[-119.471915,39.513658],[-119.471922,39.514510],[-119.479113,39.514476],[-119.479106,39.513626]]]}},{"type":"Feature","properties":{"id":"01116775095","t":"building","op":null,"nm":null,"st":"NV","co":"Storey County","sqft":296544,"lat":39.51387,"lon":-119.484853},"geometry":{"type":"Polygon","coordinates":[[[-119.486929,39.513514],[-119.482770,39.513533],[-119.482776,39.514227],[-119.486935,39.514207],[-119.486929,39.513514]]]}},{"type":"Feature","properties":{"id":"01121188409","t":"building","op":"Flexential","nm":"Flexential Salt Lake City - Fair Park","st":"UT","co":"Salt Lake County","sqft":12565,"lat":40.766786,"lon":-111.920292},"geometry":{"type":"Polygon","coordinates":[[[-111.920025,40.766896],[-111.920138,40.766896],[-111.920138,40.766923],[-111.920235,40.766923],[-111.920235,40.766896],[-111.920562,40.766898],[-111.920563,40.766670],[-111.920027,40.766668],[-111.920025,40.766896]]]}},{"type":"Feature","properties":{"id":"01121592786","t":"building","op":null,"nm":"CyrusOne San Antonio IV","st":"TX","co":"Bexar County","sqft":92543,"lat":29.470679,"lon":-98.67063},"geometry":{"type":"Polygon","coordinates":[[[-98.669979,29.470589],[-98.670166,29.470864],[-98.67007,29.470912],[-98.67009,29.470943],[-98.670053,29.470961],[-98.670335,29.471375],[-98.670502,29.471287],[-98.670379,29.471107],[-98.671236,29.470664],[-98.671324,29.470794],[-98.671467,29.470720],[-98.67119,29.470314],[-98.671015,29.470404],[-98.670838,29.470144],[-98.669979,29.470589]]]}},{"type":"Feature","properties":{"id":"01123249721","t":"building","op":"Equinix","nm":"Equinix Ashburn DC16","st":"VA","co":"Loudoun County","sqft":87843,"lat":39.024257,"lon":-77.452327},"geometry":{"type":"Polygon","coordinates":[[[-77.452139,39.024896],[-77.453078,39.023958],[-77.452514,39.023618],[-77.451575,39.024555],[-77.452139,39.024896]]]}},{"type":"Feature","properties":{"id":"01124864831","t":"building","op":"Microsoft","nm":"Microsoft IAD11","st":"VA","co":"Loudoun County","sqft":242344,"lat":38.948258,"lon":-77.555911},"geometry":{"type":"Polygon","coordinates":[[[-77.556096,38.950037],[-77.556386,38.946511],[-77.555725,38.946478],[-77.555435,38.950004],[-77.556096,38.950037]]]}},{"type":"Feature","properties":{"id":"01126159710","t":"building","op":"Amazon Web Services","nm":"Amazon PDX63","st":"OR","co":"Umatilla County","sqft":227376,"lat":45.90145,"lon":-119.320522},"geometry":{"type":"Polygon","coordinates":[[[-119.322732,45.901194],[-119.318312,45.901150],[-119.318317,45.901704],[-119.322721,45.901750],[-119.322732,45.901194]]]}},{"type":"Feature","properties":{"id":"01126159711","t":"building","op":"Amazon Web Services","nm":"Amazon PDX65","st":"OR","co":"Umatilla County","sqft":217425,"lat":45.902763,"lon":-119.320498},"geometry":{"type":"Polygon","coordinates":[[[-119.322691,45.903063],[-119.322681,45.902524],[-119.318296,45.902468],[-119.318291,45.902996],[-119.322691,45.903063]]]}},{"type":"Feature","properties":{"id":"01126159714","t":"building","op":"Amazon Web Services","nm":"Amazon PDX67","st":"OR","co":"Umatilla County","sqft":219900,"lat":45.903851,"lon":-119.320487},"geometry":{"type":"Polygon","coordinates":[[[-119.322701,45.904139],[-119.322701,45.903600],[-119.31826,45.903568],[-119.318253,45.904095],[-119.322701,45.904139]]]}},{"type":"Feature","properties":{"id":"01126159715","t":"building","op":"Amazon Web Services","nm":"Amazon PDX69","st":"OR","co":"Umatilla County","sqft":219735,"lat":45.905094,"lon":-119.320167},"geometry":{"type":"Polygon","coordinates":[[[-119.318221,45.904780],[-119.318158,45.905370],[-119.322104,45.905418],[-119.322130,45.904804],[-119.318221,45.904780]]]}},{"type":"Feature","properties":{"id":"01127951468","t":"building","op":null,"nm":null,"st":"OR","co":"Umatilla County","sqft":15313,"lat":45.91571,"lon":-119.269981},"geometry":{"type":"Polygon","coordinates":[[[-119.270141,45.915462],[-119.269909,45.915463],[-119.269909,45.915476],[-119.269797,45.915476],[-119.269798,45.915865],[-119.269908,45.915865],[-119.269908,45.915983],[-119.270143,45.915983],[-119.270141,45.915462]]]}},{"type":"Feature","properties":{"id":"01128589933","t":"building","op":null,"nm":null,"st":"VA","co":"Loudoun County","sqft":242639,"lat":39.069647,"lon":-77.560771},"geometry":{"type":"Polygon","coordinates":[[[-77.561193,39.071378],[-77.561028,39.068030],[-77.561043,39.068029],[-77.561036,39.067899],[-77.560349,39.067919],[-77.560520,39.071398],[-77.561193,39.071378]]]}},{"type":"Feature","properties":{"id":"01128589934","t":"building","op":null,"nm":null,"st":"VA","co":"Loudoun County","sqft":247061,"lat":39.069654,"lon":-77.559433},"geometry":{"type":"Polygon","coordinates":[[[-77.559856,39.071416],[-77.559689,39.068019],[-77.559707,39.068019],[-77.559700,39.067875],[-77.559009,39.067895],[-77.559183,39.071436],[-77.559856,39.071416]]]}},{"type":"Feature","properties":{"id":"01132541700","t":"building","op":"Meta","nm":"Meta Henrico Data Center","st":"VA","co":"Henrico County","sqft":604696,"lat":37.477845,"lon":-77.226455},"geometry":{"type":"Polygon","coordinates":[[[-77.228900,37.477722],[-77.224998,37.476327],[-77.224861,37.476568],[-77.224829,37.476557],[-77.224648,37.476876],[-77.226075,37.477386],[-77.225761,37.477939],[-77.224336,37.477430],[-77.224149,37.477759],[-77.224187,37.477773],[-77.224062,37.477992],[-77.227957,37.479384],[-77.228267,37.478837],[-77.226503,37.478207],[-77.226556,37.478113],[-77.226357,37.478042],[-77.226381,37.478000],[-77.226676,37.478106],[-77.226836,37.477824],[-77.226544,37.477720],[-77.226572,37.477671],[-77.226756,37.477737],[-77.226809,37.477644],[-77.228590,37.478281],[-77.228900,37.477722]]]}},{"type":"Feature","properties":{"id":"01132632705","t":"building","op":"Quality Technology Services","nm":"QTS","st":"AZ","co":"Maricopa County","sqft":156513,"lat":33.460806,"lon":-111.997122},"geometry":{"type":"Polygon","coordinates":[[[-111.995964,33.460544],[-111.995964,33.460587],[-111.995786,33.460587],[-111.995788,33.460912],[-111.995818,33.460912],[-111.995819,33.461154],[-111.995948,33.461154],[-111.995949,33.461224],[-111.996243,33.461223],[-111.996242,33.461031],[-111.998388,33.461024],[-111.998388,33.461146],[-111.998525,33.461146],[-111.998522,33.460566],[-111.998429,33.460566],[-111.998429,33.460536],[-111.995964,33.460544]]]}},{"type":"Feature","properties":{"id":"01133944585","t":"building","op":null,"nm":null,"st":"IL","co":"Madison County","sqft":204,"lat":38.81056,"lon":-89.948703},"geometry":{"type":"Polygon","coordinates":[[[-89.948679,38.810581],[-89.948722,38.810584],[-89.948726,38.810538],[-89.948683,38.810536],[-89.948679,38.810581]]]}},{"type":"Feature","properties":{"id":"01134104431","t":"building","op":"CoreSite","nm":"CoreSite Reston Campus VA2","st":"VA","co":"Fairfax County","sqft":40517,"lat":38.951451,"lon":-77.364004},"geometry":{"type":"Polygon","coordinates":[[[-77.364440,38.951802],[-77.363963,38.950972],[-77.363676,38.951072],[-77.363658,38.951042],[-77.363557,38.951077],[-77.364051,38.951937],[-77.364440,38.951802]]]}},{"type":"Feature","properties":{"id":"01134911640","t":"building","op":"Amazon Web Services","nm":"AWS IAD105","st":"VA","co":"Prince William County","sqft":214270,"lat":38.747596,"lon":-77.519475},"geometry":{"type":"Polygon","coordinates":[[[-77.518679,38.748859],[-77.519665,38.747903],[-77.519499,38.747799],[-77.519731,38.747574],[-77.519898,38.747679],[-77.520885,38.746721],[-77.520278,38.746340],[-77.519291,38.747297],[-77.519318,38.747314],[-77.519088,38.747538],[-77.519062,38.747521],[-77.518074,38.748479],[-77.518679,38.748859]]]}},{"type":"Feature","properties":{"id":"01134911641","t":"building","op":"Amazon Web Services","nm":"AWS IAD104","st":"VA","co":"Prince William County","sqft":214258,"lat":38.748374,"lon":-77.520705},"geometry":{"type":"Polygon","coordinates":[[[-77.521499,38.747109],[-77.520514,38.748066],[-77.520680,38.748170],[-77.520449,38.748395],[-77.520281,38.748291],[-77.519295,38.749249],[-77.519903,38.749629],[-77.520889,38.748672],[-77.520861,38.748654],[-77.521091,38.748431],[-77.521117,38.748447],[-77.522104,38.747489],[-77.521499,38.747109]]]}},{"type":"Feature","properties":{"id":"01134911642","t":"building","op":"Quality Technology Services","nm":"QTS Manassas DC1","st":"VA","co":"Prince William County","sqft":123471,"lat":38.752517,"lon":-77.513111},"geometry":{"type":"Polygon","coordinates":[[[-77.513376,38.753602],[-77.513411,38.751490],[-77.512832,38.751484],[-77.512804,38.753460],[-77.513026,38.753461],[-77.513021,38.753600],[-77.513376,38.753602]]]}},{"type":"Feature","properties":{"id":"01143804764","t":"building","op":null,"nm":null,"st":"MD","co":"Howard County","sqft":112205,"lat":39.133685,"lon":-76.851407},"geometry":{"type":"Polygon","coordinates":[[[-76.852436,39.133396],[-76.852134,39.133038],[-76.851561,39.133329],[-76.851512,39.133271],[-76.850432,39.133820],[-76.850867,39.134335],[-76.851939,39.133790],[-76.851855,39.133691],[-76.852436,39.133396]]]}},{"type":"Feature","properties":{"id":"01152747559","t":"building","op":null,"nm":null,"st":"OR","co":"Crook County","sqft":455401,"lat":44.301672,"lon":-120.894596},"geometry":{"type":"Polygon","coordinates":[[[-120.896086,44.300698],[-120.894781,44.300692],[-120.894782,44.300589],[-120.894377,44.300588],[-120.894376,44.300692],[-120.893089,44.300691],[-120.893086,44.301305],[-120.893295,44.301305],[-120.893295,44.301376],[-120.893282,44.301376],[-120.893282,44.301425],[-120.894378,44.301424],[-120.894379,44.301569],[-120.894184,44.301569],[-120.894184,44.301779],[-120.894384,44.301779],[-120.894385,44.301923],[-120.893278,44.301924],[-120.893278,44.301975],[-120.893289,44.301975],[-120.893289,44.302040],[-120.893089,44.302040],[-120.893091,44.302657],[-120.894377,44.302655],[-120.894377,44.302755],[-120.894784,44.302754],[-120.894784,44.302648],[-120.896081,44.302646],[-120.896080,44.302036],[-120.895872,44.302036],[-120.895872,44.301976],[-120.895889,44.301976],[-120.895889,44.301921],[-120.894789,44.301920],[-120.894789,44.301889],[-120.894895,44.301889],[-120.894895,44.301832],[-120.895288,44.301833],[-120.895289,44.301526],[-120.894884,44.301526],[-120.894884,44.301467],[-120.894779,44.301467],[-120.894779,44.301425],[-120.895886,44.301426],[-120.895886,44.301376],[-120.895874,44.301374],[-120.895874,44.301308],[-120.896083,44.301309],[-120.896086,44.300698]]]}},{"type":"Feature","properties":{"id":"01152748037","t":"building","op":null,"nm":null,"st":"OR","co":"Crook County","sqft":241183,"lat":44.299288,"lon":-120.894595},"geometry":{"type":"Polygon","coordinates":[[[-120.896069,44.299723],[-120.896072,44.299108],[-120.895860,44.299108],[-120.895861,44.298991],[-120.894777,44.298989],[-120.894777,44.298905],[-120.895236,44.298906],[-120.895237,44.298603],[-120.894230,44.298601],[-120.894229,44.298915],[-120.894472,44.298915],[-120.894471,44.298974],[-120.893277,44.298972],[-120.893277,44.299092],[-120.893093,44.299091],[-120.893091,44.299713],[-120.894368,44.299715],[-120.894368,44.299833],[-120.894794,44.299834],[-120.894795,44.299720],[-120.896069,44.299723]]]}},{"type":"Feature","properties":{"id":"01153935548","t":"building","op":"Digital Realty","nm":"Digital Realty PDX11 Data Center","st":"OR","co":"Washington County","sqft":287848,"lat":45.568459,"lon":-122.919969},"geometry":{"type":"Polygon","coordinates":[[[-122.918500,45.567887],[-122.918547,45.568901],[-122.919976,45.568919],[-122.919986,45.569130],[-122.920409,45.569131],[-122.921272,45.569132],[-122.921294,45.567907],[-122.918500,45.567887]]]}},{"type":"Feature","properties":{"id":"01154349280","t":"building","op":"UChicago Argonne LLC","nm":"Datacenter (386)","st":"IL","co":"DuPage County","sqft":12413,"lat":41.707134,"lon":-87.975956},"geometry":{"type":"Polygon","coordinates":[[[-87.976222,41.707227],[-87.976049,41.706979],[-87.976029,41.706951],[-87.976006,41.706917],[-87.975846,41.706979],[-87.975689,41.707040],[-87.975713,41.707074],[-87.975905,41.707350],[-87.976222,41.707227]]]}},{"type":"Feature","properties":{"id":"01154503131","t":"building","op":"Amazon Web Services","nm":"Amazon Web Services","st":"OH","co":"Franklin County","sqft":150776,"lat":40.101767,"lon":-83.199583},"geometry":{"type":"Polygon","coordinates":[[[-83.198139,40.101596],[-83.198160,40.101796],[-83.198180,40.101795],[-83.198194,40.101919],[-83.198173,40.101920],[-83.198195,40.102117],[-83.201027,40.101935],[-83.201005,40.101737],[-83.200986,40.101738],[-83.200972,40.101614],[-83.200990,40.101613],[-83.200968,40.101415],[-83.198139,40.101596]]]}},{"type":"Feature","properties":{"id":"01154503132","t":"building","op":"Amazon Web Services","nm":"Amazon Web Services","st":"OH","co":"Franklin County","sqft":150211,"lat":40.100768,"lon":-83.199475},"geometry":{"type":"Polygon","coordinates":[[[-83.198031,40.100599],[-83.198052,40.100796],[-83.198072,40.100795],[-83.198086,40.100920],[-83.198068,40.100921],[-83.198089,40.101117],[-83.200918,40.100937],[-83.200897,40.100739],[-83.200874,40.100741],[-83.200860,40.100613],[-83.200880,40.100612],[-83.200859,40.100417],[-83.198031,40.100599]]]}},{"type":"Feature","properties":{"id":"01154503133","t":"building","op":"Amazon Web Services","nm":"Amazon Web Services","st":"OH","co":"Franklin County","sqft":131786,"lat":40.099787,"lon":-83.19926},"geometry":{"type":"Polygon","coordinates":[[[-83.198176,40.099549],[-83.198224,40.099984],[-83.198196,40.099986],[-83.198215,40.100158],[-83.200352,40.100020],[-83.200285,40.099414],[-83.198176,40.099549]]]}},{"type":"Feature","properties":{"id":"01154636644","t":"building","op":"NTT","nm":"NTT Chicago CH1","st":"IL","co":"DuPage County","sqft":113535,"lat":41.987919,"lon":-88.007265},"geometry":{"type":"Polygon","coordinates":[[[-88.008406,41.988275],[-88.008418,41.987667],[-88.008042,41.987660],[-88.008042,41.987693],[-88.007575,41.987689],[-88.007575,41.987660],[-88.007397,41.987658],[-88.007397,41.987691],[-88.006876,41.987685],[-88.006877,41.987654],[-88.006701,41.987654],[-88.006701,41.987685],[-88.006203,41.987681],[-88.006203,41.987649],[-88.006026,41.987648],[-88.006025,41.987688],[-88.006038,41.987688],[-88.006034,41.988132],[-88.008094,41.988149],[-88.008092,41.988273],[-88.008406,41.988275]]]}},{"type":"Feature","properties":{"id":"01157356188","t":"building","op":"West Wisconsin Telcom","nm":null,"st":"WI","co":"Dunn County","sqft":3368,"lat":44.877165,"lon":-91.919999},"geometry":{"type":"Polygon","coordinates":[[[-91.919913,44.877059],[-91.919916,44.877208],[-91.919917,44.877272],[-91.919999,44.877271],[-91.920084,44.877270],[-91.920080,44.877057],[-91.919913,44.877059]]]}},{"type":"Feature","properties":{"id":"01160688107","t":"building","op":"CoreSite","nm":"CoreSite SV7","st":"CA","co":"Santa Clara County","sqft":60989,"lat":37.376079,"lon":-121.973057},"geometry":{"type":"Polygon","coordinates":[[[-121.972771,37.376595],[-121.973325,37.376601],[-121.973342,37.375561],[-121.972787,37.375556],[-121.972771,37.376595]]]}},{"type":"Feature","properties":{"id":"01160814413","t":"building","op":"Meta","nm":"Meta Huntsville Data center","st":"AL","co":"Madison County","sqft":578342,"lat":34.847334,"lon":-86.626919},"geometry":{"type":"Polygon","coordinates":[[[-86.628942,34.848220],[-86.628931,34.847599],[-86.626708,34.847624],[-86.626698,34.847030],[-86.628999,34.847004],[-86.628988,34.846381],[-86.624997,34.846426],[-86.625007,34.847032],[-86.626273,34.847018],[-86.626283,34.847604],[-86.624838,34.847620],[-86.624849,34.848265],[-86.628942,34.848220]]]}},{"type":"Feature","properties":{"id":"01160814415","t":"building","op":"Meta","nm":"Meta Huntsville Data center","st":"AL","co":"Madison County","sqft":352651,"lat":34.843182,"lon":-86.628866},"geometry":{"type":"Polygon","coordinates":[[[-86.630918,34.842705],[-86.626789,34.842724],[-86.626793,34.843350],[-86.628557,34.843342],[-86.628563,34.844258],[-86.629272,34.844255],[-86.629266,34.843335],[-86.630922,34.843328],[-86.630918,34.842705]]]}},{"type":"Feature","properties":{"id":"01160814416","t":"building","op":"Meta","nm":"Meta Huntsville Data center","st":"AL","co":"Madison County","sqft":857148,"lat":34.840432,"lon":-86.628841},"geometry":{"type":"Polygon","coordinates":[[[-86.630904,34.841780],[-86.630889,34.840949],[-86.629259,34.840969],[-86.629240,34.839958],[-86.630917,34.839938],[-86.630901,34.839051],[-86.626733,34.839101],[-86.626748,34.839943],[-86.628503,34.839922],[-86.628521,34.840934],[-86.62679,34.840955],[-86.626805,34.841830],[-86.630904,34.841780]]]}},{"type":"Feature","properties":{"id":"01161094246","t":"building","op":"Amazon Web Services","nm":"Amazon Web Services","st":"VA","co":"Loudoun County","sqft":129566,"lat":38.979147,"lon":-77.419905},"geometry":{"type":"Polygon","coordinates":[[[-77.418861,38.979473],[-77.420954,38.979422],[-77.420930,38.978820],[-77.418860,38.978870],[-77.418878,38.979314],[-77.418855,38.979314],[-77.418861,38.979473]]]}},{"type":"Feature","properties":{"id":"01173537116","t":"building","op":"Microsoft","nm":"Microsoft EAT03","st":"WA","co":"Douglas County","sqft":235418,"lat":47.418324,"lon":-120.20771},"geometry":{"type":"Polygon","coordinates":[[[-120.210245,47.418077],[-120.205179,47.418056],[-120.205174,47.418570],[-120.210240,47.418591],[-120.210245,47.418077]]]}},{"type":"Feature","properties":{"id":"01173537117","t":"building","op":"Microsoft","nm":"Microsoft EAT04","st":"WA","co":"Douglas County","sqft":234834,"lat":47.419637,"lon":-120.213821},"geometry":{"type":"Polygon","coordinates":[[[-120.216337,47.419397],[-120.211288,47.419359],[-120.211302,47.419873],[-120.216337,47.419916],[-120.216337,47.419397]]]}},{"type":"Feature","properties":{"id":"01173569101","t":"building","op":"Microsoft","nm":"Microsoft","st":"IA","co":"Dallas County","sqft":250486,"lat":41.53499,"lon":-93.863444},"geometry":{"type":"Polygon","coordinates":[[[-93.865781,41.535262],[-93.865782,41.534726],[-93.861107,41.534717],[-93.861106,41.535254],[-93.865781,41.535262]]]}},{"type":"Feature","properties":{"id":"01173770902","t":"building","op":"Google","nm":"Google: Arcola 2","st":"VA","co":"Loudoun County","sqft":289889,"lat":38.941821,"lon":-77.527429},"geometry":{"type":"Polygon","coordinates":[[[-77.529092,38.941574],[-77.529003,38.941474],[-77.528984,38.941484],[-77.528793,38.941268],[-77.528810,38.941259],[-77.528723,38.941161],[-77.528708,38.941168],[-77.528439,38.940866],[-77.528460,38.940855],[-77.528362,38.940745],[-77.528321,38.940767],[-77.528336,38.940785],[-77.525809,38.942145],[-77.526461,38.942877],[-77.528666,38.941690],[-77.528722,38.941753],[-77.529040,38.941581],[-77.529053,38.941596],[-77.529092,38.941574]]]}},{"type":"Feature","properties":{"id":"01173822721","t":"building","op":null,"nm":"EAT14","st":"WA","co":"Chelan County","sqft":241836,"lat":47.359497,"lon":-120.160091},"geometry":{"type":"Polygon","coordinates":[[[-120.162448,47.358732],[-120.157507,47.359766],[-120.157732,47.360260],[-120.162674,47.359227],[-120.162448,47.358732]]]}},{"type":"Feature","properties":{"id":"01173822722","t":"building","op":null,"nm":"EAT13","st":"WA","co":"Chelan County","sqft":232237,"lat":47.358426,"lon":-120.159976},"geometry":{"type":"Polygon","coordinates":[[[-120.162352,47.357671],[-120.157384,47.358707],[-120.157599,47.359179],[-120.162566,47.358144],[-120.162352,47.357671]]]}},{"type":"Feature","properties":{"id":"01173822723","t":"building","op":null,"nm":"EAT12","st":"WA","co":"Chelan County","sqft":248918,"lat":47.357433,"lon":-120.159546},"geometry":{"type":"Polygon","coordinates":[[[-120.161891,47.356654],[-120.156965,47.357702],[-120.157201,47.358211],[-120.162127,47.357163],[-120.161891,47.356654]]]}},{"type":"Feature","properties":{"id":"01177794153","t":"building","op":null,"nm":null,"st":"TX","co":"Dallas County","sqft":141788,"lat":32.894762,"lon":-96.981946},"geometry":{"type":"Polygon","coordinates":[[[-96.982840,32.894755],[-96.982317,32.894053],[-96.981035,32.894774],[-96.981129,32.894889],[-96.981507,32.895350],[-96.981603,32.895467],[-96.982840,32.894755]]]}},{"type":"Feature","properties":{"id":"01177893426","t":"building","op":"Amazon Web Services","nm":"Amazon IAD603","st":"VA","co":"Loudoun County","sqft":14733,"lat":38.981546,"lon":-77.419357},"geometry":{"type":"Polygon","coordinates":[[[-77.419700,38.981588],[-77.419145,38.981310],[-77.419021,38.981460],[-77.419135,38.981517],[-77.419102,38.981557],[-77.419543,38.981777],[-77.419700,38.981588]]]}},{"type":"Feature","properties":{"id":"01177975782","t":"building","op":null,"nm":null,"st":"WY","co":"Laramie County","sqft":29178,"lat":41.125399,"lon":-104.907516},"geometry":{"type":"Polygon","coordinates":[[[-104.908415,41.125283],[-104.908190,41.125283],[-104.908190,41.125338],[-104.907686,41.125337],[-104.907686,41.125282],[-104.907465,41.125282],[-104.907465,41.125338],[-104.906852,41.125337],[-104.906853,41.125253],[-104.906689,41.125253],[-104.906687,41.125552],[-104.906853,41.125552],[-104.906853,41.125475],[-104.908415,41.125478],[-104.908415,41.125283]]]}},{"type":"Feature","properties":{"id":"01177975783","t":"building","op":null,"nm":null,"st":"WY","co":"Laramie County","sqft":33657,"lat":41.12646,"lon":-104.899537},"geometry":{"type":"Polygon","coordinates":[[[-104.899733,41.126004],[-104.899380,41.126003],[-104.899379,41.126515],[-104.899298,41.126515],[-104.899298,41.126871],[-104.899732,41.126871],[-104.899733,41.126004]]]}},{"type":"Feature","properties":{"id":"01177975784","t":"building","op":null,"nm":null,"st":"WY","co":"Laramie County","sqft":51590,"lat":41.125411,"lon":-104.901978},"geometry":{"type":"Polygon","coordinates":[[[-104.902713,41.125237],[-104.901242,41.125234],[-104.901241,41.125584],[-104.902712,41.125586],[-104.902713,41.125237]]]}},{"type":"Feature","properties":{"id":"01177975788","t":"building","op":null,"nm":null,"st":"WY","co":"Laramie County","sqft":218419,"lat":41.122266,"lon":-104.908142},"geometry":{"type":"Polygon","coordinates":[[[-104.908429,41.120329],[-104.907868,41.120328],[-104.907855,41.124202],[-104.908416,41.124203],[-104.908429,41.120329]]]}},{"type":"Feature","properties":{"id":"01177975789","t":"building","op":null,"nm":null,"st":"WY","co":"Laramie County","sqft":216879,"lat":41.122246,"lon":-104.909517},"geometry":{"type":"Polygon","coordinates":[[[-104.909807,41.120332],[-104.909242,41.120331],[-104.909226,41.124159],[-104.909791,41.124161],[-104.909807,41.120332]]]}},{"type":"Feature","properties":{"id":"01178609569","t":"building","op":"Flexential","nm":"Flexential Philadelphia - Collegeville","st":"PA","co":"Montgomery County","sqft":110941,"lat":40.15222,"lon":-75.477629},"geometry":{"type":"Polygon","coordinates":[[[-75.478450,40.152529],[-75.478320,40.151804],[-75.477191,40.151922],[-75.477168,40.151791],[-75.476889,40.151823],[-75.476893,40.151845],[-75.476785,40.151854],[-75.476800,40.151930],[-75.476819,40.151929],[-75.476826,40.151968],[-75.476888,40.151965],[-75.476980,40.152502],[-75.476913,40.152507],[-75.476943,40.152682],[-75.477156,40.152660],[-75.477589,40.152618],[-75.477571,40.152507],[-75.477842,40.152481],[-75.477858,40.152589],[-75.478450,40.152529]]]}},{"type":"Feature","properties":{"id":"01181391920","t":"building","op":"Amazon Web Services","nm":"Amazon IAD86","st":"VA","co":"Loudoun County","sqft":150112,"lat":38.917256,"lon":-77.495674},"geometry":{"type":"Polygon","coordinates":[[[-77.495912,38.918345],[-77.496109,38.916204],[-77.495436,38.916167],[-77.495238,38.918307],[-77.495912,38.918345]]]}},{"type":"Feature","properties":{"id":"01181391921","t":"building","op":"Amazon Web Services","nm":"Amazon IAD130","st":"VA","co":"Prince William County","sqft":103128,"lat":38.760361,"lon":-77.519302},"geometry":{"type":"Polygon","coordinates":[[[-77.520154,38.760690],[-77.518993,38.759658],[-77.518449,38.760030],[-77.519610,38.761062],[-77.520154,38.760690]]]}},{"type":"Feature","properties":{"id":"01181391922","t":"building","op":"Amazon Web Services","nm":"Amazon IAD131","st":"VA","co":"Prince William County","sqft":104697,"lat":38.761105,"lon":-77.518221},"geometry":{"type":"Polygon","coordinates":[[[-77.519078,38.761440],[-77.517912,38.760396],[-77.517363,38.760769],[-77.518529,38.761813],[-77.519078,38.761440]]]}},{"type":"Feature","properties":{"id":"01184066765","t":"building","op":"Meta","nm":"Meta Data Center","st":"MO","co":"Clay County","sqft":615937,"lat":39.322651,"lon":-94.598064},"geometry":{"type":"Polygon","coordinates":[[[-94.599255,39.320931],[-94.598520,39.320927],[-94.598489,39.322453],[-94.598324,39.322458],[-94.598320,39.322364],[-94.59788,39.322369],[-94.597874,39.322459],[-94.597728,39.322457],[-94.597730,39.320932],[-94.596903,39.320933],[-94.596885,39.324329],[-94.597730,39.324327],[-94.597744,39.323134],[-94.598528,39.323135],[-94.598481,39.324329],[-94.599264,39.324329],[-94.599255,39.320931]]]}},{"type":"Feature","properties":{"id":"01188680247","t":"building","op":"Quality Technology Services","nm":"QTS Ashburn-Shellhorn DC2","st":"VA","co":"Loudoun County","sqft":152471,"lat":38.998772,"lon":-77.474264},"geometry":{"type":"Polygon","coordinates":[[[-77.475313,38.999402],[-77.475199,38.999243],[-77.474984,38.999336],[-77.473849,38.997749],[-77.473995,38.997686],[-77.473921,38.997583],[-77.473277,38.997861],[-77.473333,38.997939],[-77.473296,38.997955],[-77.474595,38.999769],[-77.474636,38.999752],[-77.474696,38.999836],[-77.475066,38.999676],[-77.475074,38.999687],[-77.475374,38.999558],[-77.475275,38.999418],[-77.475313,38.999402]]]}},{"type":"Feature","properties":{"id":"01188680253","t":"building","op":"Quality Technology Services","nm":"QTS Ashburn Lockridge","st":"VA","co":"Loudoun County","sqft":153253,"lat":38.995355,"lon":-77.455183},"geometry":{"type":"Polygon","coordinates":[[[-77.455024,38.996346],[-77.455071,38.996345],[-77.455096,38.996482],[-77.455512,38.996435],[-77.455515,38.996451],[-77.455851,38.996417],[-77.455824,38.996256],[-77.455871,38.996251],[-77.455834,38.996028],[-77.455572,38.996060],[-77.455262,38.994261],[-77.455437,38.994243],[-77.455418,38.994131],[-77.454692,38.994205],[-77.454709,38.994295],[-77.454656,38.994299],[-77.455024,38.996346]]]}},{"type":"Feature","properties":{"id":"01188680254","t":"building","op":"Quality Technology Services","nm":"QTS Ashburn Lockridge","st":"VA","co":"Loudoun County","sqft":135570,"lat":38.995199,"lon":-77.456888},"geometry":{"type":"Polygon","coordinates":[[[-77.457375,38.996036],[-77.457039,38.994163],[-77.456925,38.994176],[-77.456917,38.994130],[-77.456262,38.994201],[-77.456282,38.994313],[-77.456457,38.994294],[-77.456740,38.995868],[-77.456484,38.995896],[-77.456516,38.996076],[-77.456563,38.996071],[-77.456592,38.996231],[-77.456927,38.996195],[-77.456924,38.996179],[-77.457339,38.996134],[-77.457322,38.996042],[-77.457375,38.996036]]]}},{"type":"Feature","properties":{"id":"01188680255","t":"building","op":"Amazon Web Services","nm":"Amazon IAD192","st":"VA","co":"Loudoun County","sqft":132942,"lat":38.989554,"lon":-77.434801},"geometry":{"type":"Polygon","coordinates":[[[-77.435558,38.988911],[-77.434828,38.988682],[-77.434044,38.990189],[-77.434573,38.990355],[-77.434563,38.990374],[-77.434765,38.990437],[-77.435558,38.988911]]]}},{"type":"Feature","properties":{"id":"01188691867","t":"building","op":null,"nm":null,"st":"VA","co":"Loudoun County","sqft":91264,"lat":39.017102,"lon":-77.473267},"geometry":{"type":"Polygon","coordinates":[[[-77.474090,39.017257],[-77.472933,39.016461],[-77.472798,39.016579],[-77.472883,39.016637],[-77.472585,39.016899],[-77.472738,39.017004],[-77.472660,39.017072],[-77.472694,39.017095],[-77.472633,39.017148],[-77.473326,39.017624],[-77.473386,39.017571],[-77.473417,39.017592],[-77.473494,39.017524],[-77.473622,39.017612],[-77.473985,39.017293],[-77.474021,39.017317],[-77.474090,39.017257]]]}},{"type":"Feature","properties":{"id":"01188691868","t":"building","op":"NTT","nm":"NTT Ashburn VA8 Data Centre","st":"VA","co":"Loudoun County","sqft":111241,"lat":39.02019,"lon":-77.475531},"geometry":{"type":"Polygon","coordinates":[[[-77.476329,39.020620],[-77.476483,39.020029],[-77.474761,39.019758],[-77.474662,39.020137],[-77.474590,39.020126],[-77.474535,39.020338],[-77.476329,39.020620]]]}},{"type":"Feature","properties":{"id":"01188691869","t":"building","op":"Databank","nm":"DataBank Ashburn IAD3","st":"VA","co":"Loudoun County","sqft":146234,"lat":39.017878,"lon":-77.481828},"geometry":{"type":"Polygon","coordinates":[[[-77.482483,39.017623],[-77.482546,39.017296],[-77.482502,39.017292],[-77.482503,39.017203],[-77.482146,39.017185],[-77.482145,39.017242],[-77.481645,39.017184],[-77.481613,39.017352],[-77.481412,39.017329],[-77.481346,39.017671],[-77.481399,39.017678],[-77.481346,39.017957],[-77.481274,39.017949],[-77.481251,39.018070],[-77.481178,39.018061],[-77.481090,39.018519],[-77.481994,39.018624],[-77.482042,39.018375],[-77.482113,39.018383],[-77.482168,39.018097],[-77.482240,39.018105],[-77.482254,39.018024],[-77.482426,39.018036],[-77.482463,39.017618],[-77.482483,39.017623]]]}},{"type":"Feature","properties":{"id":"01188715508","t":"building","op":"PowerHouse","nm":"PowerHouse ABX-1","st":"VA","co":"Loudoun County","sqft":131309,"lat":39.019578,"lon":-77.450465},"geometry":{"type":"Polygon","coordinates":[[[-77.451550,39.019538],[-77.451233,39.019007],[-77.451106,39.019053],[-77.451078,39.019006],[-77.449422,39.019602],[-77.449446,39.019641],[-77.449363,39.019671],[-77.449519,39.019932],[-77.449552,39.019920],[-77.449579,39.019965],[-77.449620,39.019950],[-77.449681,39.020053],[-77.449785,39.020015],[-77.449806,39.020050],[-77.449879,39.020023],[-77.449979,39.020191],[-77.450200,39.020111],[-77.450157,39.020039],[-77.451550,39.019538]]]}},{"type":"Feature","properties":{"id":"01188715510","t":"building","op":null,"nm":null,"st":"VA","co":"Loudoun County","sqft":158127,"lat":39.017948,"lon":-77.459474},"geometry":{"type":"Polygon","coordinates":[[[-77.460774,39.018295],[-77.460790,39.018144],[-77.460910,39.018152],[-77.460951,39.017771],[-77.459538,39.017681],[-77.459546,39.017604],[-77.459498,39.017601],[-77.459490,39.017678],[-77.458389,39.017608],[-77.458393,39.017570],[-77.458155,39.017555],[-77.458081,39.018249],[-77.458320,39.018264],[-77.458333,39.018140],[-77.459434,39.018210],[-77.459425,39.018291],[-77.459473,39.018294],[-77.459481,39.018213],[-77.460774,39.018295]]]}},{"type":"Feature","properties":{"id":"01191496040","t":"building","op":"Meta","nm":"Meta","st":"NM","co":"Valencia County","sqft":588490,"lat":34.82584,"lon":-106.778889},"geometry":{"type":"Polygon","coordinates":[[[-106.777820,34.827559],[-106.778513,34.827555],[-106.778500,34.826007],[-106.779267,34.826002],[-106.779280,34.827554],[-106.779995,34.827550],[-106.779965,34.824241],[-106.779241,34.824246],[-106.77925,34.825170],[-106.778548,34.825174],[-106.778540,34.824200],[-106.777791,34.824204],[-106.777820,34.827559]]]}},{"type":"Feature","properties":{"id":"01193914601","t":"building","op":null,"nm":null,"st":"WA","co":"Grant County","sqft":280235,"lat":47.244811,"lon":-119.817984},"geometry":{"type":"Polygon","coordinates":[[[-119.818986,47.245269],[-119.818987,47.244446],[-119.818546,47.244442],[-119.818557,47.243544],[-119.817229,47.243543],[-119.817217,47.244608],[-119.818565,47.244620],[-119.818567,47.245096],[-119.817215,47.245087],[-119.817202,47.246081],[-119.818540,47.246081],[-119.818541,47.245264],[-119.818986,47.245269]]]}},{"type":"Feature","properties":{"id":"01193914602","t":"building","op":null,"nm":null,"st":"WA","co":"Grant County","sqft":147278,"lat":47.244276,"lon":-119.814813},"geometry":{"type":"Polygon","coordinates":[[[-119.815856,47.244598],[-119.815849,47.243887],[-119.813756,47.243883],[-119.813770,47.244586],[-119.814128,47.244591],[-119.814128,47.244693],[-119.815570,47.244696],[-119.815573,47.244595],[-119.815856,47.244598]]]}},{"type":"Feature","properties":{"id":"01202051225","t":"building","op":null,"nm":"Lightedge Des Moines 2","st":"IA","co":"Polk County","sqft":56626,"lat":41.666799,"lon":-93.455955},"geometry":{"type":"Polygon","coordinates":[[[-93.456451,41.666443],[-93.455703,41.666444],[-93.455702,41.666773],[-93.455428,41.666775],[-93.455425,41.667184],[-93.455892,41.667181],[-93.455896,41.667012],[-93.456086,41.667034],[-93.456175,41.667032],[-93.456265,41.667021],[-93.456332,41.666993],[-93.456382,41.666960],[-93.456441,41.666901],[-93.456461,41.666837],[-93.456456,41.666773],[-93.456448,41.666696],[-93.456451,41.666443]]]}},{"type":"Feature","properties":{"id":"01210199365","t":"building","op":null,"nm":null,"st":"NV","co":"Washoe County","sqft":89816,"lat":39.569711,"lon":-119.537859},"geometry":{"type":"Polygon","coordinates":[[[-119.537143,39.569433],[-119.537876,39.570328],[-119.538575,39.569988],[-119.537843,39.569093],[-119.537143,39.569433]]]}},{"type":"Feature","properties":{"id":"01210199366","t":"building","op":null,"nm":null,"st":"NV","co":"Washoe County","sqft":89816,"lat":39.570053,"lon":-119.537092},"geometry":{"type":"Polygon","coordinates":[[[-119.536375,39.569775],[-119.537108,39.570670],[-119.537807,39.570330],[-119.537075,39.569435],[-119.536375,39.569775]]]}},{"type":"Feature","properties":{"id":"01210199367","t":"building","op":null,"nm":null,"st":"NV","co":"Washoe County","sqft":89821,"lat":39.570592,"lon":-119.536034},"geometry":{"type":"Polygon","coordinates":[[[-119.535318,39.570314],[-119.536051,39.571209],[-119.536749,39.570869],[-119.536017,39.569974],[-119.535318,39.570314]]]}},{"type":"Feature","properties":{"id":"01210199368","t":"building","op":null,"nm":null,"st":"NV","co":"Washoe County","sqft":89824,"lat":39.570986,"lon":-119.535318},"geometry":{"type":"Polygon","coordinates":[[[-119.534601,39.570708],[-119.535334,39.571603],[-119.536033,39.571263],[-119.535301,39.570368],[-119.534601,39.570708]]]}},{"type":"Feature","properties":{"id":"01210421871","t":"building","op":null,"nm":"Carrier Services Group","st":"OH","co":"Mahoning County","sqft":75379,"lat":41.04106,"lon":-80.63309},"geometry":{"type":"Polygon","coordinates":[[[-80.632536,41.040722],[-80.63253,41.041080],[-80.632495,41.041080],[-80.632493,41.041203],[-80.632528,41.041205],[-80.632525,41.041384],[-80.633652,41.041395],[-80.633663,41.040734],[-80.632536,41.040722]]]}},{"type":"Feature","properties":{"id":"01210515186","t":"building","op":"Flexential","nm":"Flexential Nashville - Cool Springs","st":"TN","co":"Williamson County","sqft":69261,"lat":35.951041,"lon":-86.833381},"geometry":{"type":"Polygon","coordinates":[[[-86.834375,35.950838],[-86.834209,35.950549],[-86.832483,35.951201],[-86.832436,35.951396],[-86.832519,35.951540],[-86.834375,35.950838]]]}},{"type":"Feature","properties":{"id":"01211362828","t":"building","op":null,"nm":null,"st":"WI","co":"Columbia County","sqft":361,"lat":43.638333,"lon":-89.721403},"geometry":{"type":"Polygon","coordinates":[[[-89.721451,43.638344],[-89.721413,43.638297],[-89.721354,43.638321],[-89.721393,43.638369],[-89.721451,43.638344]]]}},{"type":"Feature","properties":{"id":"01217649348","t":"building","op":"Aligned","nm":"Aligned Data Center - Chicago ORD-01","st":"IL","co":"Cook County","sqft":194551,"lat":41.913983,"lon":-87.917465},"geometry":{"type":"Polygon","coordinates":[[[-87.919035,41.913661],[-87.915997,41.913653],[-87.916003,41.914235],[-87.916115,41.914237],[-87.916138,41.914347],[-87.91785,41.914353],[-87.917843,41.914243],[-87.919022,41.914249],[-87.919035,41.913661]]]}},{"type":"Feature","properties":{"id":"01217649350","t":"building","op":"Aligned","nm":"Aligned Data Center - Chicago ORD-02","st":"IL","co":"Cook County","sqft":111422,"lat":41.912962,"lon":-87.917492},"geometry":{"type":"Polygon","coordinates":[[[-87.916501,41.913249],[-87.918322,41.913246],[-87.918321,41.913073],[-87.918679,41.913072],[-87.918678,41.912838],[-87.918324,41.912839],[-87.918323,41.912675],[-87.916499,41.912679],[-87.916501,41.913249]]]}},{"type":"Feature","properties":{"id":"01219083552","t":"building","op":null,"nm":null,"st":"IL","co":"Cook County","sqft":110471,"lat":42.023143,"lon":-87.972186},"geometry":{"type":"Polygon","coordinates":[[[-87.973226,42.022878],[-87.971149,42.022870],[-87.971145,42.023407],[-87.973222,42.023416],[-87.973226,42.022878]]]}},{"type":"Feature","properties":{"id":"01219083554","t":"building","op":"T5 Data Centers","nm":"T5 Chicago II","st":"IL","co":"Cook County","sqft":163237,"lat":42.023042,"lon":-87.975557},"geometry":{"type":"Polygon","coordinates":[[[-87.977001,42.022763],[-87.974117,42.022749],[-87.974112,42.023320],[-87.976996,42.023335],[-87.977001,42.022763]]]}},{"type":"Feature","properties":{"id":"01221574918","t":"building","op":null,"nm":"Cortex supercomputer","st":"TX","co":"Travis County","sqft":427833,"lat":30.215399,"lon":-97.61896},"geometry":{"type":"Polygon","coordinates":[[[-97.617128,30.216360],[-97.617824,30.215784],[-97.619040,30.215810],[-97.619374,30.215817],[-97.619693,30.215824],[-97.620073,30.215836],[-97.620081,30.215844],[-97.620527,30.216249],[-97.620749,30.216451],[-97.620745,30.216261],[-97.620724,30.215403],[-97.620221,30.214817],[-97.619976,30.214809],[-97.618994,30.214780],[-97.618017,30.214750],[-97.617840,30.214745],[-97.617193,30.215267],[-97.617146,30.216062],[-97.617128,30.216360]]]}},{"type":"Feature","properties":{"id":"01221862807","t":"building","op":"Amazon Web Services","nm":"AWS IAD106","st":"VA","co":"Prince William County","sqft":205206,"lat":38.746975,"lon":-77.518528},"geometry":{"type":"Polygon","coordinates":[[[-77.519904,38.746107],[-77.519297,38.745749],[-77.518302,38.746712],[-77.518470,38.746823],[-77.518266,38.746974],[-77.518108,38.746899],[-77.517143,38.747878],[-77.517715,38.748208],[-77.519904,38.746107]]]}},{"type":"Feature","properties":{"id":"01222007663","t":"building","op":"Google","nm":"Google NBY-2","st":"OH","co":"Licking County","sqft":138878,"lat":40.059633,"lon":-82.764527},"geometry":{"type":"Polygon","coordinates":[[[-82.765126,40.060199],[-82.765207,40.059139],[-82.763848,40.059078],[-82.763828,40.059343],[-82.763933,40.059348],[-82.763872,40.060143],[-82.765126,40.060199]]]}},{"type":"Feature","properties":{"id":"01222134968","t":"building","op":"Amazon Web Services","nm":"Amazon Web Services","st":"VA","co":"Loudoun County","sqft":14235,"lat":38.949135,"lon":-77.52358},"geometry":{"type":"Polygon","coordinates":[[[-77.523864,38.948970],[-77.523725,38.949017],[-77.523693,38.948968],[-77.523239,38.949126],[-77.523270,38.949175],[-77.523256,38.949180],[-77.523342,38.949329],[-77.523948,38.949125],[-77.523864,38.948970]]]}},{"type":"Feature","properties":{"id":"01226436454","t":"building","op":null,"nm":null,"st":"IA","co":"Pottawattamie County","sqft":117949,"lat":41.212099,"lon":-95.877914},"geometry":{"type":"Polygon","coordinates":[[[-95.878825,41.211866],[-95.87862,41.211864],[-95.878622,41.211750],[-95.877269,41.211736],[-95.877266,41.211866],[-95.876970,41.211863],[-95.876963,41.212240],[-95.877257,41.212243],[-95.877253,41.212463],[-95.878604,41.212478],[-95.878608,41.212258],[-95.878818,41.212260],[-95.878825,41.211866]]]}},{"type":"Feature","properties":{"id":"01226439731","t":"building","op":"Amazon Web Services","nm":"Amazon Web Services","st":"OR","co":"Morrow County","sqft":213843,"lat":45.836184,"lon":-119.694048},"geometry":{"type":"Polygon","coordinates":[[[-119.696069,45.836319],[-119.695966,45.835727],[-119.692040,45.836057],[-119.692144,45.836656],[-119.693915,45.836507],[-119.693886,45.836340],[-119.694304,45.836305],[-119.694331,45.836465],[-119.696069,45.836319]]]}},{"type":"Feature","properties":{"id":"01227550179","t":"building","op":null,"nm":"Novartis","st":"TX","co":"Tarrant County","sqft":42691,"lat":32.651234,"lon":-97.319709},"geometry":{"type":"Polygon","coordinates":[[[-97.320212,32.651062],[-97.320044,32.651061],[-97.320045,32.650983],[-97.319883,32.650981],[-97.319882,32.651043],[-97.319352,32.651039],[-97.319350,32.651173],[-97.319135,32.651171],[-97.319133,32.651412],[-97.320208,32.651420],[-97.320212,32.651062]]]}},{"type":"Feature","properties":{"id":"01227604493","t":"building","op":"Equinix","nm":"Equinix SV11","st":"CA","co":"Santa Clara County","sqft":76977,"lat":37.242605,"lon":-121.783999},"geometry":{"type":"Polygon","coordinates":[[[-121.784427,37.241858],[-121.783570,37.242761],[-121.783192,37.243160],[-121.783538,37.243371],[-121.784657,37.242191],[-121.784731,37.242235],[-121.784851,37.242111],[-121.784427,37.241858]]]}},{"type":"Feature","properties":{"id":"01227612684","t":"building","op":"Amazon Web Services","nm":"Amazon IAD103","st":"VA","co":"Prince William County","sqft":141914,"lat":38.736984,"lon":-77.504075},"geometry":{"type":"Polygon","coordinates":[[[-77.503587,38.736059],[-77.503010,38.736445],[-77.504622,38.737909],[-77.505165,38.737546],[-77.504492,38.736935],[-77.504345,38.737033],[-77.504198,38.736899],[-77.504245,38.736867],[-77.504140,38.736771],[-77.504273,38.736683],[-77.503587,38.736059]]]}},{"type":"Feature","properties":{"id":"01227614670","t":"building","op":"CloudHQ","nm":"CloudHQ MCC3","st":"VA","co":"Prince William County","sqft":122891,"lat":38.71497,"lon":-77.495128},"geometry":{"type":"Polygon","coordinates":[[[-77.495904,38.714597],[-77.495462,38.714415],[-77.495372,38.714548],[-77.49494,38.714371],[-77.494917,38.714403],[-77.494870,38.714384],[-77.494321,38.715197],[-77.494348,38.715208],[-77.494328,38.715238],[-77.495358,38.715663],[-77.495466,38.715503],[-77.495373,38.715465],[-77.495761,38.714891],[-77.495818,38.714914],[-77.495918,38.714767],[-77.495817,38.714726],[-77.495904,38.714597]]]}},{"type":"Feature","properties":{"id":"01227682824","t":"building","op":null,"nm":"CyrusOne PHX8","st":"AZ","co":"Maricopa County","sqft":138766,"lat":33.266344,"lon":-111.88329},"geometry":{"type":"Polygon","coordinates":[[[-111.882593,33.265853],[-111.882604,33.266848],[-111.882726,33.266847],[-111.882726,33.266791],[-111.883676,33.266784],[-111.883677,33.266848],[-111.883846,33.266847],[-111.883845,33.266802],[-111.884014,33.266801],[-111.88401,33.266417],[-111.883788,33.266419],[-111.883786,33.266224],[-111.883980,33.266222],[-111.883975,33.265806],[-111.883673,33.265809],[-111.883674,33.265901],[-111.882692,33.265909],[-111.882691,33.265852],[-111.882593,33.265853]]]}},{"type":"Feature","properties":{"id":"01227684019","t":"building","op":null,"nm":"CyrusOne PHX3","st":"AZ","co":"Maricopa County","sqft":107618,"lat":33.271968,"lon":-111.881627},"geometry":{"type":"Polygon","coordinates":[[[-111.882449,33.271580],[-111.882411,33.271581],[-111.882264,33.271582],[-111.882265,33.271697],[-111.881043,33.271709],[-111.881042,33.271654],[-111.880905,33.271655],[-111.880904,33.271561],[-111.880799,33.271562],[-111.880808,33.272271],[-111.882454,33.272256],[-111.882449,33.271580]]]}},{"type":"Feature","properties":{"id":"01227684020","t":"building","op":null,"nm":"CyrusOne PHX4","st":"AZ","co":"Maricopa County","sqft":108957,"lat":33.271937,"lon":-111.883282},"geometry":{"type":"Polygon","coordinates":[[[-111.882449,33.271580],[-111.882454,33.272256],[-111.884075,33.272241],[-111.884069,33.271771],[-111.88403,33.271771],[-111.884024,33.271362],[-111.883844,33.271364],[-111.883844,33.271383],[-111.883849,33.271686],[-111.882651,33.271698],[-111.882650,33.271578],[-111.882449,33.271580]]]}},{"type":"Feature","properties":{"id":"01227777116","t":"building","op":"Vantage Data Centers","nm":"Vantage VA13","st":"VA","co":"Loudoun County","sqft":261859,"lat":39.003108,"lon":-77.439851},"geometry":{"type":"Polygon","coordinates":[[[-77.439287,39.002319],[-77.438612,39.003316],[-77.439429,39.003650],[-77.439321,39.003808],[-77.439979,39.004077],[-77.440075,39.003937],[-77.440192,39.003985],[-77.441093,39.002656],[-77.440427,39.002383],[-77.440317,39.002545],[-77.439806,39.002336],[-77.439703,39.002489],[-77.439287,39.002319]]]}},{"type":"Feature","properties":{"id":"01227883682","t":"building","op":null,"nm":"Lightedge Des Moines 1","st":"IA","co":"Polk County","sqft":30078,"lat":41.667657,"lon":-93.455482},"geometry":{"type":"Polygon","coordinates":[[[-93.455972,41.667611],[-93.455717,41.667337],[-93.455465,41.667468],[-93.455391,41.667388],[-93.455316,41.667426],[-93.455394,41.667510],[-93.454995,41.667717],[-93.455247,41.667988],[-93.455972,41.667611]]]}},{"type":"Feature","properties":{"id":"01235150788","t":"building","op":"Yahoo","nm":"Yahoo","st":"NE","co":"Sarpy County","sqft":237691,"lat":41.1805,"lon":-96.084899},"geometry":{"type":"Polygon","coordinates":[[[-96.086208,41.180531],[-96.084426,41.179579],[-96.083602,41.180472],[-96.085346,41.181418],[-96.086208,41.180531]]]}},{"type":"Feature","properties":{"id":"01235255415","t":"building","op":"CenturyLink","nm":null,"st":"NM","co":"Do\u00f1a Ana County","sqft":31837,"lat":32.309655,"lon":-106.729171},"geometry":{"type":"Polygon","coordinates":[[[-106.729486,32.309668],[-106.729351,32.309366],[-106.729053,32.309450],[-106.729028,32.309405],[-106.728867,32.309457],[-106.728878,32.309493],[-106.728798,32.309522],[-106.728997,32.309965],[-106.729586,32.309768],[-106.729537,32.309653],[-106.729486,32.309668]]]}},{"type":"Feature","properties":{"id":"01235846520","t":"building","op":"Verizon","nm":"Verizon North Las Vegas","st":"NV","co":"Clark County","sqft":25096,"lat":36.221893,"lon":-115.147055},"geometry":{"type":"Polygon","coordinates":[[[-115.147399,36.222065],[-115.147390,36.221716],[-115.146808,36.221725],[-115.146809,36.221748],[-115.146694,36.221750],[-115.146701,36.222059],[-115.146811,36.222057],[-115.146811,36.222042],[-115.146972,36.222040],[-115.146973,36.222072],[-115.147399,36.222065]]]}},{"type":"Feature","properties":{"id":"01237493975","t":"building","op":"Google","nm":"Google","st":"NE","co":"Sarpy County","sqft":292941,"lat":41.13492,"lon":-96.144073},"geometry":{"type":"Polygon","coordinates":[[[-96.145667,41.135372],[-96.145685,41.134470],[-96.142479,41.134457],[-96.142485,41.135381],[-96.145667,41.135372]]]}},{"type":"Feature","properties":{"id":"01237494981","t":"building","op":"Google","nm":"Google","st":"NE","co":"Sarpy County","sqft":297438,"lat":41.134393,"lon":-96.155906},"geometry":{"type":"Polygon","coordinates":[[[-96.157507,41.134854],[-96.157494,41.133924],[-96.154300,41.133934],[-96.154318,41.134860],[-96.157507,41.134854]]]}},{"type":"Feature","properties":{"id":"01238705019","t":"building","op":null,"nm":"Involta Independence","st":"OH","co":"Cuyahoga County","sqft":26393,"lat":41.361062,"lon":-81.632805},"geometry":{"type":"Polygon","coordinates":[[[-81.633109,41.361215],[-81.633111,41.360749],[-81.632761,41.360749],[-81.632760,41.360994],[-81.632553,41.360994],[-81.632552,41.361057],[-81.632453,41.361057],[-81.632451,41.361392],[-81.632693,41.361392],[-81.632694,41.361169],[-81.632763,41.361169],[-81.632763,41.361214],[-81.633109,41.361215]]]}},{"type":"Feature","properties":{"id":"01238955720","t":"building","op":"Bloomberg","nm":"Bloomberg Data Center","st":"NY","co":"Rockland County","sqft":182539,"lat":41.03627,"lon":-73.987494},"geometry":{"type":"Polygon","coordinates":[[[-73.988910,41.036469],[-73.986646,41.035473],[-73.986362,41.035841],[-73.986608,41.035949],[-73.986341,41.036294],[-73.987711,41.036897],[-73.987918,41.036629],[-73.988566,41.036914],[-73.988910,41.036469]]]}},{"type":"Feature","properties":{"id":"01238955733","t":"building","op":"fifteenfortyseven Critical Systems Realty","nm":"fifteenfortyseven CSR ORNY1","st":"NY","co":"Rockland County","sqft":151516,"lat":41.034485,"lon":-73.975764},"geometry":{"type":"Polygon","coordinates":[[[-73.976608,41.034868],[-73.976531,41.034385],[-73.976709,41.034369],[-73.976666,41.034099],[-73.976498,41.034114],[-73.976475,41.033971],[-73.974863,41.034117],[-73.975005,41.035013],[-73.976608,41.034868]]]}},{"type":"Feature","properties":{"id":"01243089554","t":"building","op":"Stack Infrastructure","nm":"Stack Infrastructure Portland 3 Data Center -Bld POR3b","st":"OR","co":"Washington County","sqft":91092,"lat":45.554216,"lon":-122.939427},"geometry":{"type":"Polygon","coordinates":[[[-122.938663,45.554535],[-122.939566,45.554534],[-122.939566,45.554570],[-122.940013,45.554570],[-122.940029,45.554533],[-122.940149,45.554533],[-122.940148,45.553910],[-122.940044,45.553910],[-122.940044,45.553732],[-122.939892,45.553732],[-122.939892,45.553906],[-122.938662,45.553907],[-122.938663,45.554535]]]}},{"type":"Feature","properties":{"id":"01243089555","t":"building","op":"Stack Infrastructure","nm":"Stack Infrastructure Portland 3 Data Center -Bld POR3c","st":"OR","co":"Washington County","sqft":93274,"lat":45.554217,"lon":-122.940939},"geometry":{"type":"Polygon","coordinates":[[[-122.941697,45.554536],[-122.941698,45.554513],[-122.941702,45.553844],[-122.941372,45.553841],[-122.941371,45.553910],[-122.940148,45.553910],[-122.940149,45.554533],[-122.941463,45.554547],[-122.941463,45.554530],[-122.941697,45.554536]]]}},{"type":"Feature","properties":{"id":"01252196797","t":"building","op":"Amazon Web Services","nm":"Amazon Web Services","st":"VA","co":"Fairfax County","sqft":120946,"lat":38.904346,"lon":-77.452473},"geometry":{"type":"Polygon","coordinates":[[[-77.453340,38.903961],[-77.451549,38.904080],[-77.451607,38.904726],[-77.453388,38.904615],[-77.453340,38.903961]]]}},{"type":"Feature","properties":{"id":"01252196798","t":"building","op":"Amazon Web Services","nm":"Amazon Web Services","st":"VA","co":"Fairfax County","sqft":118988,"lat":38.904837,"lon":-77.45476},"geometry":{"type":"Polygon","coordinates":[[[-77.455752,38.904883],[-77.454155,38.904236],[-77.453748,38.904794],[-77.455410,38.905437],[-77.455752,38.904883]]]}},{"type":"Feature","properties":{"id":"01252196799","t":"building","op":"Amazon Web Services","nm":"Amazon Web Services","st":"VA","co":"Loudoun County","sqft":87645,"lat":38.915905,"lon":-77.490552},"geometry":{"type":"Polygon","coordinates":[[[-77.490605,38.916547],[-77.491172,38.915476],[-77.490501,38.915259],[-77.489929,38.916334],[-77.490605,38.916547]]]}},{"type":"Feature","properties":{"id":"01252196800","t":"building","op":"Amazon Web Services","nm":"Amazon Web Services","st":"VA","co":"Loudoun County","sqft":13879,"lat":38.91499,"lon":-77.490976},"geometry":{"type":"Polygon","coordinates":[[[-77.490794,38.914998],[-77.490770,38.915053],[-77.491187,38.915189],[-77.491310,38.914979],[-77.490714,38.914792],[-77.490638,38.914946],[-77.490794,38.914998]]]}},{"type":"Feature","properties":{"id":"01252196801","t":"building","op":"Amazon Web Services","nm":"Amazon Web Services CMH62","st":"OH","co":"Licking County","sqft":136329,"lat":40.092983,"lon":-82.747637},"geometry":{"type":"Polygon","coordinates":[[[-82.748826,40.093312],[-82.748840,40.093039],[-82.748869,40.092755],[-82.746451,40.092660],[-82.746385,40.093200],[-82.748826,40.093312]]]}},{"type":"Feature","properties":{"id":"01252196802","t":"building","op":"Amazon Web Services","nm":"Amazon Web Services","st":"OH","co":"Licking County","sqft":214329,"lat":40.09344,"lon":-82.73216},"geometry":{"type":"Polygon","coordinates":[[[-82.733926,40.093819],[-82.733981,40.093211],[-82.732363,40.093147],[-82.732349,40.093311],[-82.732130,40.093300],[-82.732126,40.093272],[-82.731981,40.093267],[-82.732006,40.093127],[-82.730389,40.093049],[-82.730352,40.093660],[-82.731937,40.093729],[-82.731944,40.093693],[-82.732327,40.093710],[-82.732319,40.093746],[-82.733926,40.093819]]]}},{"type":"Feature","properties":{"id":"01252196803","t":"building","op":"Amazon Web Services","nm":"Amazon Web Services","st":"OH","co":"Licking County","sqft":214261,"lat":40.092158,"lon":-82.727551},"geometry":{"type":"Polygon","coordinates":[[[-82.729358,40.091940],[-82.727758,40.091859],[-82.727758,40.091896],[-82.727383,40.091879],[-82.727379,40.091851],[-82.725787,40.091790],[-82.725736,40.092386],[-82.727354,40.092461],[-82.727368,40.092319],[-82.727733,40.092336],[-82.727722,40.092461],[-82.729314,40.092545],[-82.729358,40.091940]]]}},{"type":"Feature","properties":{"id":"01252196804","t":"building","op":"Amazon Web Services","nm":"Amazon Web Services","st":"OH","co":"Licking County","sqft":14223,"lat":40.092965,"lon":-82.726491},"geometry":{"type":"Polygon","coordinates":[[[-82.726845,40.093087],[-82.726861,40.092924],[-82.726648,40.092912],[-82.726661,40.092856],[-82.726169,40.092834],[-82.726160,40.093050],[-82.726845,40.093087]]]}},{"type":"Feature","properties":{"id":"01252196805","t":"building","op":"Amazon Web Services","nm":"Amazon Web Services","st":"OH","co":"Union County","sqft":218032,"lat":40.116259,"lon":-83.201391},"geometry":{"type":"Polygon","coordinates":[[[-83.202844,40.115414],[-83.201398,40.115924],[-83.201448,40.115962],[-83.201100,40.116093],[-83.201074,40.116040],[-83.199584,40.116539],[-83.199926,40.117107],[-83.201391,40.116593],[-83.201309,40.116467],[-83.201645,40.116355],[-83.201721,40.116491],[-83.203193,40.115982],[-83.202844,40.115414]]]}},{"type":"Feature","properties":{"id":"01252196806","t":"building","op":"Amazon Web Services","nm":null,"st":"OH","co":"Union County","sqft":213349,"lat":40.1174,"lon":-83.202082},"geometry":{"type":"Polygon","coordinates":[[[-83.203542,40.116549],[-83.202076,40.117068],[-83.202165,40.117223],[-83.201969,40.117296],[-83.201937,40.117248],[-83.201823,40.117301],[-83.201759,40.117185],[-83.200275,40.117684],[-83.200618,40.118232],[-83.202057,40.117742],[-83.202026,40.117704],[-83.202387,40.117573],[-83.202406,40.117612],[-83.203871,40.117107],[-83.203542,40.116549]]]}},{"type":"Feature","properties":{"id":"01252196807","t":"building","op":"Amazon Web Services","nm":"Amazon Web Services","st":"OH","co":"Union County","sqft":13652,"lat":40.119048,"lon":-83.20026},"geometry":{"type":"Polygon","coordinates":[[[-83.200611,40.119062],[-83.200484,40.118858],[-83.199875,40.119067],[-83.199958,40.119202],[-83.200117,40.119149],[-83.200155,40.119202],[-83.200611,40.119062]]]}},{"type":"Feature","properties":{"id":"01252196808","t":"building","op":"Amazon Web Services","nm":"Amazon Web Services","st":"OH","co":"Franklin County","sqft":220580,"lat":40.049358,"lon":-83.17546},"geometry":{"type":"Polygon","coordinates":[[[-83.175710,40.049651],[-83.177300,40.049507],[-83.177212,40.048899],[-83.175589,40.049030],[-83.175627,40.049203],[-83.175412,40.049224],[-83.175396,40.049186],[-83.175246,40.049195],[-83.175224,40.049059],[-83.173629,40.049190],[-83.173706,40.049807],[-83.175307,40.049681],[-83.175302,40.049634],[-83.175699,40.049592],[-83.175710,40.049651]]]}},{"type":"Feature","properties":{"id":"01252196809","t":"building","op":"Amazon Web Services","nm":null,"st":"OH","co":"Franklin County","sqft":217845,"lat":40.048131,"lon":-83.175284},"geometry":{"type":"Polygon","coordinates":[[[-83.177118,40.048282],[-83.177030,40.047686],[-83.175434,40.047812],[-83.175445,40.047851],[-83.175059,40.047880],[-83.175059,40.047842],[-83.173468,40.047973],[-83.173557,40.048590],[-83.175175,40.048451],[-83.175147,40.048320],[-83.175484,40.048290],[-83.175517,40.048425],[-83.177118,40.048282]]]}},{"type":"Feature","properties":{"id":"01252196810","t":"building","op":"Amazon Web Services","nm":"Amazon Web Services","st":"OH","co":"Franklin County","sqft":14456,"lat":40.04791,"lon":-83.177547},"geometry":{"type":"Polygon","coordinates":[[[-83.177645,40.047625],[-83.177422,40.047644],[-83.177443,40.047798],[-83.177379,40.047800],[-83.177427,40.048170],[-83.177717,40.048142],[-83.177645,40.047625]]]}},{"type":"Feature","properties":{"id":"01252196811","t":"building","op":"Google","nm":"Google NBY-3","st":"OH","co":"Licking County","sqft":284807,"lat":40.057957,"lon":-82.765285},"geometry":{"type":"Polygon","coordinates":[[[-82.766816,40.058473],[-82.766863,40.057595],[-82.764176,40.057446],[-82.764182,40.057383],[-82.763830,40.057362],[-82.763730,40.058350],[-82.766816,40.058473]]]}},{"type":"Feature","properties":{"id":"01252196812","t":"building","op":"Google","nm":"Google NBY-4","st":"OH","co":"Franklin County","sqft":294201,"lat":40.059342,"lon":-82.771776},"geometry":{"type":"Polygon","coordinates":[[[-82.772231,40.060589],[-82.772497,40.058161],[-82.771322,40.058068],[-82.771116,40.060218],[-82.770995,40.060214],[-82.770986,40.060518],[-82.772231,40.060589]]]}},{"type":"Feature","properties":{"id":"01252196813","t":"building","op":"Meta","nm":"Meta New Albany Data Center","st":"OH","co":"Licking County","sqft":608761,"lat":40.06038,"lon":-82.750988},"geometry":{"type":"Polygon","coordinates":[[[-82.753065,40.061477],[-82.753173,40.060859],[-82.751148,40.060695],[-82.751158,40.060545],[-82.75134,40.060559],[-82.751377,40.060241],[-82.751200,40.060216],[-82.751218,40.060063],[-82.753261,40.060263],[-82.753327,40.059652],[-82.748919,40.059274],[-82.748863,40.059859],[-82.750388,40.060002],[-82.750309,40.060613],[-82.748755,40.060484],[-82.748662,40.061098],[-82.753065,40.061477]]]}},{"type":"Feature","properties":{"id":"01252196814","t":"building","op":"Google","nm":"Google","st":"OH","co":"Franklin County","sqft":289874,"lat":39.852098,"lon":-82.994875},"geometry":{"type":"Polygon","coordinates":[[[-82.995470,39.853292],[-82.995449,39.850860],[-82.994304,39.850880],[-82.994304,39.852963],[-82.994200,39.852963],[-82.994200,39.853292],[-82.995470,39.853292]]]}},{"type":"Feature","properties":{"id":"01252196815","t":"building","op":"Google","nm":"Google","st":"VA","co":"Prince William County","sqft":289731,"lat":38.776123,"lon":-77.582524},"geometry":{"type":"Polygon","coordinates":[[[-77.584125,38.776406],[-77.581528,38.775075],[-77.580903,38.775817],[-77.583157,38.776971],[-77.583102,38.777037],[-77.583445,38.777213],[-77.584125,38.776406]]]}},{"type":"Feature","properties":{"id":"01252196816","t":"building","op":"Amazon Web Services","nm":"Amazon Web Services","st":"OR","co":"Morrow County","sqft":210570,"lat":45.85875,"lon":-119.605096},"geometry":{"type":"Polygon","coordinates":[[[-119.607053,45.858431],[-119.605289,45.858451],[-119.605277,45.858487],[-119.604876,45.858495],[-119.604876,45.858455],[-119.603117,45.858487],[-119.603106,45.859062],[-119.604893,45.859062],[-119.604899,45.858890],[-119.605317,45.858886],[-119.605323,45.859050],[-119.607059,45.859034],[-119.607053,45.858431]]]}},{"type":"Feature","properties":{"id":"01252196817","t":"building","op":"Amazon Web Services","nm":"Amazon Web Services","st":"OR","co":"Morrow County","sqft":211904,"lat":45.860083,"lon":-119.605134},"geometry":{"type":"Polygon","coordinates":[[[-119.607088,45.859760],[-119.605317,45.859772],[-119.605317,45.859908],[-119.604893,45.859916],[-119.604893,45.859792],[-119.603151,45.859800],[-119.603146,45.860391],[-119.604905,45.860379],[-119.604910,45.860339],[-119.605340,45.860335],[-119.605340,45.860383],[-119.607099,45.860359],[-119.607088,45.859760]]]}},{"type":"Feature","properties":{"id":"01252196818","t":"building","op":"Amazon Web Services","nm":"Amazon Web Services","st":"OR","co":"Morrow County","sqft":216528,"lat":45.860969,"lon":-119.605153},"geometry":{"type":"Polygon","coordinates":[[[-119.607088,45.860638],[-119.605346,45.860662],[-119.605340,45.860694],[-119.604933,45.860702],[-119.604939,45.860662],[-119.603180,45.860702],[-119.603180,45.861296],[-119.604956,45.861280],[-119.604939,45.861109],[-119.605180,45.861101],[-119.605191,45.861153],[-119.605340,45.861145],[-119.605323,45.861284],[-119.607099,45.861261],[-119.607088,45.860638]]]}},{"type":"Feature","properties":{"id":"01252196819","t":"building","op":"Amazon Web Services","nm":"Amazon Web Services","st":"OR","co":"Morrow County","sqft":13765,"lat":45.841481,"lon":-119.651777},"geometry":{"type":"Polygon","coordinates":[[[-119.651932,45.841330],[-119.651858,45.841332],[-119.651851,45.841209],[-119.651624,45.841214],[-119.651638,45.841731],[-119.651874,45.841725],[-119.651874,45.841710],[-119.651947,45.841709],[-119.651932,45.841330]]]}},{"type":"Feature","properties":{"id":"01252196820","t":"building","op":"Amazon Web Services","nm":"Amazon Web Services","st":"OR","co":"Umatilla County","sqft":216430,"lat":45.920637,"lon":-119.231831},"geometry":{"type":"Polygon","coordinates":[[[-119.232271,45.919259],[-119.231392,45.919259],[-119.231400,45.920492],[-119.231595,45.920497],[-119.231610,45.920784],[-119.231385,45.920784],[-119.231369,45.922011],[-119.232240,45.922016],[-119.232271,45.920789],[-119.232185,45.920789],[-119.232201,45.920502],[-119.232271,45.920502],[-119.232271,45.919259]]]}},{"type":"Feature","properties":{"id":"01252196821","t":"building","op":"Amazon Web Services","nm":"Amazon Web Services","st":"OR","co":"Umatilla County","sqft":211240,"lat":45.920647,"lon":-119.229981},"geometry":{"type":"Polygon","coordinates":[[[-119.230413,45.919264],[-119.229574,45.919275],[-119.229550,45.920475],[-119.229612,45.920475],[-119.229628,45.920784],[-119.229558,45.920784],[-119.229543,45.922006],[-119.230405,45.922017],[-119.230421,45.920784],[-119.230219,45.920767],[-119.230227,45.920497],[-119.230413,45.920492],[-119.230413,45.919264]]]}},{"type":"Feature","properties":{"id":"01252196822","t":"building","op":"Amazon Web Services","nm":"Amazon Web Services","st":"OR","co":"Umatilla County","sqft":216777,"lat":45.797775,"lon":-119.361959},"geometry":{"type":"Polygon","coordinates":[[[-119.363930,45.797509],[-119.362197,45.797471],[-119.362174,45.797509],[-119.361770,45.797498],[-119.361770,45.797466],[-119.359997,45.797444],[-119.360013,45.798057],[-119.361754,45.798095],[-119.361762,45.797927],[-119.362174,45.797916],[-119.362166,45.798089],[-119.363938,45.798105],[-119.363930,45.797509]]]}},{"type":"Feature","properties":{"id":"01252196823","t":"building","op":"Amazon Web Services","nm":"Amazon Web Services","st":"OR","co":"Umatilla County","sqft":216903,"lat":45.799165,"lon":-119.366658},"geometry":{"type":"Polygon","coordinates":[[[-119.366859,45.798863],[-119.366852,45.799026],[-119.366441,45.799011],[-119.366463,45.798848],[-119.364714,45.798823],[-119.364693,45.799445],[-119.366441,45.799470],[-119.366456,45.799416],[-119.366859,45.799425],[-119.366866,45.799470],[-119.368629,45.799490],[-119.368622,45.798873],[-119.366859,45.798863]]]}},{"type":"Feature","properties":{"id":"01252196824","t":"building","op":"Google","nm":"Google","st":"OH","co":"Fairfield County","sqft":289253,"lat":39.72401,"lon":-82.691127},"geometry":{"type":"Polygon","coordinates":[[[-82.692636,39.724604],[-82.692710,39.723638],[-82.689584,39.723480],[-82.689514,39.724372],[-82.692208,39.724501],[-82.692203,39.724585],[-82.692636,39.724604]]]}},{"type":"Feature","properties":{"id":"01252196825","t":"building","op":"Amazon Web Services","nm":"Amazon Web Services","st":"VA","co":"Prince William County","sqft":212702,"lat":38.746146,"lon":-77.517215},"geometry":{"type":"Polygon","coordinates":[[[-77.518609,38.745262],[-77.518005,38.744887],[-77.517025,38.745848],[-77.517072,38.745878],[-77.516830,38.746100],[-77.516787,38.746078],[-77.515836,38.747043],[-77.516435,38.747417],[-77.517391,38.746453],[-77.517244,38.746341],[-77.517401,38.746219],[-77.517467,38.746137],[-77.517634,38.746226],[-77.518609,38.745262]]]}},{"type":"Feature","properties":{"id":"01252196826","t":"building","op":"Amazon Web Services","nm":"Amazon Web Services","st":"VA","co":"Loudoun County","sqft":133944,"lat":38.921314,"lon":-77.4858},"geometry":{"type":"Polygon","coordinates":[[[-77.486266,38.920526],[-77.485703,38.920496],[-77.485705,38.920473],[-77.485478,38.920461],[-77.485334,38.922107],[-77.486124,38.922149],[-77.486266,38.920526]]]}},{"type":"Feature","properties":{"id":"01253282099","t":"building","op":"Amazon Web Services","nm":"Amazon Web Services","st":"VA","co":"Loudoun County","sqft":14683,"lat":38.995094,"lon":-77.471072},"geometry":{"type":"Polygon","coordinates":[[[-77.471406,38.995161],[-77.470875,38.994837],[-77.470748,38.994973],[-77.470912,38.995079],[-77.470859,38.995125],[-77.471215,38.995338],[-77.471406,38.995161]]]}},{"type":"Feature","properties":{"id":"01253282100","t":"building","op":"Meta","nm":"Meta Sarpy Data center","st":"NE","co":"Sarpy County","sqft":628560,"lat":41.123573,"lon":-96.132894},"geometry":{"type":"Polygon","coordinates":[[[-96.135167,41.122475],[-96.130643,41.122437],[-96.130651,41.123061],[-96.132562,41.123068],[-96.132528,41.124087],[-96.130609,41.124087],[-96.130617,41.124679],[-96.135142,41.124711],[-96.135158,41.124112],[-96.133137,41.124093],[-96.133137,41.123978],[-96.133323,41.123978],[-96.133332,41.123169],[-96.133146,41.123169],[-96.133112,41.123068],[-96.133315,41.123074],[-96.135167,41.123080],[-96.135167,41.122475]]]}},{"type":"Feature","properties":{"id":"01253282101","t":"building","op":"Meta","nm":"Meta Sarpy Data center","st":"NE","co":"Sarpy County","sqft":625288,"lat":41.114329,"lon":-96.142837},"geometry":{"type":"Polygon","coordinates":[[[-96.145336,41.114013],[-96.144766,41.113452],[-96.143479,41.114193],[-96.143270,41.113986],[-96.143032,41.113752],[-96.144290,41.113028],[-96.143824,41.112569],[-96.140274,41.114613],[-96.140724,41.115057],[-96.142218,41.114196],[-96.142739,41.114711],[-96.141150,41.115626],[-96.141563,41.116033],[-96.141662,41.116130],[-96.142242,41.115796],[-96.145336,41.114013]]]}},{"type":"Feature","properties":{"id":"01253282102","t":"building","op":"Meta","nm":"Meta Sarpy Data center","st":"NE","co":"Sarpy County","sqft":286253,"lat":41.112163,"lon":-96.141555},"geometry":{"type":"Polygon","coordinates":[[[-96.143580,41.111454],[-96.143158,41.111039],[-96.141892,41.111771],[-96.141392,41.111280],[-96.141082,41.111459],[-96.141130,41.111506],[-96.140734,41.111735],[-96.141072,41.112067],[-96.141148,41.112023],[-96.141237,41.112111],[-96.139668,41.113019],[-96.140116,41.113458],[-96.143580,41.111454]]]}},{"type":"Feature","properties":{"id":"01253282103","t":"building","op":"Meta","nm":"Meta","st":"IA","co":"Polk County","sqft":493366,"lat":41.675572,"lon":-93.509657},"geometry":{"type":"Polygon","coordinates":[[[-93.511051,41.674098],[-93.510162,41.674099],[-93.510166,41.675654],[-93.510035,41.675655],[-93.510034,41.675541],[-93.509552,41.675542],[-93.509552,41.675648],[-93.509410,41.675648],[-93.509405,41.674148],[-93.508604,41.674150],[-93.508614,41.677470],[-93.509439,41.677469],[-93.509435,41.676273],[-93.510236,41.676272],[-93.510235,41.676045],[-93.511056,41.676044],[-93.511051,41.674098]]]}},{"type":"Feature","properties":{"id":"01253282104","t":"building","op":"Meta","nm":"Meta","st":"IA","co":"Polk County","sqft":601076,"lat":41.675823,"lon":-93.506031},"geometry":{"type":"Polygon","coordinates":[[[-93.507260,41.674100],[-93.506492,41.674105],[-93.50648,41.675695],[-93.506349,41.675695],[-93.506335,41.675818],[-93.506274,41.675816],[-93.506268,41.675537],[-93.505862,41.675542],[-93.505855,41.675815],[-93.505785,41.675813],[-93.505784,41.675695],[-93.505662,41.675692],[-93.505650,41.674108],[-93.504824,41.674106],[-93.504812,41.677494],[-93.505655,41.677499],[-93.505644,41.676300],[-93.506475,41.676301],[-93.506459,41.677500],[-93.507262,41.677501],[-93.507260,41.674100]]]}},{"type":"Feature","properties":{"id":"01258702591","t":"building","op":"Flexential","nm":"Flexential Atlanta - Douglasville 2","st":"GA","co":"Douglas County","sqft":311176,"lat":33.730703,"lon":-84.61124},"geometry":{"type":"Polygon","coordinates":[[[-84.612926,33.730423],[-84.612433,33.729672],[-84.609552,33.730981],[-84.610046,33.731733],[-84.612926,33.730423]]]}},{"type":"Feature","properties":{"id":"01263819877","t":"building","op":"Switch","nm":null,"st":"NV","co":"Clark County","sqft":241776,"lat":36.064022,"lon":-115.221112},"geometry":{"type":"Polygon","coordinates":[[[-115.222694,36.063661],[-115.222255,36.063053],[-115.219523,36.064383],[-115.219982,36.064988],[-115.222694,36.063661]]]}},{"type":"Feature","properties":{"id":"01268789798","t":"building","op":null,"nm":"Windbreak Cable","st":"WY","co":"Laramie County","sqft":1114,"lat":41.182601,"lon":-104.068498},"geometry":{"type":"Polygon","coordinates":[[[-104.068579,41.182635],[-104.06858,41.182567],[-104.068416,41.182566],[-104.068416,41.182635],[-104.068579,41.182635]]]}},{"type":"Feature","properties":{"id":"01269259655","t":"building","op":null,"nm":null,"st":"VA","co":"Manassas city","sqft":95987,"lat":38.740436,"lon":-77.503984},"geometry":{"type":"Polygon","coordinates":[[[-77.503822,38.739860],[-77.503212,38.740792],[-77.503489,38.740902],[-77.503576,38.740768],[-77.503931,38.740910],[-77.504017,38.740778],[-77.504305,38.740893],[-77.504741,38.740226],[-77.503822,38.739860]]]}},{"type":"Feature","properties":{"id":"01271571726","t":"building","op":"NTT","nm":"NTT Chicago CH2","st":"IL","co":"DuPage County","sqft":115555,"lat":41.988967,"lon":-88.007257},"geometry":{"type":"Polygon","coordinates":[[[-88.008386,41.989341],[-88.008395,41.988699],[-88.008039,41.988696],[-88.008038,41.988735],[-88.007566,41.988731],[-88.007566,41.988694],[-88.007400,41.988693],[-88.007399,41.988731],[-88.006862,41.988727],[-88.006863,41.988694],[-88.006713,41.988693],[-88.006713,41.988727],[-88.006189,41.988723],[-88.006190,41.988689],[-88.006037,41.988688],[-88.006030,41.989185],[-88.008090,41.989200],[-88.008088,41.989339],[-88.008386,41.989341]]]}},{"type":"Feature","properties":{"id":"01276373853","t":"building","op":null,"nm":null,"st":"OR","co":"Crook County","sqft":275217,"lat":44.285754,"lon":-120.869921},"geometry":{"type":"Polygon","coordinates":[[[-120.871903,44.286124],[-120.871887,44.285391],[-120.867940,44.285387],[-120.867940,44.286112],[-120.871903,44.286124]]]}},{"type":"Feature","properties":{"id":"01276518679","t":"building","op":"Amazon Web Services","nm":"Amazon IAD214","st":"VA","co":"Loudoun County","sqft":113421,"lat":38.986526,"lon":-77.435176},"geometry":{"type":"Polygon","coordinates":[[[-77.436052,38.986185],[-77.435451,38.985794],[-77.434302,38.986860],[-77.434731,38.987139],[-77.434712,38.987157],[-77.434883,38.987269],[-77.436052,38.986185]]]}},{"type":"Feature","properties":{"id":"01276518684","t":"building","op":"Aligned","nm":"Aligned IAD03","st":"VA","co":"Loudoun County","sqft":79844,"lat":38.988621,"lon":-77.440752},"geometry":{"type":"Polygon","coordinates":[[[-77.441409,38.988408],[-77.440711,38.988047],[-77.440145,38.988739],[-77.440172,38.988754],[-77.440148,38.988787],[-77.440234,38.988829],[-77.440210,38.988856],[-77.440344,38.988933],[-77.440325,38.988956],[-77.440749,38.989223],[-77.441409,38.988408]]]}},{"type":"Feature","properties":{"id":"01276518687","t":"building","op":"Digital Realty","nm":"Digital Realty IAD55","st":"VA","co":"Loudoun County","sqft":85319,"lat":38.992269,"lon":-77.433932},"geometry":{"type":"Polygon","coordinates":[[[-77.434515,38.992587],[-77.434183,38.991608],[-77.433844,38.991678],[-77.433937,38.991954],[-77.433404,38.992063],[-77.433419,38.992109],[-77.433376,38.992118],[-77.433397,38.992181],[-77.433328,38.992195],[-77.433493,38.992683],[-77.433550,38.992671],[-77.433586,38.992777],[-77.434515,38.992587]]]}},{"type":"Feature","properties":{"id":"01278541792","t":"building","op":null,"nm":"Involta-Akron","st":"OH","co":"Summit County","sqft":59427,"lat":41.057431,"lon":-81.521972},"geometry":{"type":"Polygon","coordinates":[[[-81.522630,41.057218],[-81.522332,41.057221],[-81.522332,41.057200],[-81.522539,41.057157],[-81.522541,41.057163],[-81.522558,41.057160],[-81.522521,41.057057],[-81.522505,41.057061],[-81.522509,41.057071],[-81.522332,41.057108],[-81.522331,41.057090],[-81.522126,41.057092],[-81.522128,41.057220],[-81.521983,41.057221],[-81.521983,41.057264],[-81.521770,41.057266],[-81.521770,41.057237],[-81.521718,41.057237],[-81.521718,41.057265],[-81.521323,41.057268],[-81.521325,41.057376],[-81.521217,41.057377],[-81.521222,41.057709],[-81.521809,41.057704],[-81.521805,41.057453],[-81.521989,41.057451],[-81.521991,41.057557],[-81.522324,41.057554],[-81.522327,41.057708],[-81.522637,41.057705],[-81.522630,41.057218]]]}},{"type":"Feature","properties":{"id":"01280340212","t":"building","op":"Amazon Web Services","nm":"Amazon Web Services","st":"VA","co":"Loudoun County","sqft":13569,"lat":38.947361,"lon":-77.520226},"geometry":{"type":"Polygon","coordinates":[[[-77.520596,38.947346],[-77.520515,38.947197],[-77.520332,38.947255],[-77.520312,38.947210],[-77.519879,38.947357],[-77.519989,38.947550],[-77.520596,38.947346]]]}},{"type":"Feature","properties":{"id":"01280340213","t":"building","op":"Amazon Web Services","nm":"Amazon Web Services","st":"VA","co":"Loudoun County","sqft":14079,"lat":38.983575,"lon":-77.417527},"geometry":{"type":"Polygon","coordinates":[[[-77.417747,38.983582],[-77.417426,38.983322],[-77.417348,38.983376],[-77.417207,38.983463],[-77.417672,38.983846],[-77.417822,38.983722],[-77.417691,38.983625],[-77.417747,38.983582]]]}},{"type":"Feature","properties":{"id":"01280340214","t":"building","op":"Amazon Web Services","nm":"Amazon Web Services","st":"VA","co":"Prince William County","sqft":129225,"lat":38.802897,"lon":-77.622127},"geometry":{"type":"Polygon","coordinates":[[[-77.622754,38.802129],[-77.621076,38.803165],[-77.621583,38.803637],[-77.623167,38.802625],[-77.622822,38.802329],[-77.622896,38.802274],[-77.622754,38.802129]]]}},{"type":"Feature","properties":{"id":"01280340215","t":"building","op":"Amazon Web Services","nm":"Amazon Web Services","st":"VA","co":"Prince William County","sqft":14507,"lat":38.74512,"lon":-77.533094},"geometry":{"type":"Polygon","coordinates":[[[-77.533262,38.744876],[-77.532976,38.744869],[-77.532939,38.745394],[-77.533154,38.745398],[-77.533160,38.745252],[-77.533238,38.745245],[-77.533262,38.744876]]]}},{"type":"Feature","properties":{"id":"01280340216","t":"building","op":"Amazon Web Services","nm":"Amazon Web Services","st":"VA","co":"Prince William County","sqft":14389,"lat":38.814598,"lon":-77.654331},"geometry":{"type":"Polygon","coordinates":[[[-77.654519,38.814355],[-77.654306,38.814313],[-77.654105,38.814802],[-77.654368,38.814871],[-77.654533,38.814483],[-77.654470,38.814466],[-77.654519,38.814355]]]}},{"type":"Feature","properties":{"id":"01280340217","t":"building","op":"Amazon Web Services","nm":"Amazon Web Services","st":"VA","co":"Prince William County","sqft":149332,"lat":38.816968,"lon":-77.652159},"geometry":{"type":"Polygon","coordinates":[[[-77.653580,38.817048],[-77.650942,38.816393],[-77.650724,38.816875],[-77.653358,38.817547],[-77.653580,38.817048]]]}},{"type":"Feature","properties":{"id":"01280344148","t":"building","op":"Amazon Web Services","nm":"Amazon Web Services","st":"OH","co":"Union County","sqft":233609,"lat":40.13419,"lon":-83.215834},"geometry":{"type":"Polygon","coordinates":[[[-83.217606,40.133656],[-83.217165,40.133142],[-83.215792,40.133833],[-83.215904,40.133936],[-83.215628,40.134084],[-83.215516,40.133964],[-83.214075,40.134661],[-83.214568,40.135220],[-83.217606,40.133656]]]}},{"type":"Feature","properties":{"id":"01280344149","t":"building","op":"Amazon Web Services","nm":"Amazon Web Services","st":"OR","co":"Umatilla County","sqft":225421,"lat":45.920597,"lon":-119.228805},"geometry":{"type":"Polygon","coordinates":[[[-119.229269,45.919227],[-119.228361,45.919227],[-119.228339,45.920445],[-119.228592,45.920445],[-119.228592,45.920624],[-119.228543,45.920625],[-119.228543,45.920732],[-119.228345,45.920732],[-119.228306,45.921960],[-119.229236,45.921953],[-119.229269,45.919227]]]}},{"type":"Feature","properties":{"id":"01280344150","t":"building","op":"Amazon Web Services","nm":"Amazon Web Services","st":"OR","co":"Umatilla County","sqft":217375,"lat":45.92056,"lon":-119.227004},"geometry":{"type":"Polygon","coordinates":[[[-119.227442,45.921949],[-119.227459,45.920709],[-119.227134,45.920701],[-119.227134,45.920548],[-119.227189,45.920548],[-119.227173,45.920437],[-119.227453,45.920429],[-119.227459,45.919189],[-119.226573,45.919193],[-119.226551,45.920437],[-119.226611,45.920433],[-119.226622,45.920736],[-119.226556,45.920732],[-119.226600,45.921953],[-119.227442,45.921949]]]}},{"type":"Feature","properties":{"id":"01280344151","t":"building","op":"Amazon Web Services","nm":"Amazon Web Services","st":"OR","co":"Umatilla County","sqft":16064,"lat":45.919515,"lon":-119.22609},"geometry":{"type":"Polygon","coordinates":[[[-119.226290,45.919271],[-119.225939,45.919262],[-119.225906,45.919793],[-119.226160,45.919799],[-119.226177,45.919634],[-119.226281,45.919631],[-119.226290,45.919271]]]}},{"type":"Feature","properties":{"id":"01280344153","t":"building","op":"Amazon Web Services","nm":"Amazon Web Services","st":"OR","co":"Umatilla County","sqft":218698,"lat":45.882518,"lon":-119.341652},"geometry":{"type":"Polygon","coordinates":[[[-119.342099,45.881143],[-119.341221,45.881139],[-119.341209,45.882373],[-119.341401,45.882374],[-119.341398,45.882677],[-119.341195,45.882676],[-119.341183,45.883880],[-119.342077,45.883884],[-119.342089,45.882666],[-119.342040,45.882666],[-119.342043,45.882376],[-119.342088,45.882376],[-119.342099,45.881143]]]}},{"type":"Feature","properties":{"id":"01280344154","t":"building","op":"Amazon Web Services","nm":"Amazon Web Services","st":"OR","co":"Morrow County","sqft":211930,"lat":45.862253,"lon":-119.605112},"geometry":{"type":"Polygon","coordinates":[[[-119.607107,45.862546],[-119.607080,45.861949],[-119.605321,45.861958],[-119.605321,45.862119],[-119.605076,45.862125],[-119.605076,45.862085],[-119.604907,45.862088],[-119.604912,45.861943],[-119.603148,45.861940],[-119.603179,45.862556],[-119.604921,45.862552],[-119.604921,45.862506],[-119.605334,45.862503],[-119.605334,45.862543],[-119.607107,45.862546]]]}},{"type":"Feature","properties":{"id":"01280344155","t":"building","op":"Amazon Web Services","nm":"Amazon Web Services","st":"OR","co":"Morrow County","sqft":12811,"lat":45.858038,"lon":-119.604872},"geometry":{"type":"Polygon","coordinates":[[[-119.605231,45.858144],[-119.605218,45.857942],[-119.604479,45.857945],[-119.60447,45.858096],[-119.604696,45.858093],[-119.604690,45.858137],[-119.605231,45.858144]]]}},{"type":"Feature","properties":{"id":"01280344156","t":"building","op":"Amazon Web Services","nm":"Amazon Web Services","st":"OR","co":"Morrow County","sqft":13923,"lat":45.84067,"lon":-119.651302},"geometry":{"type":"Polygon","coordinates":[[[-119.651455,45.840421],[-119.651138,45.840439],[-119.651169,45.840947],[-119.651383,45.840944],[-119.651388,45.840794],[-119.651480,45.840794],[-119.651455,45.840421]]]}},{"type":"Feature","properties":{"id":"01280344157","t":"building","op":"Amazon Web Services","nm":"Amazon Web Services","st":"OR","co":"Morrow County","sqft":212775,"lat":45.819931,"lon":-119.632086},"geometry":{"type":"Polygon","coordinates":[[[-119.632299,45.820237],[-119.634045,45.820230],[-119.634030,45.819633],[-119.632264,45.819625],[-119.632259,45.819736],[-119.631866,45.819732],[-119.631860,45.819622],[-119.630125,45.819629],[-119.630135,45.820230],[-119.631876,45.820223],[-119.631866,45.820170],[-119.632294,45.820173],[-119.632299,45.820237]]]}},{"type":"Feature","properties":{"id":"01282332209","t":"building","op":null,"nm":"UPS Data Center","st":"GA","co":"Forsyth County","sqft":173693,"lat":34.103383,"lon":-84.214974},"geometry":{"type":"Polygon","coordinates":[[[-84.215657,34.104044],[-84.215336,34.102579],[-84.214282,34.102738],[-84.214567,34.104035],[-84.214670,34.104019],[-84.214707,34.104187],[-84.215657,34.104044]]]}},{"type":"Feature","properties":{"id":"01283698132","t":"building","op":null,"nm":"Iron Mountain VA-3","st":"VA","co":"Prince William County","sqft":181174,"lat":38.775507,"lon":-77.5452},"geometry":{"type":"Polygon","coordinates":[[[-77.545776,38.776463],[-77.546034,38.776267],[-77.545995,38.776236],[-77.546303,38.776001],[-77.546223,38.775937],[-77.546304,38.775876],[-77.545298,38.775072],[-77.545334,38.775045],[-77.544926,38.774719],[-77.544781,38.774829],[-77.544533,38.774630],[-77.543994,38.775039],[-77.545776,38.776463]]]}},{"type":"Feature","properties":{"id":"01283734104","t":"building","op":"Microsoft","nm":"Microsoft","st":"AZ","co":"Maricopa County","sqft":238581,"lat":33.44634,"lon":-112.37392},"geometry":{"type":"Polygon","coordinates":[[[-112.374725,33.446965],[-112.374744,33.445627],[-112.373889,33.445619],[-112.373887,33.445775],[-112.373174,33.445768],[-112.373171,33.445947],[-112.373043,33.445946],[-112.373029,33.446971],[-112.374597,33.446986],[-112.374597,33.446963],[-112.374725,33.446965]]]}},{"type":"Feature","properties":{"id":"01287260553","t":"building","op":"Google","nm":"Google","st":"VA","co":"Prince William County","sqft":289621,"lat":38.774417,"lon":-77.585627},"geometry":{"type":"Polygon","coordinates":[[[-77.586542,38.775507],[-77.587226,38.774701],[-77.584639,38.773367],[-77.584010,38.774109],[-77.586255,38.775266],[-77.586200,38.775330],[-77.586542,38.775507]]]}},{"type":"Feature","properties":{"id":"01287260554","t":"building","op":"Amazon Web Services","nm":"Amazon Web Services","st":"VA","co":"Prince William County","sqft":127010,"lat":38.801857,"lon":-77.62121},"geometry":{"type":"Polygon","coordinates":[[[-77.622240,38.801586],[-77.621785,38.801117],[-77.620183,38.802112],[-77.620492,38.802391],[-77.620435,38.802441],[-77.620630,38.802606],[-77.622240,38.801586]]]}},{"type":"Feature","properties":{"id":"01287260555","t":"building","op":"Amazon Web Services","nm":"Amazon Web Services","st":"VA","co":"Prince William County","sqft":130170,"lat":38.801257,"lon":-77.620481},"geometry":{"type":"Polygon","coordinates":[[[-77.621264,38.800654],[-77.621069,38.800508],[-77.619411,38.801541],[-77.619906,38.801991],[-77.621541,38.800990],[-77.621207,38.800711],[-77.621264,38.800654]]]}},{"type":"Feature","properties":{"id":"01287260556","t":"building","op":null,"nm":"Iron Mountain VA-4","st":"VA","co":"Prince William County","sqft":89044,"lat":38.774423,"lon":-77.542221},"geometry":{"type":"Polygon","coordinates":[[[-77.542931,38.774791],[-77.542187,38.773787],[-77.541528,38.774094],[-77.542231,38.775041],[-77.542677,38.774844],[-77.542710,38.774888],[-77.542931,38.774791]]]}},{"type":"Feature","properties":{"id":"01287260557","t":"building","op":null,"nm":"Iron Mountain VA-5","st":"VA","co":"Prince William County","sqft":106629,"lat":38.773043,"lon":-77.541169},"geometry":{"type":"Polygon","coordinates":[[[-77.541962,38.773529],[-77.541021,38.772285],[-77.540408,38.772613],[-77.541277,38.773770],[-77.541717,38.773564],[-77.541761,38.773622],[-77.541962,38.773529]]]}},{"type":"Feature","properties":{"id":"01287260558","t":"building","op":"Quality Technology Services","nm":"QTS Manassas DC2","st":"VA","co":"Prince William County","sqft":137971,"lat":38.753195,"lon":-77.510797},"geometry":{"type":"Polygon","coordinates":[[[-77.511084,38.752268],[-77.511250,38.752269],[-77.511252,38.752152],[-77.510475,38.752147],[-77.510451,38.754084],[-77.510497,38.754084],[-77.510496,38.754180],[-77.511252,38.754185],[-77.511254,38.754039],[-77.511311,38.754040],[-77.511313,38.753861],[-77.511065,38.753860],[-77.511084,38.752268]]]}},{"type":"Feature","properties":{"id":"01287260559","t":"building","op":null,"nm":null,"st":"VA","co":"Prince William County","sqft":139592,"lat":38.758875,"lon":-77.516652},"geometry":{"type":"Polygon","coordinates":[[[-77.517564,38.758193],[-77.517135,38.758013],[-77.516964,38.758261],[-77.516869,38.758221],[-77.51684,38.758263],[-77.516649,38.758183],[-77.516172,38.758872],[-77.515961,38.758783],[-77.515891,38.758883],[-77.516103,38.758973],[-77.515823,38.759376],[-77.516302,38.759578],[-77.516184,38.759749],[-77.516418,38.759847],[-77.517564,38.758193]]]}},{"type":"Feature","properties":{"id":"01287260560","t":"building","op":"Google","nm":"Google","st":"IA","co":"Pottawattamie County","sqft":294718,"lat":41.173595,"lon":-95.792203},"geometry":{"type":"Polygon","coordinates":[[[-95.793785,41.174118],[-95.793783,41.173132],[-95.790591,41.173136],[-95.790593,41.174046],[-95.793371,41.174043],[-95.793371,41.174119],[-95.793785,41.174118]]]}},{"type":"Feature","properties":{"id":"01287260561","t":"building","op":"Google","nm":"Google","st":"IA","co":"Pottawattamie County","sqft":296835,"lat":41.173598,"lon":-95.788678},"geometry":{"type":"Polygon","coordinates":[[[-95.790263,41.174125],[-95.790261,41.173131],[-95.787064,41.173137],[-95.787058,41.174049],[-95.789843,41.174048],[-95.789844,41.174125],[-95.790263,41.174125]]]}},{"type":"Feature","properties":{"id":"01292897241","t":"building","op":"True North Data Solutions","nm":"42311 THUNDERBALL DR","st":"VA","co":"Loudoun County","sqft":40683,"lat":39.042553,"lon":-77.5383},"geometry":{"type":"Polygon","coordinates":[[[-77.538505,39.043086],[-77.538831,39.042912],[-77.537983,39.041952],[-77.537953,39.041968],[-77.537748,39.042079],[-77.538239,39.042631],[-77.538172,39.042667],[-77.538221,39.042721],[-77.538116,39.042778],[-77.538153,39.042819],[-77.538189,39.042860],[-77.538265,39.042819],[-77.538315,39.042875],[-77.538505,39.043086]]]}},{"type":"Feature","properties":{"id":"01292897242","t":"building","op":"True North Data Solutions","nm":"42255 THUNDERBALL DR","st":"VA","co":"Loudoun County","sqft":60458,"lat":39.041623,"lon":-77.539224},"geometry":{"type":"Polygon","coordinates":[[[-77.538692,39.040873],[-77.538672,39.040883],[-77.538485,39.040983],[-77.538458,39.040997],[-77.539731,39.042433],[-77.539965,39.042308],[-77.539476,39.041755],[-77.539544,39.041719],[-77.539494,39.041660],[-77.539592,39.041608],[-77.539524,39.041529],[-77.539451,39.041567],[-77.539394,39.041500],[-77.539071,39.041137],[-77.538975,39.041188],[-77.538692,39.040873]]]}},{"type":"Feature","properties":{"id":"01292897243","t":"building","op":"True North Data Solutions","nm":"42254 THUNDERBALL DR","st":"VA","co":"Loudoun County","sqft":77498,"lat":39.043502,"lon":-77.540874},"geometry":{"type":"Polygon","coordinates":[[[-77.540108,39.042473],[-77.539874,39.042598],[-77.541571,39.044518],[-77.541805,39.044393],[-77.541316,39.043840],[-77.541384,39.043804],[-77.541335,39.043749],[-77.541441,39.043693],[-77.541368,39.043611],[-77.541291,39.043652],[-77.540911,39.043222],[-77.540815,39.043273],[-77.540108,39.042473]]]}},{"type":"Feature","properties":{"id":"01294595615","t":"building","op":"Meta","nm":"Meta Gallatin Data Center","st":"TN","co":"Sumner County","sqft":626571,"lat":36.411865,"lon":-86.369661},"geometry":{"type":"Polygon","coordinates":[[[-86.370404,36.413727],[-86.371135,36.410364],[-86.370343,36.410253],[-86.370097,36.411380],[-86.369388,36.411280],[-86.369632,36.410161],[-86.368898,36.410058],[-86.368170,36.413398],[-86.368922,36.413505],[-86.369217,36.412147],[-86.369968,36.412253],[-86.369670,36.413624],[-86.370404,36.413727]]]}},{"type":"Feature","properties":{"id":"01296163129","t":"building","op":"Yosemite Community College District","nm":"Modesto Junior College West Data Center","st":"CA","co":"Stanislaus County","sqft":6017,"lat":37.665147,"lon":-121.040037},"geometry":{"type":"Polygon","coordinates":[[[-121.040199,37.665222],[-121.040199,37.665175],[-121.040217,37.665174],[-121.040216,37.665103],[-121.040197,37.665104],[-121.040196,37.665061],[-121.040083,37.665061],[-121.040082,37.665049],[-121.039997,37.665050],[-121.039997,37.665061],[-121.039913,37.665062],[-121.039914,37.665102],[-121.039866,37.665103],[-121.039867,37.665177],[-121.039849,37.665177],[-121.039849,37.665230],[-121.039991,37.665229],[-121.039991,37.665239],[-121.040013,37.665239],[-121.040083,37.665239],[-121.040082,37.665222],[-121.040199,37.665222]]]}},{"type":"Feature","properties":{"id":"01296723872","t":"building","op":"GVTC","nm":"GVTC","st":"TX","co":"Bexar County","sqft":445,"lat":29.686403,"lon":-98.462647},"geometry":{"type":"Polygon","coordinates":[[[-98.462651,29.686445],[-98.462691,29.686385],[-98.462643,29.686360],[-98.462603,29.686420],[-98.462651,29.686445]]]}},{"type":"Feature","properties":{"id":"01300765126","t":"building","op":null,"nm":"Stream Data Centers","st":"TX","co":"Dallas County","sqft":280635,"lat":32.983668,"lon":-96.654273},"geometry":{"type":"Polygon","coordinates":[[[-96.655848,32.984058],[-96.655843,32.983305],[-96.655079,32.983308],[-96.655078,32.983167],[-96.654278,32.983170],[-96.654279,32.983305],[-96.652678,32.983312],[-96.652682,32.984081],[-96.654315,32.984074],[-96.654315,32.984022],[-96.654481,32.984022],[-96.654481,32.984063],[-96.655848,32.984058]]]}},{"type":"Feature","properties":{"id":"01301654223","t":"building","op":null,"nm":null,"st":"VA","co":"Loudoun County","sqft":130181,"lat":38.948017,"lon":-77.558987},"geometry":{"type":"Polygon","coordinates":[[[-77.559330,38.948869],[-77.559414,38.947223],[-77.558635,38.947199],[-77.558554,38.948789],[-77.559051,38.948805],[-77.559048,38.948861],[-77.559330,38.948869]]]}},{"type":"Feature","properties":{"id":"01301654224","t":"building","op":null,"nm":null,"st":"VA","co":"Loudoun County","sqft":130174,"lat":38.950065,"lon":-77.55887},"geometry":{"type":"Polygon","coordinates":[[[-77.559213,38.950917],[-77.559297,38.949271],[-77.558518,38.949246],[-77.558437,38.950837],[-77.558934,38.950852],[-77.558931,38.950908],[-77.559213,38.950917]]]}},{"type":"Feature","properties":{"id":"01304357577","t":"building","op":null,"nm":"Iron Mountain VA-6","st":"VA","co":"Prince William County","sqft":181918,"lat":38.768143,"lon":-77.538648},"geometry":{"type":"Polygon","coordinates":[[[-77.539710,38.767716],[-77.538873,38.767228],[-77.537585,38.768569],[-77.538423,38.769057],[-77.539710,38.767716]]]}},{"type":"Feature","properties":{"id":"01307072785","t":"building","op":null,"nm":"Ark Duluth Data Center","st":"MN","co":"St. Louis County","sqft":27162,"lat":46.827467,"lon":-92.130431},"geometry":{"type":"Polygon","coordinates":[[[-92.130121,46.827220],[-92.130119,46.827713],[-92.130623,46.827715],[-92.130624,46.827605],[-92.130803,46.827605],[-92.130803,46.827448],[-92.130776,46.827451],[-92.130844,46.827303],[-92.130716,46.827280],[-92.130646,46.827457],[-92.130624,46.827457],[-92.130626,46.827221],[-92.130121,46.827220]]]}},{"type":"Feature","properties":{"id":"01307920829","t":"building","op":"Flexential","nm":"Flexential Charlotte - North","st":"NC","co":"Mecklenburg County","sqft":62809,"lat":35.329754,"lon":-80.765782},"geometry":{"type":"Polygon","coordinates":[[[-80.765500,35.329357],[-80.765332,35.329370],[-80.765343,35.329464],[-80.765353,35.329554],[-80.765413,35.329549],[-80.765471,35.330044],[-80.765481,35.330043],[-80.765491,35.330131],[-80.765606,35.330123],[-80.765616,35.330206],[-80.765669,35.330202],[-80.766166,35.330163],[-80.766109,35.329682],[-80.766098,35.329585],[-80.766185,35.329499],[-80.766175,35.329409],[-80.766068,35.329417],[-80.766059,35.329339],[-80.765593,35.329374],[-80.765590,35.329344],[-80.765542,35.329348],[-80.765500,35.329357]]]}},{"type":"Feature","properties":{"id":"01309123033","t":"building","op":"Equinix","nm":"Equinix Ashburn DC6","st":"VA","co":"Loudoun County","sqft":70526,"lat":39.015198,"lon":-77.459538},"geometry":{"type":"Polygon","coordinates":[[[-77.458938,39.015630],[-77.458903,39.015681],[-77.459090,39.015759],[-77.459125,39.015708],[-77.459275,39.015771],[-77.459255,39.015799],[-77.459390,39.015855],[-77.460165,39.014740],[-77.460032,39.014684],[-77.460019,39.014703],[-77.459885,39.014647],[-77.459899,39.014626],[-77.459687,39.014537],[-77.459623,39.014629],[-77.458938,39.015630]]]}},{"type":"Feature","properties":{"id":"01309123034","t":"building","op":"Equinix","nm":"Equinix Ashburn DC4","st":"VA","co":"Loudoun County","sqft":101052,"lat":39.016408,"lon":-77.461887},"geometry":{"type":"Polygon","coordinates":[[[-77.461755,39.015912],[-77.461261,39.016614],[-77.461500,39.016715],[-77.461233,39.017101],[-77.461530,39.017230],[-77.461627,39.017207],[-77.461928,39.016773],[-77.461993,39.016799],[-77.462675,39.015827],[-77.462243,39.015650],[-77.461995,39.016016],[-77.461755,39.015912]]]}},{"type":"Feature","properties":{"id":"01310628998","t":"building","op":"HEB","nm":null,"st":"TX","co":"Bexar County","sqft":36241,"lat":29.580141,"lon":-98.541327},"geometry":{"type":"Polygon","coordinates":[[[-98.540848,29.580275],[-98.540955,29.580358],[-98.541058,29.580259],[-98.541240,29.580402],[-98.541175,29.580465],[-98.541267,29.580538],[-98.541758,29.580065],[-98.541377,29.579766],[-98.540848,29.580275]]]}},{"type":"Feature","properties":{"id":"01312792611","t":"building","op":"Meta","nm":null,"st":"IL","co":"DeKalb County","sqft":568454,"lat":41.88853,"lon":-88.721858},"geometry":{"type":"Polygon","coordinates":[[[-88.722992,41.886833],[-88.722203,41.886841],[-88.722225,41.888081],[-88.721386,41.888089],[-88.721364,41.886867],[-88.720615,41.886874],[-88.720674,41.890209],[-88.721393,41.890202],[-88.721366,41.888655],[-88.721499,41.888654],[-88.721496,41.888522],[-88.721598,41.888521],[-88.721604,41.888813],[-88.722036,41.888809],[-88.722031,41.888544],[-88.722072,41.888544],[-88.722075,41.888695],[-88.722207,41.888694],[-88.722235,41.890258],[-88.723053,41.890250],[-88.722992,41.886833]]]}},{"type":"Feature","properties":{"id":"01312792612","t":"building","op":"Meta","nm":null,"st":"IL","co":"DeKalb County","sqft":568442,"lat":41.889284,"lon":-88.731054},"geometry":{"type":"Polygon","coordinates":[[[-88.732188,41.887586],[-88.731399,41.887594],[-88.731421,41.888834],[-88.730581,41.888842],[-88.730560,41.887620],[-88.729810,41.887628],[-88.729870,41.890962],[-88.730589,41.890955],[-88.730562,41.889409],[-88.730694,41.889407],[-88.730692,41.889276],[-88.730794,41.889275],[-88.730799,41.889566],[-88.731232,41.889562],[-88.731227,41.889297],[-88.731268,41.889297],[-88.731271,41.889448],[-88.731403,41.889447],[-88.731431,41.891012],[-88.732248,41.891004],[-88.732188,41.887586]]]}},{"type":"Feature","properties":{"id":"01312792613","t":"building","op":"Meta","nm":null,"st":"IL","co":"DeKalb County","sqft":320184,"lat":41.890275,"lon":-88.726355},"geometry":{"type":"Polygon","coordinates":[[[-88.727431,41.890114],[-88.727427,41.889775],[-88.726634,41.889780],[-88.726621,41.888604],[-88.725823,41.888609],[-88.725842,41.891980],[-88.726184,41.891976],[-88.726184,41.892005],[-88.726647,41.892003],[-88.726652,41.890432],[-88.72678,41.890432],[-88.726779,41.890297],[-88.726893,41.890297],[-88.726895,41.890434],[-88.726753,41.890435],[-88.726754,41.890514],[-88.727257,41.890511],[-88.727254,41.890238],[-88.727311,41.890238],[-88.727309,41.890114],[-88.727431,41.890114]]]}},{"type":"Feature","properties":{"id":"01312795639","t":"building","op":"Meta","nm":"Meta Gallatin Data Center","st":"TN","co":"Sumner County","sqft":626568,"lat":36.411351,"lon":-86.366013},"geometry":{"type":"Polygon","coordinates":[[[-86.366755,36.413212],[-86.367486,36.409850],[-86.366694,36.409738],[-86.366449,36.410866],[-86.365739,36.410766],[-86.365983,36.409647],[-86.365249,36.409543],[-86.364521,36.412884],[-86.365273,36.412990],[-86.365568,36.411633],[-86.366319,36.411738],[-86.366021,36.413109],[-86.366755,36.413212]]]}},{"type":"Feature","properties":{"id":"01312795640","t":"building","op":"Meta","nm":"Meta Gallatin Data Center","st":"TN","co":"Sumner County","sqft":626683,"lat":36.406049,"lon":-86.366608},"geometry":{"type":"Polygon","coordinates":[[[-86.368885,36.406732],[-86.366056,36.404188],[-86.365457,36.404619],[-86.366405,36.405472],[-86.365868,36.405859],[-86.364927,36.405012],[-86.364371,36.405412],[-86.367180,36.407940],[-86.367750,36.407531],[-86.366608,36.406504],[-86.367176,36.406094],[-86.368329,36.407132],[-86.368885,36.406732]]]}},{"type":"Feature","properties":{"id":"01312801354","t":"building","op":"Google","nm":"Google","st":"NE","co":"Sarpy County","sqft":297414,"lat":41.13791,"lon":-96.151431},"geometry":{"type":"Polygon","coordinates":[[[-96.150818,41.139115],[-96.152053,41.139106],[-96.152041,41.136701],[-96.150810,41.136713],[-96.150818,41.139115]]]}},{"type":"Feature","properties":{"id":"01313995085","t":"building","op":null,"nm":null,"st":"CA","co":"Santa Clara County","sqft":124069,"lat":37.370643,"lon":-121.974507},"geometry":{"type":"Polygon","coordinates":[[[-121.973984,37.370086],[-121.973836,37.370449],[-121.973694,37.370415],[-121.973552,37.370755],[-121.975094,37.371199],[-121.975412,37.370502],[-121.973984,37.370086]]]}},{"type":"Feature","properties":{"id":"01314010354","t":"building","op":"Vantage Data Centers","nm":"Vantage Santa Clara CA2","st":"CA","co":"Santa Clara County","sqft":132031,"lat":37.364032,"lon":-121.946845},"geometry":{"type":"Polygon","coordinates":[[[-121.945742,37.363660],[-121.945847,37.364331],[-121.946518,37.364265],[-121.946540,37.364404],[-121.948037,37.364256],[-121.947954,37.363730],[-121.946423,37.363881],[-121.946378,37.363597],[-121.945742,37.363660]]]}},{"type":"Feature","properties":{"id":"01314012931","t":"building","op":"Digital Realty","nm":"Digital Realty Silicon Valley SJC37","st":"CA","co":"Santa Clara County","sqft":155689,"lat":37.370936,"lon":-121.947216},"geometry":{"type":"Polygon","coordinates":[[[-121.947736,37.370295],[-121.947139,37.370349],[-121.947126,37.370259],[-121.946721,37.370296],[-121.946754,37.370524],[-121.946533,37.370544],[-121.946677,37.371544],[-121.946769,37.371579],[-121.947872,37.371487],[-121.947900,37.371425],[-121.947736,37.370295]]]}},{"type":"Feature","properties":{"id":"01315636714","t":"building","op":"Quality Technology Services","nm":"QTS","st":"AZ","co":"Maricopa County","sqft":162484,"lat":33.464747,"lon":-111.997534},"geometry":{"type":"Polygon","coordinates":[[[-111.996599,33.464514],[-111.996598,33.464330],[-111.996376,33.464331],[-111.996376,33.464391],[-111.996194,33.464391],[-111.996196,33.464946],[-111.996357,33.464945],[-111.996358,33.464980],[-111.996405,33.464980],[-111.996406,33.465029],[-111.998820,33.465023],[-111.998820,33.464942],[-111.998926,33.464942],[-111.998924,33.464370],[-111.998780,33.464371],[-111.998781,33.464509],[-111.996599,33.464514]]]}},{"type":"Feature","properties":{"id":"01317733642","t":"building","op":"Digital Realty","nm":"Digital Realty Northern Virginia IAD44","st":"VA","co":"Loudoun County","sqft":399540,"lat":38.960856,"lon":-77.491432},"geometry":{"type":"Polygon","coordinates":[[[-77.491309,38.959210],[-77.490126,38.959569],[-77.491592,38.962496],[-77.492670,38.962170],[-77.492592,38.962013],[-77.492562,38.962022],[-77.492458,38.961815],[-77.492593,38.961774],[-77.492113,38.960816],[-77.492064,38.960830],[-77.492012,38.960727],[-77.492119,38.960695],[-77.492041,38.960540],[-77.492087,38.960526],[-77.492027,38.960408],[-77.491790,38.960480],[-77.491469,38.959840],[-77.491604,38.959799],[-77.491309,38.959210]]]}},{"type":"Feature","properties":{"id":"01318322071","t":"building","op":"Microsoft","nm":"Microsoft","st":"IA","co":"Warren County","sqft":247197,"lat":41.495806,"lon":-93.787055},"geometry":{"type":"Polygon","coordinates":[[[-93.789411,41.496064],[-93.789409,41.495538],[-93.784698,41.495548],[-93.784699,41.496073],[-93.789411,41.496064]]]}},{"type":"Feature","properties":{"id":"01318322073","t":"building","op":"Microsoft","nm":"Microsoft","st":"IA","co":"Warren County","sqft":247201,"lat":41.49475,"lon":-93.787021},"geometry":{"type":"Polygon","coordinates":[[[-93.789377,41.495008],[-93.789375,41.494482],[-93.784663,41.494492],[-93.784665,41.495017],[-93.789377,41.495008]]]}},{"type":"Feature","properties":{"id":"01318322780","t":"building","op":"Apple","nm":"Apple","st":"IA","co":"Dallas County","sqft":313804,"lat":41.616851,"lon":-93.924402},"geometry":{"type":"Polygon","coordinates":[[[-93.926460,41.617236],[-93.926456,41.616467],[-93.922333,41.616470],[-93.922341,41.617230],[-93.926460,41.617236]]]}},{"type":"Feature","properties":{"id":"01319637945","t":"building","op":null,"nm":null,"st":"VA","co":"Loudoun County","sqft":172204,"lat":38.949862,"lon":-77.549509},"geometry":{"type":"Polygon","coordinates":[[[-77.549729,38.950709],[-77.549876,38.950461],[-77.549805,38.950436],[-77.550384,38.949456],[-77.550474,38.949488],[-77.550498,38.949448],[-77.549166,38.948972],[-77.549129,38.949035],[-77.549221,38.949067],[-77.549205,38.949095],[-77.549300,38.949129],[-77.548604,38.950307],[-77.549729,38.950709]]]}},{"type":"Feature","properties":{"id":"01319724559","t":"building","op":null,"nm":null,"st":"OH","co":"Delaware County","sqft":307645,"lat":40.224524,"lon":-83.04586},"geometry":{"type":"Polygon","coordinates":[[[-83.047054,40.225115],[-83.047129,40.224197],[-83.047184,40.224199],[-83.047203,40.223968],[-83.046696,40.223944],[-83.046698,40.223916],[-83.045708,40.223869],[-83.045694,40.224042],[-83.045240,40.224020],[-83.045248,40.223920],[-83.044528,40.223886],[-83.044522,40.223956],[-83.044454,40.223952],[-83.044444,40.224058],[-83.044549,40.224063],[-83.044547,40.224095],[-83.044673,40.224101],[-83.044610,40.224867],[-83.044461,40.224860],[-83.044457,40.224897],[-83.044386,40.224892],[-83.044380,40.225002],[-83.044449,40.225005],[-83.044443,40.225072],[-83.045114,40.225104],[-83.045115,40.225080],[-83.045987,40.225121],[-83.045985,40.225148],[-83.046099,40.225153],[-83.046101,40.225129],[-83.046987,40.225171],[-83.046985,40.225194],[-83.047098,40.225199],[-83.047105,40.225118],[-83.047054,40.225115]]]}},{"type":"Feature","properties":{"id":"01320038649","t":"building","op":null,"nm":"DC BLOX Myrtle Beach Cable Landing Station","st":"SC","co":"Horry County","sqft":91946,"lat":33.674583,"lon":-78.943696},"geometry":{"type":"Polygon","coordinates":[[[-78.944919,33.674443],[-78.944801,33.674202],[-78.943719,33.674573],[-78.943653,33.674438],[-78.943503,33.674489],[-78.943266,33.674012],[-78.942944,33.674122],[-78.943175,33.674589],[-78.943047,33.674633],[-78.943004,33.674546],[-78.942849,33.674599],[-78.943017,33.674937],[-78.943183,33.674880],[-78.943133,33.674778],[-78.94324,33.674741],[-78.943467,33.675201],[-78.943798,33.675087],[-78.943567,33.674619],[-78.943689,33.674577],[-78.943810,33.674823],[-78.944919,33.674443]]]}},{"type":"Feature","properties":{"id":"01320683840","t":"building","op":null,"nm":null,"st":"NV","co":"Storey County","sqft":390893,"lat":39.51152,"lon":-119.483305},"geometry":{"type":"Polygon","coordinates":[[[-119.486030,39.511163],[-119.480578,39.511177],[-119.480581,39.511875],[-119.486033,39.511860],[-119.486030,39.511163]]]}},{"type":"Feature","properties":{"id":"01333205262","t":"building","op":null,"nm":null,"st":"VA","co":"Loudoun County","sqft":200169,"lat":39.058427,"lon":-77.549757},"geometry":{"type":"Polygon","coordinates":[[[-77.549737,39.057413],[-77.548789,39.057746],[-77.549776,39.059441],[-77.550724,39.059107],[-77.549737,39.057413]]]}},{"type":"Feature","properties":{"id":"01333205263","t":"building","op":null,"nm":null,"st":"VA","co":"Loudoun County","sqft":153155,"lat":39.066015,"lon":-77.558569},"geometry":{"type":"Polygon","coordinates":[[[-77.559963,39.066243],[-77.559937,39.065707],[-77.557175,39.065787],[-77.557201,39.066323],[-77.559963,39.066243]]]}},{"type":"Feature","properties":{"id":"01340746574","t":"building","op":"Meta","nm":"Meta","st":"NM","co":"Valencia County","sqft":588461,"lat":34.825823,"lon":-106.782468},"geometry":{"type":"Polygon","coordinates":[[[-106.781400,34.827542],[-106.782092,34.827538],[-106.782079,34.825990],[-106.782846,34.825986],[-106.78286,34.827538],[-106.783574,34.827533],[-106.783544,34.824225],[-106.782820,34.824229],[-106.782829,34.825153],[-106.782127,34.825158],[-106.782119,34.824184],[-106.781371,34.824188],[-106.781400,34.827542]]]}},{"type":"Feature","properties":{"id":"01343100173","t":"building","op":null,"nm":"DataBank","st":"MN","co":"Hennepin County","sqft":114648,"lat":45.143711,"lon":-93.387128},"geometry":{"type":"Polygon","coordinates":[[[-93.387653,45.144295],[-93.387701,45.143320],[-93.387498,45.143315],[-93.387509,45.143102],[-93.386993,45.143089],[-93.386989,45.143173],[-93.386904,45.143171],[-93.386761,45.143238],[-93.386718,45.143193],[-93.386583,45.143189],[-93.386535,45.144141],[-93.386781,45.144147],[-93.386774,45.144274],[-93.387653,45.144295]]]}},{"type":"Feature","properties":{"id":"01343760339","t":"building","op":null,"nm":"Vantage WA13","st":"WA","co":"Grant County","sqft":252025,"lat":47.252528,"lon":-119.813623},"geometry":{"type":"Polygon","coordinates":[[[-119.814702,47.253183],[-119.814711,47.251907],[-119.813042,47.251901],[-119.813043,47.251780],[-119.812576,47.251779],[-119.812566,47.253176],[-119.814702,47.253183]]]}},{"type":"Feature","properties":{"id":"01343761104","t":"building","op":null,"nm":null,"st":"WA","co":"Grant County","sqft":119147,"lat":47.243645,"lon":-119.869051},"geometry":{"type":"Polygon","coordinates":[[[-119.869670,47.243113],[-119.868435,47.243111],[-119.868431,47.244176],[-119.869666,47.244178],[-119.869670,47.243113]]]}},{"type":"Feature","properties":{"id":"01343764880","t":"building","op":null,"nm":null,"st":"VA","co":"Fairfax County","sqft":135479,"lat":38.922773,"lon":-77.427871},"geometry":{"type":"Polygon","coordinates":[[[-77.427484,38.921931],[-77.427469,38.923598],[-77.428259,38.923602],[-77.428274,38.921952],[-77.427711,38.921947],[-77.427711,38.921933],[-77.427484,38.921931]]]}},{"type":"Feature","properties":{"id":"01343764881","t":"building","op":null,"nm":null,"st":"VA","co":"Fairfax County","sqft":130413,"lat":38.921125,"lon":-77.426554},"geometry":{"type":"Polygon","coordinates":[[[-77.427588,38.921436],[-77.427597,38.920831],[-77.425526,38.920811],[-77.425519,38.921253],[-77.425491,38.921253],[-77.425488,38.921416],[-77.427588,38.921436]]]}},{"type":"Feature","properties":{"id":"01343764882","t":"building","op":null,"nm":null,"st":"VA","co":"Fairfax County","sqft":132753,"lat":38.922692,"lon":-77.426307},"geometry":{"type":"Polygon","coordinates":[[[-77.425922,38.921871],[-77.425900,38.923483],[-77.426400,38.923487],[-77.426399,38.923547],[-77.426684,38.923549],[-77.426706,38.921877],[-77.425922,38.921871]]]}},{"type":"Feature","properties":{"id":"01344369104","t":"building","op":null,"nm":"Amazon","st":"TX","co":"Bexar County","sqft":104910,"lat":29.450736,"lon":-98.638714},"geometry":{"type":"Polygon","coordinates":[[[-98.639003,29.451444],[-98.639083,29.450471],[-98.638947,29.450462],[-98.638990,29.449937],[-98.638531,29.449908],[-98.638487,29.450441],[-98.638404,29.450436],[-98.638324,29.451402],[-98.639003,29.451444]]]}},{"type":"Feature","properties":{"id":"01344369111","t":"building","op":null,"nm":null,"st":"TX","co":"Bexar County","sqft":64212,"lat":29.418454,"lon":-98.788808},"geometry":{"type":"Polygon","coordinates":[[[-98.789346,29.418928],[-98.788763,29.417996],[-98.788843,29.417958],[-98.788750,29.417809],[-98.788245,29.418048],[-98.788378,29.418260],[-98.788429,29.418236],[-98.788950,29.419069],[-98.788914,29.419086],[-98.788936,29.419122],[-98.789346,29.418928]]]}},{"type":"Feature","properties":{"id":"01344376231","t":"building","op":"Csquare","nm":"Csquare SFO4","st":"CA","co":"Santa Clara County","sqft":32249,"lat":37.375755,"lon":-121.956269},"geometry":{"type":"Polygon","coordinates":[[[-121.956585,37.375989],[-121.956587,37.375514],[-121.955954,37.375513],[-121.955953,37.375980],[-121.956072,37.375980],[-121.956072,37.376016],[-121.956270,37.376016],[-121.956270,37.375988],[-121.956585,37.375989]]]}},{"type":"Feature","properties":{"id":"01344901567","t":"building","op":null,"nm":null,"st":"VA","co":"Loudoun County","sqft":128835,"lat":39.000446,"lon":-77.460774},"geometry":{"type":"Polygon","coordinates":[[[-77.459768,39.000782],[-77.461770,39.000726],[-77.461752,39.000346],[-77.461850,39.000343],[-77.461840,39.000113],[-77.459740,39.000173],[-77.459768,39.000782]]]}},{"type":"Feature","properties":{"id":"01344901568","t":"building","op":null,"nm":null,"st":"VA","co":"Loudoun County","sqft":130571,"lat":38.999113,"lon":-77.460867},"geometry":{"type":"Polygon","coordinates":[[[-77.461881,38.998773],[-77.459861,38.998831],[-77.459880,38.999227],[-77.459775,38.999230],[-77.459786,38.999447],[-77.461910,38.999386],[-77.461881,38.998773]]]}},{"type":"Feature","properties":{"id":"01344901575","t":"building","op":null,"nm":"Vantage VA2","st":"VA","co":"Loudoun County","sqft":187488,"lat":38.997959,"lon":-77.430254},"geometry":{"type":"Polygon","coordinates":[[[-77.431238,38.998299],[-77.430823,38.997233],[-77.429918,38.997447],[-77.429904,38.997412],[-77.429674,38.997466],[-77.429720,38.997583],[-77.429270,38.997689],[-77.429412,38.998051],[-77.429654,38.998672],[-77.431238,38.998299]]]}},{"type":"Feature","properties":{"id":"01351049826","t":"building","op":"DataBank","nm":"DataBank Santa Clara SFO1","st":"CA","co":"Santa Clara County","sqft":26781,"lat":37.407299,"lon":-121.965956},"geometry":{"type":"Polygon","coordinates":[[[-121.966399,37.407027],[-121.965702,37.407254],[-121.965682,37.407215],[-121.965457,37.407287],[-121.965606,37.407577],[-121.96607,37.407426],[-121.966044,37.407377],[-121.966503,37.407228],[-121.966399,37.407027]]]}},{"type":"Feature","properties":{"id":"01365213539","t":"building","op":"Stayton Cooperative Telephone Company","nm":"PTC","st":"OR","co":"Linn County","sqft":2521,"lat":44.775219,"lon":-122.615931},"geometry":{"type":"Polygon","coordinates":[[[-122.616009,44.775133],[-122.615852,44.775133],[-122.615853,44.775286],[-122.615867,44.775286],[-122.615867,44.775304],[-122.615889,44.775304],[-122.615889,44.775292],[-122.615900,44.775292],[-122.615900,44.775313],[-122.615971,44.775313],[-122.615971,44.775293],[-122.61601,44.775293],[-122.616009,44.775133]]]}},{"type":"Feature","properties":{"id":"01368776076","t":"building","op":null,"nm":null,"st":"IA","co":"Polk County","sqft":263940,"lat":41.515864,"lon":-93.720312},"geometry":{"type":"Polygon","coordinates":[[[-93.722348,41.516799],[-93.722635,41.516282],[-93.718276,41.514928],[-93.717989,41.515445],[-93.722348,41.516799]]]}},{"type":"Feature","properties":{"id":"01368776077","t":"building","op":null,"nm":null,"st":"IA","co":"Polk County","sqft":248069,"lat":41.516864,"lon":-93.719767},"geometry":{"type":"Polygon","coordinates":[[[-93.721790,41.517779],[-93.722062,41.517288],[-93.717744,41.515947],[-93.717472,41.516438],[-93.721790,41.517779]]]}},{"type":"Feature","properties":{"id":"01371348227","t":"building","op":null,"nm":"CenturyLink","st":"MO","co":"Caldwell County","sqft":1433,"lat":39.744048,"lon":-93.997376},"geometry":{"type":"Polygon","coordinates":[[[-93.997326,39.744117],[-93.997428,39.744116],[-93.997425,39.743979],[-93.997324,39.743979],[-93.997326,39.744117]]]}},{"type":"Feature","properties":{"id":"01372772726","t":"building","op":null,"nm":null,"st":"AZ","co":"Maricopa County","sqft":241211,"lat":33.35323,"lon":-111.67809},"geometry":{"type":"Polygon","coordinates":[[[-111.678553,33.354378],[-111.678562,33.352053],[-111.677641,33.352051],[-111.677634,33.354122],[-111.677505,33.354121],[-111.677504,33.354375],[-111.678553,33.354378]]]}},{"type":"Feature","properties":{"id":"01374895921","t":"building","op":"Amazon Web Services","nm":"Amazon Web Services","st":"OR","co":"Umatilla County","sqft":218723,"lat":45.879533,"lon":-119.341636},"geometry":{"type":"Polygon","coordinates":[[[-119.342083,45.878158],[-119.341204,45.878154],[-119.341193,45.879388],[-119.341385,45.879389],[-119.341382,45.879692],[-119.341179,45.879691],[-119.341167,45.880895],[-119.342060,45.880899],[-119.342072,45.879681],[-119.342024,45.879681],[-119.342027,45.879391],[-119.342072,45.879391],[-119.342083,45.878158]]]}},{"type":"Feature","properties":{"id":"01374895922","t":"building","op":"Amazon Web Services","nm":"Amazon Web Services","st":"OR","co":"Umatilla County","sqft":218708,"lat":45.882525,"lon":-119.33969},"geometry":{"type":"Polygon","coordinates":[[[-119.339290,45.883905],[-119.340169,45.883894],[-119.340137,45.882661],[-119.339945,45.882663],[-119.339937,45.882360],[-119.340140,45.882357],[-119.340109,45.881154],[-119.339216,45.881165],[-119.339247,45.882383],[-119.339296,45.882382],[-119.339303,45.882672],[-119.339258,45.882672],[-119.339290,45.883905]]]}},{"type":"Feature","properties":{"id":"01375443893","t":"building","op":null,"nm":null,"st":"OH","co":"Licking County","sqft":95190,"lat":40.059248,"lon":-82.762698},"geometry":{"type":"Polygon","coordinates":[[[-82.763006,40.057623],[-82.762887,40.057617],[-82.762881,40.057690],[-82.762620,40.057678],[-82.762610,40.057802],[-82.762867,40.057815],[-82.762861,40.057884],[-82.762603,40.057871],[-82.762592,40.057997],[-82.762848,40.058010],[-82.762841,40.058087],[-82.762578,40.058074],[-82.762568,40.058193],[-82.762830,40.058206],[-82.762824,40.058277],[-82.762574,40.058264],[-82.762564,40.058385],[-82.762824,40.058398],[-82.762817,40.058478],[-82.762549,40.058465],[-82.762538,40.058593],[-82.762793,40.058606],[-82.762787,40.058675],[-82.762533,40.058662],[-82.762523,40.058785],[-82.762734,40.058796],[-82.762728,40.058871],[-82.762519,40.058861],[-82.76251,40.058979],[-82.762762,40.058991],[-82.762755,40.059072],[-82.762498,40.059060],[-82.762489,40.059178],[-82.762744,40.059190],[-82.762738,40.059268],[-82.762480,40.059255],[-82.762470,40.059377],[-82.762723,40.059390],[-82.762717,40.059461],[-82.762460,40.059448],[-82.76245,40.059576],[-82.762702,40.059588],[-82.762697,40.059655],[-82.762440,40.059643],[-82.76243,40.059772],[-82.762692,40.059784],[-82.762686,40.059860],[-82.762430,40.059847],[-82.762420,40.059965],[-82.762676,40.059978],[-82.762670,40.060057],[-82.762411,40.060044],[-82.762401,40.060165],[-82.762655,40.060178],[-82.762649,40.060251],[-82.762393,40.060238],[-82.762383,40.060364],[-82.762595,40.060374],[-82.762589,40.060444],[-82.762376,40.060434],[-82.762365,40.060561],[-82.762617,40.060574],[-82.762611,40.060646],[-82.762358,40.060634],[-82.762348,40.060757],[-82.762602,40.060770],[-82.762595,40.060852],[-82.762732,40.060858],[-82.763006,40.057623]]]}},{"type":"Feature","properties":{"id":"01375475071","t":"building","op":"Microsoft","nm":"Microsoft","st":"IA","co":"Dallas County","sqft":250490,"lat":41.533916,"lon":-93.863439},"geometry":{"type":"Polygon","coordinates":[[[-93.865775,41.534188],[-93.865777,41.533652],[-93.861102,41.533643],[-93.861100,41.534180],[-93.865775,41.534188]]]}},{"type":"Feature","properties":{"id":"01375475072","t":"building","op":"Microsoft","nm":"Microsoft","st":"IA","co":"Dallas County","sqft":250494,"lat":41.532838,"lon":-93.863462},"geometry":{"type":"Polygon","coordinates":[[[-93.865798,41.533110],[-93.865800,41.532573],[-93.861125,41.532564],[-93.861123,41.533102],[-93.865798,41.533110]]]}},{"type":"Feature","properties":{"id":"01375475073","t":"building","op":"Microsoft","nm":"Microsoft","st":"IA","co":"Dallas County","sqft":250498,"lat":41.531814,"lon":-93.863442},"geometry":{"type":"Polygon","coordinates":[[[-93.865779,41.532086],[-93.865781,41.531550],[-93.861106,41.531541],[-93.861104,41.532078],[-93.865779,41.532086]]]}},{"type":"Feature","properties":{"id":"01379421123","t":"building","op":"Flexential","nm":"Flexential Las Vegas - Downtown","st":"NV","co":"Clark County","sqft":439,"lat":36.168644,"lon":-115.143145},"geometry":{"type":"Polygon","coordinates":[[[-115.143098,36.168668],[-115.143144,36.168688],[-115.143190,36.168619],[-115.143144,36.168599],[-115.143098,36.168668]]]}},{"type":"Feature","properties":{"id":"01380114462","t":"building","op":null,"nm":null,"st":"VA","co":"Fauquier County","sqft":59703,"lat":38.737213,"lon":-77.826249},"geometry":{"type":"Polygon","coordinates":[[[-77.825818,38.736738],[-77.825512,38.737053],[-77.826609,38.737677],[-77.826814,38.737469],[-77.826948,38.737488],[-77.827047,38.737397],[-77.825818,38.736738]]]}},{"type":"Feature","properties":{"id":"01380114463","t":"building","op":null,"nm":null,"st":"VA","co":"Fauquier County","sqft":107125,"lat":38.738222,"lon":-77.825806},"geometry":{"type":"Polygon","coordinates":[[[-77.825444,38.737556],[-77.825123,38.737898],[-77.825360,38.738034],[-77.825103,38.738330],[-77.826098,38.738872],[-77.826382,38.738549],[-77.826300,38.738497],[-77.826478,38.738323],[-77.826606,38.738342],[-77.826633,38.738303],[-77.826542,38.738246],[-77.826580,38.738209],[-77.825444,38.737556]]]}},{"type":"Feature","properties":{"id":"01381264361","t":"building","op":null,"nm":"xAI Colossus","st":"TN","co":"Shelby County","sqft":776966,"lat":35.05996,"lon":-90.156452},"geometry":{"type":"Polygon","coordinates":[[[-90.157342,35.061663],[-90.157485,35.060407],[-90.157672,35.060421],[-90.157747,35.059761],[-90.157560,35.059746],[-90.157728,35.058263],[-90.157375,35.058236],[-90.157344,35.058512],[-90.155480,35.058370],[-90.155347,35.059552],[-90.155771,35.059584],[-90.155763,35.059655],[-90.155156,35.059609],[-90.155016,35.060840],[-90.155617,35.060885],[-90.155544,35.061527],[-90.157342,35.061663]]]}},{"type":"Feature","properties":{"id":"01381994242","t":"building","op":"CloudHQ","nm":null,"st":"VA","co":"Loudoun County","sqft":460596,"lat":39.002358,"lon":-77.471993},"geometry":{"type":"Polygon","coordinates":[[[-77.474156,39.002189],[-77.470139,39.001471],[-77.469812,39.002494],[-77.473791,39.003263],[-77.474156,39.002189]]]}},{"type":"Feature","properties":{"id":"01382205749","t":"building","op":"T5 Data Centers","nm":"T5@Cleveland","st":"OH","co":"Cuyahoga County","sqft":244723,"lat":41.442469,"lon":-81.802154},"geometry":{"type":"Polygon","coordinates":[[[-81.802481,41.443808],[-81.802478,41.443718],[-81.802597,41.443717],[-81.802582,41.443272],[-81.802566,41.443272],[-81.802556,41.443001],[-81.802451,41.442928],[-81.802449,41.442870],[-81.802092,41.443146],[-81.802086,41.442929],[-81.802108,41.442930],[-81.802335,41.442749],[-81.802197,41.442753],[-81.802197,41.442654],[-81.802296,41.442651],[-81.802293,41.442572],[-81.802445,41.442570],[-81.802434,41.442261],[-81.802414,41.442262],[-81.802409,41.442140],[-81.802615,41.442133],[-81.802618,41.442187],[-81.802835,41.442183],[-81.802834,41.442156],[-81.803142,41.442150],[-81.803133,41.441856],[-81.803110,41.441856],[-81.803110,41.441830],[-81.802986,41.441833],[-81.802972,41.441420],[-81.802335,41.441432],[-81.802335,41.441424],[-81.802055,41.441429],[-81.801545,41.441438],[-81.801557,41.441752],[-81.801499,41.441753],[-81.801501,41.441820],[-81.801558,41.441820],[-81.801583,41.442603],[-81.801457,41.442605],[-81.801469,41.442938],[-81.801602,41.442937],[-81.801605,41.443062],[-81.801652,41.443061],[-81.801815,41.443058],[-81.801813,41.442990],[-81.802035,41.442986],[-81.802044,41.443191],[-81.802039,41.443196],[-81.801657,41.443198],[-81.801612,41.443199],[-81.801631,41.443751],[-81.801661,41.443789],[-81.801700,41.443814],[-81.801754,41.443823],[-81.802481,41.443808]]]}},{"type":"Feature","properties":{"id":"01383913490","t":"building","op":"Databank","nm":"Databank LGA3","st":"NY","co":"Rockland County","sqft":197452,"lat":41.039943,"lon":-73.989651},"geometry":{"type":"Polygon","coordinates":[[[-73.990428,41.040633],[-73.990269,41.039205],[-73.988716,41.039349],[-73.989195,41.040695],[-73.990428,41.040633]]]}},{"type":"Feature","properties":{"id":"01383916144","t":"building","op":"CoreSite","nm":"CoreSite NY3","st":"NJ","co":"Hudson County","sqft":39679,"lat":40.784904,"lon":-74.065357},"geometry":{"type":"Polygon","coordinates":[[[-74.065868,40.785227],[-74.066021,40.784939],[-74.064845,40.784580],[-74.064692,40.784868],[-74.065868,40.785227]]]}},{"type":"Feature","properties":{"id":"01386016627","t":"building","op":"Amazon Web Services","nm":"Amazon Web Services","st":"OH","co":"Licking County","sqft":213519,"lat":40.102429,"lon":-82.750129},"geometry":{"type":"Polygon","coordinates":[[[-82.750632,40.101079],[-82.749837,40.101032],[-82.749751,40.102276],[-82.749800,40.102276],[-82.749769,40.102562],[-82.749732,40.102562],[-82.749650,40.103790],[-82.750433,40.103819],[-82.750519,40.102584],[-82.750321,40.102576],[-82.750342,40.102289],[-82.750524,40.102301],[-82.750632,40.101079]]]}},{"type":"Feature","properties":{"id":"01386016628","t":"building","op":"Amazon Web Services","nm":"Amazon Web Services","st":"OH","co":"Licking County","sqft":125656,"lat":40.101978,"lon":-82.751912},"geometry":{"type":"Polygon","coordinates":[[[-82.751857,40.101191],[-82.751857,40.101138],[-82.751593,40.101123],[-82.751471,40.102762],[-82.752247,40.102787],[-82.752353,40.101216],[-82.751857,40.101191]]]}},{"type":"Feature","properties":{"id":"01386016629","t":"building","op":"Amazon Web Services","nm":"Amazon Web Services","st":"OH","co":"Licking County","sqft":213118,"lat":40.094219,"lon":-82.732111},"geometry":{"type":"Polygon","coordinates":[[[-82.733913,40.093993],[-82.732339,40.093929],[-82.732325,40.093961],[-82.731924,40.093950],[-82.731924,40.093911],[-82.730350,40.093843],[-82.730308,40.094454],[-82.731900,40.094511],[-82.731910,40.094354],[-82.732162,40.094354],[-82.732162,40.094390],[-82.732288,40.094397],[-82.732279,40.094532],[-82.733857,40.094608],[-82.733913,40.093993]]]}},{"type":"Feature","properties":{"id":"01386016630","t":"building","op":"Amazon Web Services","nm":"Amazon Web Services","st":"OH","co":"Licking County","sqft":72426,"lat":40.094378,"lon":-82.729281},"geometry":{"type":"Polygon","coordinates":[[[-82.729626,40.094893],[-82.729692,40.093936],[-82.728916,40.093900],[-82.728865,40.094797],[-82.729365,40.094826],[-82.729355,40.094883],[-82.729626,40.094893]]]}},{"type":"Feature","properties":{"id":"01386016631","t":"building","op":"Amazon Web Services","nm":"Amazon Web Services","st":"OH","co":"Licking County","sqft":211441,"lat":40.095502,"lon":-82.732004},"geometry":{"type":"Polygon","coordinates":[[[-82.732185,40.095804],[-82.733775,40.095877],[-82.733815,40.095274],[-82.732228,40.095215],[-82.732213,40.095371],[-82.731975,40.095364],[-82.731975,40.095333],[-82.731828,40.095328],[-82.731840,40.095189],[-82.730244,40.095111],[-82.730195,40.095715],[-82.731791,40.095786],[-82.731793,40.095761],[-82.732189,40.095776],[-82.732185,40.095804]]]}},{"type":"Feature","properties":{"id":"01386016632","t":"building","op":"Google","nm":"Google NBY-5","st":"OH","co":"Franklin County","sqft":287008,"lat":40.05652,"lon":-82.772049},"geometry":{"type":"Polygon","coordinates":[[[-82.772521,40.057744],[-82.772736,40.055315],[-82.771596,40.055277],[-82.771399,40.057362],[-82.771301,40.057362],[-82.771276,40.057683],[-82.772521,40.057744]]]}},{"type":"Feature","properties":{"id":"01386016633","t":"building","op":"Google","nm":"Google NBY-6","st":"OH","co":"Franklin County / Licking County","sqft":287583,"lat":40.053927,"lon":-82.767611},"geometry":{"type":"Polygon","coordinates":[[[-82.769121,40.054519],[-82.769198,40.053557],[-82.766061,40.053399],[-82.765990,40.054281],[-82.768711,40.054425],[-82.768714,40.054498],[-82.769121,40.054519]]]}},{"type":"Feature","properties":{"id":"01386016634","t":"building","op":"Meta","nm":"Meta","st":"OH","co":"Licking County","sqft":365548,"lat":40.061496,"lon":-82.740545},"geometry":{"type":"Polygon","coordinates":[[[-82.740876,40.059913],[-82.739728,40.060026],[-82.740075,40.062266],[-82.740008,40.062289],[-82.740088,40.062718],[-82.740242,40.062699],[-82.740285,40.063072],[-82.741314,40.062978],[-82.741252,40.062605],[-82.741376,40.062596],[-82.741295,40.062162],[-82.741234,40.062171],[-82.740876,40.059913]]]}},{"type":"Feature","properties":{"id":"01386016635","t":"building","op":"Meta","nm":"Meta","st":"OH","co":"Licking County","sqft":304109,"lat":40.065239,"lon":-82.741149},"geometry":{"type":"Polygon","coordinates":[[[-82.741445,40.063883],[-82.740416,40.063982],[-82.740478,40.064288],[-82.740404,40.064293],[-82.740792,40.066576],[-82.741932,40.066467],[-82.741556,40.064152],[-82.741482,40.064170],[-82.741445,40.063883]]]}},{"type":"Feature","properties":{"id":"01386016636","t":"building","op":"Amazon Web Services","nm":"Amazon Web Services","st":"OH","co":"Union County","sqft":210421,"lat":40.135797,"lon":-83.212644},"geometry":{"type":"Polygon","coordinates":[[[-83.214346,40.135296],[-83.213939,40.134788],[-83.212587,40.135473],[-83.212689,40.135608],[-83.212506,40.135698],[-83.212469,40.135669],[-83.212362,40.135731],[-83.212270,40.135616],[-83.210935,40.136289],[-83.211369,40.136789],[-83.212705,40.136120],[-83.212683,40.136092],[-83.212962,40.135940],[-83.212995,40.135969],[-83.214346,40.135296]]]}},{"type":"Feature","properties":{"id":"01386016637","t":"building","op":"Amazon Web Services","nm":"Amazon Web Services","st":"OH","co":"Union County","sqft":156855,"lat":40.120072,"lon":-83.199309},"geometry":{"type":"Polygon","coordinates":[[[-83.199593,40.119815],[-83.199132,40.119018],[-83.198411,40.119270],[-83.198880,40.120060],[-83.198907,40.120050],[-83.199077,40.120312],[-83.199028,40.120326],[-83.199478,40.121108],[-83.200226,40.120854],[-83.199745,40.120059],[-83.199561,40.120124],[-83.199469,40.119978],[-83.199490,40.119964],[-83.199433,40.119867],[-83.199593,40.119815]]]}},{"type":"Feature","properties":{"id":"01386016638","t":"building","op":"Amazon Web Services","nm":"Amazon Web Services","st":"OH","co":"Union County","sqft":211969,"lat":40.119301,"lon":-83.203217},"geometry":{"type":"Polygon","coordinates":[[[-83.203551,40.119487],[-83.205020,40.118992],[-83.204700,40.118453],[-83.203218,40.118964],[-83.203310,40.119110],[-83.203116,40.119181],[-83.203091,40.119153],[-83.202965,40.119202],[-83.202888,40.119080],[-83.201431,40.119596],[-83.201764,40.120145],[-83.203212,40.119633],[-83.203205,40.119605],[-83.203551,40.119487]]]}},{"type":"Feature","properties":{"id":"01386016639","t":"building","op":"Amazon Web Services","nm":"Amazon Web Services","st":"OH","co":"Union County","sqft":216190,"lat":40.118112,"lon":-83.202523},"geometry":{"type":"Polygon","coordinates":[[[-83.203993,40.117269],[-83.202520,40.117778],[-83.202545,40.117801],[-83.202197,40.117924],[-83.202178,40.117898],[-83.200733,40.118412],[-83.201066,40.118965],[-83.202532,40.118445],[-83.202449,40.118306],[-83.202631,40.118233],[-83.202649,40.118261],[-83.202791,40.118219],[-83.202862,40.118336],[-83.204310,40.117825],[-83.203993,40.117269]]]}},{"type":"Feature","properties":{"id":"01386016640","t":"building","op":"Amazon Web Services","nm":"Amazon Web Services","st":"OH","co":"Franklin County","sqft":214085,"lat":40.050176,"lon":-83.175524},"geometry":{"type":"Polygon","coordinates":[[[-83.177263,40.049727],[-83.175667,40.049862],[-83.175671,40.049892],[-83.175288,40.049930],[-83.175288,40.049895],[-83.173703,40.050028],[-83.173795,40.050632],[-83.175380,40.050496],[-83.175356,40.050334],[-83.175593,40.050312],[-83.175596,40.050347],[-83.175731,40.050328],[-83.175745,40.050466],[-83.177327,40.050336],[-83.177263,40.049727]]]}},{"type":"Feature","properties":{"id":"01386016641","t":"building","op":"Amazon Web Services","nm":"Amazon Web Services","st":"OH","co":"Franklin County","sqft":211155,"lat":40.051528,"lon":-83.175716},"geometry":{"type":"Polygon","coordinates":[[[-83.177447,40.051081],[-83.175834,40.051217],[-83.175855,40.051377],[-83.175642,40.051398],[-83.175642,40.051368],[-83.175497,40.051382],[-83.175473,40.051236],[-83.173898,40.051371],[-83.173979,40.051962],[-83.175557,40.051835],[-83.175557,40.051813],[-83.175943,40.051780],[-83.175950,40.051810],[-83.177532,40.051675],[-83.177447,40.051081]]]}},{"type":"Feature","properties":{"id":"01386016642","t":"building","op":"Amazon Web Services","nm":"Amazon Web Services","st":"OH","co":"Franklin County","sqft":212842,"lat":40.016418,"lon":-83.125858},"geometry":{"type":"Polygon","coordinates":[[[-83.126382,40.015068],[-83.125597,40.015021],[-83.125483,40.016254],[-83.125695,40.016266],[-83.125683,40.016444],[-83.125638,40.016444],[-83.125622,40.016547],[-83.125447,40.016540],[-83.125321,40.017773],[-83.126093,40.017817],[-83.126227,40.016590],[-83.126195,40.016584],[-83.126215,40.016291],[-83.126260,40.016304],[-83.126382,40.015068]]]}},{"type":"Feature","properties":{"id":"01386016643","t":"building","op":"Amazon Web Services","nm":"Amazon Web Services","st":"OH","co":"Franklin County","sqft":217920,"lat":40.021017,"lon":-83.126024},"geometry":{"type":"Polygon","coordinates":[[[-83.125427,40.019679],[-83.125597,40.020915],[-83.125780,40.020896],[-83.125821,40.021189],[-83.125638,40.021204],[-83.125817,40.022409],[-83.126614,40.022350],[-83.126443,40.021130],[-83.126390,40.021130],[-83.126341,40.020837],[-83.126398,40.020840],[-83.126211,40.019616],[-83.125427,40.019679]]]}},{"type":"Feature","properties":{"id":"01386017490","t":"building","op":"Amazon Web Services","nm":"Amazon Web Services","st":"OR","co":"Morrow County","sqft":214042,"lat":45.851731,"lon":-119.619663},"geometry":{"type":"Polygon","coordinates":[[[-119.62163,45.851439],[-119.619886,45.851432],[-119.619891,45.851476],[-119.619462,45.851465],[-119.619462,45.851417],[-119.617713,45.851439],[-119.617692,45.852037],[-119.619473,45.852037],[-119.619473,45.851902],[-119.619886,45.851895],[-119.619902,45.852033],[-119.621624,45.852044],[-119.62163,45.851439]]]}},{"type":"Feature","properties":{"id":"01386017491","t":"building","op":"Amazon Web Services","nm":"Amazon Web Services","st":"OR","co":"Morrow County","sqft":210337,"lat":45.8531,"lon":-119.619685},"geometry":{"type":"Polygon","coordinates":[[[-119.621646,45.852788],[-119.619870,45.852795],[-119.619854,45.852971],[-119.619602,45.852963],[-119.619602,45.852926],[-119.619451,45.852926],[-119.619446,45.852795],[-119.617713,45.852810],[-119.617713,45.853401],[-119.619462,45.853389],[-119.619468,45.853352],[-119.619875,45.853356],[-119.619875,45.853397],[-119.621624,45.853393],[-119.621646,45.852788]]]}},{"type":"Feature","properties":{"id":"01386017492","t":"building","op":"Amazon Web Services","nm":"Amazon Web Services","st":"OR","co":"Morrow County","sqft":210662,"lat":45.818707,"lon":-119.632005},"geometry":{"type":"Polygon","coordinates":[[[-119.633983,45.819000],[-119.633958,45.818403],[-119.632208,45.818412],[-119.632208,45.818450],[-119.631758,45.818459],[-119.631758,45.818412],[-119.630033,45.818420],[-119.630039,45.819017],[-119.631820,45.819004],[-119.631801,45.818837],[-119.632029,45.818832],[-119.632029,45.818867],[-119.63219,45.818867],[-119.632183,45.819008],[-119.633983,45.819000]]]}},{"type":"Feature","properties":{"id":"01386017493","t":"building","op":"Amazon Web Services","nm":"Amazon Web Services","st":"OR","co":"Morrow County","sqft":215555,"lat":45.818696,"lon":-119.636269},"geometry":{"type":"Polygon","coordinates":[[[-119.638235,45.818403],[-119.636485,45.818390],[-119.636472,45.818433],[-119.636084,45.818437],[-119.636084,45.818390],[-119.634285,45.818403],[-119.634303,45.818996],[-119.636096,45.819013],[-119.636078,45.818841],[-119.636306,45.818832],[-119.636306,45.818867],[-119.636460,45.818862],[-119.636472,45.818991],[-119.638241,45.819013],[-119.638235,45.818403]]]}},{"type":"Feature","properties":{"id":"01386017494","t":"building","op":"Amazon Web Services","nm":"Amazon Web Services","st":"OR","co":"Morrow County","sqft":209033,"lat":45.819957,"lon":-119.636287},"geometry":{"type":"Polygon","coordinates":[[[-119.638222,45.819653],[-119.636509,45.819644],[-119.636509,45.819816],[-119.636250,45.819829],[-119.636250,45.819781],[-119.636078,45.819794],[-119.636084,45.819653],[-119.634297,45.819670],[-119.634322,45.820241],[-119.636084,45.820250],[-119.636078,45.820215],[-119.636472,45.820220],[-119.636472,45.820254],[-119.638247,45.820245],[-119.638222,45.819653]]]}},{"type":"Feature","properties":{"id":"01386017495","t":"building","op":"Amazon Web Services","nm":"Amazon Web Services","st":"OR","co":"Umatilla County","sqft":211502,"lat":45.809637,"lon":-119.268615},"geometry":{"type":"Polygon","coordinates":[[[-119.270571,45.809336],[-119.268809,45.809329],[-119.268802,45.809494],[-119.268568,45.809494],[-119.268554,45.809464],[-119.268409,45.809469],[-119.268398,45.809336],[-119.266650,45.809331],[-119.266650,45.809921],[-119.268391,45.809935],[-119.268391,45.809908],[-119.268816,45.809906],[-119.268819,45.809938],[-119.270561,45.809933],[-119.270571,45.809336]]]}},{"type":"Feature","properties":{"id":"01386017496","t":"building","op":"Amazon Web Services","nm":"Amazon Web Services","st":"OR","co":"Umatilla County","sqft":212806,"lat":45.808273,"lon":-119.268613},"geometry":{"type":"Polygon","coordinates":[[[-119.270582,45.807984],[-119.268826,45.807977],[-119.268834,45.808001],[-119.268395,45.808001],[-119.268388,45.807977],[-119.266653,45.807972],[-119.266650,45.808571],[-119.268430,45.808579],[-119.268416,45.808433],[-119.268826,45.808443],[-119.268830,45.808579],[-119.270571,45.808581],[-119.270582,45.807984]]]}},{"type":"Feature","properties":{"id":"01386017497","t":"building","op":"Amazon Web Services","nm":"Amazon Web Services","st":"OR","co":"Umatilla County","sqft":215405,"lat":45.799021,"lon":-119.361733},"geometry":{"type":"Polygon","coordinates":[[[-119.363706,45.798728],[-119.361930,45.798714],[-119.361914,45.798893],[-119.361678,45.798904],[-119.361694,45.798859],[-119.361528,45.798863],[-119.361517,45.798717],[-119.359747,45.798691],[-119.359752,45.799293],[-119.361533,45.799319],[-119.361528,45.799286],[-119.361957,45.799293],[-119.361952,45.799327],[-119.363695,45.799338],[-119.363706,45.798728]]]}},{"type":"Feature","properties":{"id":"01386017498","t":"building","op":"Amazon Web Services","nm":"Amazon Web Services","st":"OR","co":"Umatilla County","sqft":13837,"lat":45.799687,"lon":-119.358445},"geometry":{"type":"Polygon","coordinates":[[[-119.358795,45.799577],[-119.358221,45.799572],[-119.358211,45.799633],[-119.358060,45.799628],[-119.358052,45.799783],[-119.358790,45.799794],[-119.358795,45.799577]]]}},{"type":"Feature","properties":{"id":"01386017499","t":"building","op":"Amazon Web Services","nm":"Amazon Web Services","st":"OR","co":"Umatilla County","sqft":13867,"lat":45.797739,"lon":-119.35892},"geometry":{"type":"Polygon","coordinates":[[[-119.359082,45.797490],[-119.358782,45.797490],[-119.358766,45.798012],[-119.359007,45.798008],[-119.359002,45.797864],[-119.359082,45.797866],[-119.359082,45.797490]]]}},{"type":"Feature","properties":{"id":"01386017500","t":"building","op":"Microsoft","nm":"CYS41 Datacenter","st":"WY","co":"Laramie County","sqft":46211,"lat":41.124393,"lon":-104.897013},"geometry":{"type":"Polygon","coordinates":[[[-104.897244,41.123874],[-104.896786,41.123881],[-104.896795,41.124912],[-104.897220,41.124930],[-104.897244,41.123874]]]}},{"type":"Feature","properties":{"id":"01386017501","t":"building","op":"Microsoft","nm":"CYS42 Datacenter","st":"WY","co":"Laramie County","sqft":60368,"lat":41.125383,"lon":-104.90891},"geometry":{"type":"Polygon","coordinates":[[[-104.909339,41.124982],[-104.908438,41.124979],[-104.908447,41.125225],[-104.908881,41.125218],[-104.908872,41.125306],[-104.908517,41.125320],[-104.908512,41.125774],[-104.909320,41.125784],[-104.909330,41.125327],[-104.908956,41.125310],[-104.908961,41.125229],[-104.909339,41.125225],[-104.909339,41.124982]]]}},{"type":"Feature","properties":{"id":"01386926534","t":"building","op":"xAI","nm":"xAI Macrohard Colossus 2","st":"TN","co":"Shelby County","sqft":961601,"lat":34.997983,"lon":-90.034867},"geometry":{"type":"Polygon","coordinates":[[[-90.033898,35.000274],[-90.035822,35.000278],[-90.035835,34.995691],[-90.033913,34.995687],[-90.033898,35.000274]]]}},{"type":"Feature","properties":{"id":"01387080629","t":"building","op":null,"nm":null,"st":"OK","co":"Muskogee County","sqft":112466,"lat":35.568135,"lon":-95.512417},"geometry":{"type":"Polygon","coordinates":[[[-95.512832,35.568771],[-95.512809,35.567488],[-95.512000,35.567497],[-95.512023,35.568781],[-95.512832,35.568771]]]}},{"type":"Feature","properties":{"id":"01387391201","t":"building","op":"True North Data Solutions","nm":"TikTok Data Center","st":"VA","co":"Loudoun County","sqft":169768,"lat":39.044247,"lon":-77.537998},"geometry":{"type":"Polygon","coordinates":[[[-77.537560,39.043350],[-77.53778,39.043227],[-77.537590,39.043021],[-77.537034,39.043325],[-77.536749,39.043481],[-77.536734,39.043489],[-77.536689,39.043514],[-77.536735,39.043565],[-77.536782,39.043621],[-77.536804,39.043647],[-77.536825,39.043670],[-77.536833,39.043679],[-77.536845,39.043691],[-77.536887,39.043668],[-77.537038,39.043586],[-77.537070,39.043622],[-77.537081,39.043634],[-77.537457,39.044051],[-77.537483,39.044081],[-77.538230,39.044931],[-77.538249,39.044952],[-77.538595,39.045347],[-77.538676,39.045440],[-77.538717,39.045487],[-77.539227,39.045222],[-77.539121,39.045104],[-77.539101,39.045082],[-77.539092,39.045072],[-77.538352,39.044241],[-77.538335,39.044222],[-77.537684,39.043492],[-77.537665,39.043469],[-77.537591,39.043385],[-77.537560,39.043350]]]}},{"type":"Feature","properties":{"id":"01391966326","t":"building","op":"Encompass","nm":"Encompass Minneapolis Facility","st":"MN","co":"Anoka County","sqft":74101,"lat":45.132197,"lon":-93.095622},"geometry":{"type":"Polygon","coordinates":[[[-93.094838,45.132501],[-93.096003,45.132484],[-93.096153,45.132437],[-93.096393,45.132037],[-93.096346,45.131941],[-93.096233,45.131871],[-93.096067,45.131819],[-93.095859,45.131813],[-93.095679,45.131813],[-93.095637,45.131819],[-93.095631,45.132035],[-93.094842,45.132035],[-93.094838,45.132501]]]}},{"type":"Feature","properties":{"id":"01392657385","t":"building","op":null,"nm":null,"st":"KS","co":"Johnson County","sqft":86525,"lat":38.9392,"lon":-94.860185},"geometry":{"type":"Polygon","coordinates":[[[-94.860784,38.938724],[-94.860145,38.938534],[-94.859585,38.939675],[-94.860225,38.939864],[-94.860784,38.938724]]]}},{"type":"Feature","properties":{"id":"01411056682","t":"building","op":"Oppidan","nm":null,"st":"OH","co":"Franklin County","sqft":89315,"lat":40.052673,"lon":-83.127423},"geometry":{"type":"Polygon","coordinates":[[[-83.128283,40.052830],[-83.128160,40.052298],[-83.126563,40.052515],[-83.126686,40.053047],[-83.128283,40.052830]]]}},{"type":"Feature","properties":{"id":"01414729942","t":"building","op":null,"nm":null,"st":"WY","co":"Campbell County","sqft":5975,"lat":44.189237,"lon":-105.61048},"geometry":{"type":"Polygon","coordinates":[[[-105.610211,44.189448],[-105.610819,44.189085],[-105.610749,44.189024],[-105.610140,44.189387],[-105.610211,44.189448]]]}},{"type":"Feature","properties":{"id":"01417637306","t":"building","op":"State of Montana","nm":"State of Montana Data Center","st":"MT","co":"Custer County","sqft":8493,"lat":46.406897,"lon":-105.820645},"geometry":{"type":"Polygon","coordinates":[[[-105.820979,46.406992],[-105.820979,46.406912],[-105.820803,46.406911],[-105.820803,46.406849],[-105.820746,46.406849],[-105.820746,46.406778],[-105.820654,46.406778],[-105.820416,46.406776],[-105.820414,46.406989],[-105.820979,46.406992]]]}},{"type":"Feature","properties":{"id":"01421212901","t":"building","op":"Switch","nm":"Switch Las Vegas 14","st":"NV","co":"Clark County","sqft":223997,"lat":36.065208,"lon":-115.222045},"geometry":{"type":"Polygon","coordinates":[[[-115.223558,36.065025],[-115.223186,36.064382],[-115.220531,36.065389],[-115.220904,36.066032],[-115.223558,36.065025]]]}},{"type":"Feature","properties":{"id":"01422101108","t":"building","op":"Google","nm":"Google","st":"NE","co":"Douglas County","sqft":290161,"lat":41.339142,"lon":-96.084669},"geometry":{"type":"Polygon","coordinates":[[[-96.085642,41.338072],[-96.083387,41.339290],[-96.083330,41.339231],[-96.082977,41.339421],[-96.083727,41.340205],[-96.086337,41.338797],[-96.085642,41.338072]]]}},{"type":"Feature","properties":{"id":"01422101112","t":"building","op":"Google","nm":"Google","st":"NE","co":"Douglas County","sqft":290130,"lat":41.341939,"lon":-96.087719},"geometry":{"type":"Polygon","coordinates":[[[-96.088479,41.340776],[-96.086478,41.342223],[-96.086411,41.342170],[-96.086098,41.342397],[-96.086989,41.343092],[-96.089304,41.341419],[-96.088479,41.340776]]]}},{"type":"Feature","properties":{"id":"01422101116","t":"building","op":"Google","nm":"Google","st":"NE","co":"Douglas County","sqft":290105,"lat":41.345162,"lon":-96.093533},"geometry":{"type":"Polygon","coordinates":[[[-96.091899,41.345576],[-96.094676,41.345622],[-96.094674,41.345695],[-96.095109,41.345702],[-96.095137,41.344737],[-96.091925,41.344683],[-96.091899,41.345576]]]}},{"type":"Feature","properties":{"id":"01425043212","t":"building","op":"Quality Technology Services","nm":"QTS NAL 2 DC1","st":"OH","co":"Licking County","sqft":163319,"lat":40.055684,"lon":-82.756375},"geometry":{"type":"Polygon","coordinates":[[[-82.756740,40.056802],[-82.756561,40.056794],[-82.756714,40.054879],[-82.757047,40.054894],[-82.757072,40.054581],[-82.756117,40.054537],[-82.755928,40.056897],[-82.756729,40.056935],[-82.756740,40.056802]]]}},{"type":"Feature","properties":{"id":"01425043213","t":"building","op":"Quality Technology Services","nm":"QTS NAL 2 DC2","st":"OH","co":"Licking County","sqft":147657,"lat":40.05312,"lon":-82.756577},"geometry":{"type":"Polygon","coordinates":[[[-82.757119,40.053864],[-82.756790,40.053849],[-82.756923,40.052147],[-82.757100,40.052155],[-82.757110,40.052023],[-82.756317,40.051987],[-82.756149,40.054125],[-82.757095,40.054169],[-82.757119,40.053864]]]}},{"type":"Feature","properties":{"id":"01425043214","t":"building","op":"Quality Technology Services","nm":"QTS NAL1 DC2","st":"OH","co":"Licking County","sqft":226711,"lat":40.063562,"lon":-82.758169},"geometry":{"type":"Polygon","coordinates":[[[-82.756049,40.063217],[-82.755998,40.063939],[-82.756391,40.063955],[-82.756409,40.063709],[-82.760245,40.063866],[-82.760236,40.064001],[-82.760413,40.064009],[-82.760456,40.063398],[-82.756049,40.063217]]]}},{"type":"Feature","properties":{"id":"01425043215","t":"building","op":"Quality Technology Services","nm":"QTS NAL1 DC1","st":"OH","co":"Licking County","sqft":225116,"lat":40.065108,"lon":-82.758056},"geometry":{"type":"Polygon","coordinates":[[[-82.760354,40.064860],[-82.760176,40.064852],[-82.760166,40.064985],[-82.756333,40.064816],[-82.756353,40.064555],[-82.755961,40.064538],[-82.755906,40.065270],[-82.760309,40.065463],[-82.760354,40.064860]]]}},{"type":"Feature","properties":{"id":"01426146790","t":"building","op":null,"nm":null,"st":"IL","co":"DuPage County","sqft":169253,"lat":41.795384,"lon":-88.246923},"geometry":{"type":"Polygon","coordinates":[[[-88.247783,41.795971],[-88.247708,41.795714],[-88.247641,41.795725],[-88.247333,41.794678],[-88.247314,41.794681],[-88.247295,41.794684],[-88.247264,41.794576],[-88.247251,41.794578],[-88.247245,41.794579],[-88.247162,41.794593],[-88.247172,41.794630],[-88.246309,41.794771],[-88.246298,41.794735],[-88.246211,41.794749],[-88.246153,41.794758],[-88.246184,41.794865],[-88.246171,41.794867],[-88.24615,41.794871],[-88.246146,41.794871],[-88.246452,41.795913],[-88.246400,41.795921],[-88.246402,41.795929],[-88.246426,41.796011],[-88.246430,41.796024],[-88.246473,41.796016],[-88.246520,41.796177],[-88.246876,41.796118],[-88.246993,41.796100],[-88.246974,41.796031],[-88.246958,41.795978],[-88.247086,41.795957],[-88.247101,41.795954],[-88.247090,41.795917],[-88.247197,41.795900],[-88.247244,41.796059],[-88.247718,41.795982],[-88.247783,41.795971]]]}},{"type":"Feature","properties":{"id":"01426525184","t":"building","op":"Google","nm":"Google","st":"TX","co":"Ellis County","sqft":288830,"lat":32.538994,"lon":-96.793169},"geometry":{"type":"Polygon","coordinates":[[[-96.793668,32.540228],[-96.793698,32.538114],[-96.793789,32.538113],[-96.793791,32.537798],[-96.792656,32.537779],[-96.792623,32.540218],[-96.793668,32.540228]]]}},{"type":"Feature","properties":{"id":"01426525212","t":"building","op":null,"nm":"Compass Data Center","st":"TX","co":"Ellis County","sqft":248978,"lat":32.545518,"lon":-96.802099},"geometry":{"type":"Polygon","coordinates":[[[-96.804719,32.545740],[-96.804721,32.545319],[-96.799946,32.545297],[-96.799948,32.545094],[-96.799697,32.545093],[-96.799692,32.545914],[-96.799946,32.545915],[-96.799947,32.545719],[-96.804719,32.545740]]]}},{"type":"Feature","properties":{"id":"01426525213","t":"building","op":null,"nm":"Compass Data Center","st":"TX","co":"Ellis County","sqft":248985,"lat":32.544205,"lon":-96.802081},"geometry":{"type":"Polygon","coordinates":[[[-96.804701,32.544428],[-96.804703,32.544006],[-96.799928,32.543984],[-96.79993,32.543781],[-96.799679,32.543780],[-96.799674,32.544602],[-96.799928,32.544603],[-96.799929,32.544407],[-96.804701,32.544428]]]}},{"type":"Feature","properties":{"id":"01426525214","t":"building","op":null,"nm":"Compass Data Center","st":"TX","co":"Ellis County","sqft":248988,"lat":32.542913,"lon":-96.802085},"geometry":{"type":"Polygon","coordinates":[[[-96.804705,32.543135],[-96.804708,32.542713],[-96.799933,32.542692],[-96.799934,32.542488],[-96.799683,32.542487],[-96.799678,32.543309],[-96.799933,32.543310],[-96.799934,32.543114],[-96.804705,32.543135]]]}},{"type":"Feature","properties":{"id":"01426525215","t":"building","op":null,"nm":"Compass Data Center","st":"TX","co":"Ellis County","sqft":248989,"lat":32.541602,"lon":-96.802099},"geometry":{"type":"Polygon","coordinates":[[[-96.804719,32.541824],[-96.804722,32.541403],[-96.799947,32.541381],[-96.799948,32.541178],[-96.799697,32.541177],[-96.799692,32.541998],[-96.799946,32.541999],[-96.799947,32.541803],[-96.804719,32.541824]]]}},{"type":"Feature","properties":{"id":"01426525216","t":"building","op":null,"nm":"Compass Data Center","st":"TX","co":"Ellis County","sqft":247998,"lat":32.54029,"lon":-96.802106},"geometry":{"type":"Polygon","coordinates":[[[-96.804731,32.540512],[-96.804733,32.540095],[-96.799964,32.540068],[-96.799965,32.539865],[-96.799710,32.539864],[-96.799707,32.540687],[-96.799959,32.540687],[-96.799960,32.540491],[-96.804731,32.540512]]]}},{"type":"Feature","properties":{"id":"01426525217","t":"building","op":null,"nm":"Compass Data Center","st":"TX","co":"Ellis County","sqft":251939,"lat":32.542674,"lon":-96.79361},"geometry":{"type":"Polygon","coordinates":[[[-96.796216,32.542885],[-96.796215,32.542456],[-96.791489,32.542463],[-96.791489,32.542261],[-96.791222,32.542261],[-96.791223,32.543090],[-96.791477,32.543089],[-96.791477,32.542892],[-96.796216,32.542885]]]}},{"type":"Feature","properties":{"id":"01426525218","t":"building","op":null,"nm":"Compass Data Center","st":"TX","co":"Ellis County","sqft":251912,"lat":32.543993,"lon":-96.793611},"geometry":{"type":"Polygon","coordinates":[[[-96.796216,32.544204],[-96.796215,32.543774],[-96.79149,32.543781],[-96.791489,32.543579],[-96.791222,32.543580],[-96.791224,32.544408],[-96.791477,32.544408],[-96.791477,32.544210],[-96.796216,32.544204]]]}},{"type":"Feature","properties":{"id":"01426525219","t":"building","op":null,"nm":"Compass Data Center","st":"TX","co":"Ellis County","sqft":251911,"lat":32.545297,"lon":-96.793648},"geometry":{"type":"Polygon","coordinates":[[[-96.796253,32.545508],[-96.796252,32.545079],[-96.791526,32.545086],[-96.791526,32.544884],[-96.791259,32.544884],[-96.791260,32.545712],[-96.791514,32.545712],[-96.791514,32.545514],[-96.796253,32.545508]]]}},{"type":"Feature","properties":{"id":"01426525220","t":"building","op":null,"nm":"Compass Data Center","st":"TX","co":"Ellis County","sqft":251923,"lat":32.543965,"lon":-96.788507},"geometry":{"type":"Polygon","coordinates":[[[-96.785902,32.544184],[-96.790641,32.544177],[-96.790641,32.544375],[-96.790895,32.544374],[-96.790893,32.543546],[-96.790626,32.543546],[-96.790627,32.543748],[-96.785901,32.543754],[-96.785902,32.544184]]]}},{"type":"Feature","properties":{"id":"01426525221","t":"building","op":null,"nm":"Compass Data Center","st":"TX","co":"Ellis County","sqft":251941,"lat":32.545297,"lon":-96.788491},"geometry":{"type":"Polygon","coordinates":[[[-96.785886,32.545515],[-96.790624,32.545508],[-96.790625,32.545706],[-96.790879,32.545705],[-96.790877,32.544877],[-96.790610,32.544878],[-96.790610,32.545080],[-96.785885,32.545085],[-96.785886,32.545515]]]}},{"type":"Feature","properties":{"id":"01426663252","t":"building","op":null,"nm":null,"st":"VA","co":"Fairfax County","sqft":113584,"lat":38.923101,"lon":-77.424979},"geometry":{"type":"Polygon","coordinates":[[[-77.425354,38.923842],[-77.425379,38.922406],[-77.424593,38.922396],[-77.424575,38.923776],[-77.425073,38.923779],[-77.425070,38.923840],[-77.425354,38.923842]]]}},{"type":"Feature","properties":{"id":"01426663253","t":"building","op":null,"nm":null,"st":"VA","co":"Fairfax County","sqft":131768,"lat":38.936479,"lon":-77.424691},"geometry":{"type":"Polygon","coordinates":[[[-77.424288,38.937278],[-77.425656,38.936126],[-77.425346,38.935897],[-77.425287,38.935850],[-77.425348,38.935800],[-77.425136,38.935650],[-77.423704,38.936861],[-77.424288,38.937278]]]}},{"type":"Feature","properties":{"id":"01427613543","t":"building","op":"Google","nm":"Google NBY-7","st":"OH","co":"Licking County","sqft":175532,"lat":40.05394,"lon":-82.764447},"geometry":{"type":"Polygon","coordinates":[[[-82.763540,40.053427],[-82.763457,40.054326],[-82.764865,40.054404],[-82.764865,40.054479],[-82.765324,40.054498],[-82.765413,40.053535],[-82.763540,40.053427]]]}},{"type":"Feature","properties":{"id":"01427613544","t":"building","op":"Vantage","nm":"Vantage Building 1","st":"OH","co":"Licking County","sqft":245446,"lat":40.102498,"lon":-82.746954},"geometry":{"type":"Polygon","coordinates":[[[-82.747789,40.103216],[-82.747872,40.101850],[-82.746114,40.101779],[-82.746030,40.103053],[-82.746161,40.103060],[-82.746151,40.103159],[-82.747789,40.103216]]]}},{"type":"Feature","properties":{"id":"01427613545","t":"building","op":"Vantage","nm":"Vantage Building 2","st":"OH","co":"Licking County","sqft":237734,"lat":40.100531,"lon":-82.747116},"geometry":{"type":"Polygon","coordinates":[[[-82.746198,40.101160],[-82.747956,40.101224],[-82.748040,40.099907],[-82.746272,40.099836],[-82.746198,40.101160]]]}},{"type":"Feature","properties":{"id":"01427613546","t":"building","op":"Vantage","nm":"Vantage Building 3","st":"OH","co":"Licking County","sqft":222450,"lat":40.098765,"lon":-82.747243},"geometry":{"type":"Polygon","coordinates":[[[-82.748086,40.099416],[-82.748161,40.098185],[-82.746402,40.098107],[-82.746328,40.099352],[-82.748086,40.099416]]]}},{"type":"Feature","properties":{"id":"01429883881","t":"building","op":"Microsoft","nm":"Microsoft","st":"WA","co":"Grant County","sqft":143441,"lat":47.238592,"lon":-119.887412},"geometry":{"type":"Polygon","coordinates":[[[-119.889028,47.238862],[-119.889034,47.238342],[-119.887629,47.238334],[-119.887627,47.238448],[-119.887226,47.238446],[-119.887228,47.238330],[-119.885801,47.238322],[-119.885795,47.238845],[-119.887221,47.238853],[-119.887223,47.238710],[-119.887628,47.238712],[-119.887626,47.238854],[-119.889028,47.238862]]]}},{"type":"Feature","properties":{"id":"01432637060","t":"building","op":null,"nm":null,"st":"TX","co":"Bexar County","sqft":154443,"lat":29.44968,"lon":-98.714387},"geometry":{"type":"Polygon","coordinates":[[[-98.713167,29.449386],[-98.713154,29.449930],[-98.715596,29.449973],[-98.715599,29.449814],[-98.715649,29.449815],[-98.715652,29.449714],[-98.715601,29.449713],[-98.715608,29.449429],[-98.713167,29.449386]]]}},{"type":"Feature","properties":{"id":"01432637061","t":"building","op":null,"nm":null,"st":"TX","co":"Bexar County","sqft":154441,"lat":29.450931,"lon":-98.713891},"geometry":{"type":"Polygon","coordinates":[[[-98.712672,29.450636],[-98.712659,29.451180],[-98.715100,29.451224],[-98.715104,29.451065],[-98.715154,29.451066],[-98.715157,29.450965],[-98.715106,29.450964],[-98.715113,29.450680],[-98.712672,29.450636]]]}},{"type":"Feature","properties":{"id":"01432637062","t":"building","op":null,"nm":null,"st":"TX","co":"Bexar County","sqft":154439,"lat":29.452231,"lon":-98.714047},"geometry":{"type":"Polygon","coordinates":[[[-98.712828,29.451936],[-98.712815,29.452480],[-98.715256,29.452524],[-98.715260,29.452364],[-98.715310,29.452365],[-98.715312,29.452264],[-98.715262,29.452263],[-98.715268,29.451979],[-98.712828,29.451936]]]}},{"type":"Feature","properties":{"id":"01433936352","t":"building","op":null,"nm":null,"st":"MO","co":"Clay County","sqft":307414,"lat":39.322637,"lon":-94.594924},"geometry":{"type":"Polygon","coordinates":[[[-94.595351,39.320925],[-94.594575,39.320925],[-94.594587,39.322191],[-94.594190,39.322210],[-94.594190,39.322903],[-94.594575,39.322908],[-94.594587,39.324337],[-94.5954,39.324328],[-94.595351,39.320925]]]}},{"type":"Feature","properties":{"id":"01443187163","t":"building","op":null,"nm":"CloudHQ LC3","st":"VA","co":"Loudoun County","sqft":241208,"lat":39.011212,"lon":-77.460405},"geometry":{"type":"Polygon","coordinates":[[[-77.459268,39.011434],[-77.459702,39.011560],[-77.459640,39.011690],[-77.460959,39.012073],[-77.461581,39.010781],[-77.461320,39.010705],[-77.461265,39.010821],[-77.459996,39.010452],[-77.460014,39.010416],[-77.459790,39.010351],[-77.459268,39.011434]]]}},{"type":"Feature","properties":{"id":"01443620406","t":"building","op":"Aligned Data Centers, LLC","nm":"Alinged Data Center","st":"TX","co":"Tarrant County","sqft":188257,"lat":32.549823,"lon":-97.074855},"geometry":{"type":"Polygon","coordinates":[[[-97.076243,32.550139],[-97.076253,32.549537],[-97.073466,32.549505],[-97.073457,32.550108],[-97.076243,32.550139]]]}},{"type":"Feature","properties":{"id":"01443922527","t":"building","op":null,"nm":null,"st":"VA","co":"Loudoun County","sqft":149008,"lat":39.055994,"lon":-77.547338},"geometry":{"type":"Polygon","coordinates":[[[-77.547181,39.056957],[-77.548192,39.055318],[-77.547752,39.055154],[-77.547789,39.055094],[-77.547524,39.054995],[-77.546476,39.056695],[-77.547181,39.056957]]]}},{"type":"Feature","properties":{"id":"01443922528","t":"building","op":null,"nm":null,"st":"VA","co":"Loudoun County","sqft":106352,"lat":39.057819,"lon":-77.546733},"geometry":{"type":"Polygon","coordinates":[[[-77.546993,39.058517],[-77.547244,39.057234],[-77.546753,39.057176],[-77.546767,39.057106],[-77.546510,39.057076],[-77.546486,39.057201],[-77.546463,39.057198],[-77.546223,39.058427],[-77.546993,39.058517]]]}},{"type":"Feature","properties":{"id":"01443922535","t":"building","op":null,"nm":null,"st":"VA","co":"Loudoun County","sqft":200733,"lat":39.082191,"lon":-77.565112},"geometry":{"type":"Polygon","coordinates":[[[-77.565523,39.083205],[-77.565528,39.082898],[-77.565602,39.082899],[-77.565625,39.081499],[-77.565550,39.081498],[-77.565555,39.081182],[-77.564648,39.081173],[-77.564616,39.083201],[-77.565523,39.083205]]]}},{"type":"Feature","properties":{"id":"01446350367","t":"building","op":"NTT","nm":"NTT Chicago CH3","st":"IL","co":"DuPage County","sqft":83897,"lat":41.986914,"lon":-88.008004},"geometry":{"type":"Polygon","coordinates":[[[-88.00863,41.987435],[-88.008898,41.986860],[-88.008545,41.986766],[-88.008531,41.986797],[-88.008089,41.986684],[-88.008101,41.986657],[-88.007933,41.986613],[-88.007919,41.986644],[-88.007427,41.986516],[-88.007441,41.986488],[-88.007274,41.986446],[-88.007261,41.986476],[-88.007070,41.986919],[-88.008387,41.987242],[-88.008333,41.987359],[-88.00863,41.987435]]]}},{"type":"Feature","properties":{"id":"01446350370","t":"building","op":"NTT","nm":"NTT Chicago CH4","st":"IL","co":"DuPage County","sqft":101346,"lat":41.989095,"lon":-88.004765},"geometry":{"type":"Polygon","coordinates":[[[-88.005102,41.988288],[-88.004449,41.988276],[-88.004436,41.988555],[-88.004481,41.988555],[-88.004471,41.988903],[-88.004432,41.988902],[-88.004427,41.989035],[-88.004471,41.989035],[-88.004457,41.989422],[-88.004417,41.989421],[-88.004414,41.989552],[-88.004456,41.989552],[-88.004446,41.989922],[-88.005051,41.989925],[-88.005102,41.988288]]]}},{"type":"Feature","properties":{"id":"01447029365","t":"building","op":"Microsoft","nm":"Microsoft Data Center 2","st":"VA","co":"Prince William County","sqft":247070,"lat":38.799956,"lon":-77.58338},"geometry":{"type":"Polygon","coordinates":[[[-77.583147,38.801189],[-77.583182,38.801009],[-77.583601,38.801050],[-77.583595,38.801084],[-77.583717,38.801094],[-77.583863,38.800176],[-77.583972,38.800185],[-77.583985,38.800107],[-77.583998,38.800029],[-77.584006,38.799982],[-77.583896,38.799970],[-77.584032,38.799076],[-77.584083,38.799082],[-77.584096,38.798987],[-77.584049,38.798985],[-77.584067,38.798858],[-77.582971,38.798754],[-77.582957,38.798847],[-77.582941,38.798973],[-77.583041,38.798982],[-77.582744,38.800892],[-77.582640,38.800882],[-77.582620,38.801008],[-77.582600,38.801133],[-77.583147,38.801189]]]}},{"type":"Feature","properties":{"id":"01447049070","t":"building","op":null,"nm":null,"st":"OH","co":"Franklin County","sqft":261665,"lat":40.020761,"lon":-83.124176},"geometry":{"type":"Polygon","coordinates":[[[-83.124019,40.022406],[-83.124822,40.022336],[-83.124620,40.020995],[-83.124484,40.021008],[-83.124403,40.020474],[-83.124571,40.020459],[-83.124373,40.019140],[-83.123539,40.019214],[-83.124019,40.022406]]]}},{"type":"Feature","properties":{"id":"01447049071","t":"building","op":null,"nm":null,"st":"OH","co":"Franklin County","sqft":130027,"lat":40.021202,"lon":-83.123188},"geometry":{"type":"Polygon","coordinates":[[[-83.123696,40.021970],[-83.123474,40.020388],[-83.122968,40.020430],[-83.122960,40.020370],[-83.122680,40.020393],[-83.122911,40.022035],[-83.123696,40.021970]]]}},{"type":"Feature","properties":{"id":"01454573842","t":"building","op":null,"nm":null,"st":"MN","co":"Dakota County","sqft":328419,"lat":44.734759,"lon":-93.06186},"geometry":{"type":"Polygon","coordinates":[[[-93.062417,44.736313],[-93.062418,44.733204],[-93.061302,44.733204],[-93.061303,44.736313],[-93.062417,44.736313]]]}},{"type":"Feature","properties":{"id":"01454573843","t":"building","op":null,"nm":null,"st":"MN","co":"Dakota County","sqft":273743,"lat":44.734508,"lon":-93.064881},"geometry":{"type":"Polygon","coordinates":[[[-93.065258,44.735862],[-93.065257,44.735525],[-93.065449,44.735525],[-93.065443,44.733204],[-93.064331,44.733206],[-93.064339,44.735864],[-93.065258,44.735862]]]}},{"type":"Feature","properties":{"id":"01454813845","t":"building","op":null,"nm":null,"st":"IA","co":"Polk County","sqft":263944,"lat":41.514853,"lon":-93.720886},"geometry":{"type":"Polygon","coordinates":[[[-93.722921,41.515788],[-93.723208,41.515271],[-93.718849,41.513917],[-93.718562,41.514434],[-93.722921,41.515788]]]}},{"type":"Feature","properties":{"id":"01454813846","t":"building","op":null,"nm":null,"st":"IA","co":"Polk County","sqft":263950,"lat":41.513888,"lon":-93.72141},"geometry":{"type":"Polygon","coordinates":[[[-93.723445,41.514823],[-93.723732,41.514305],[-93.719373,41.512951],[-93.719086,41.513469],[-93.723445,41.514823]]]}},{"type":"Feature","properties":{"id":"01455361421","t":"building","op":"IONIC Digital","nm":"IONIC Digital Cedarvale","st":"TX","co":"Ward County","sqft":2238928,"lat":31.513474,"lon":-103.448621},"geometry":{"type":"Polygon","coordinates":[[[-103.448244,31.516330],[-103.452047,31.512589],[-103.449366,31.510558],[-103.44879,31.511146],[-103.448373,31.510839],[-103.447168,31.512029],[-103.447592,31.512339],[-103.445048,31.514832],[-103.448244,31.516330]]]}},{"type":"Feature","properties":{"id":"01455915217","t":"building","op":null,"nm":null,"st":"ID","co":"Ada County","sqft":311564,"lat":43.463149,"lon":-116.268228},"geometry":{"type":"Polygon","coordinates":[[[-116.268865,43.464441],[-116.268822,43.461825],[-116.267599,43.461856],[-116.267621,43.464457],[-116.268865,43.464441]]]}},{"type":"Feature","properties":{"id":"01455915218","t":"building","op":null,"nm":null,"st":"ID","co":"Ada County","sqft":374271,"lat":43.463349,"lon":-116.272085},"geometry":{"type":"Polygon","coordinates":[[[-116.272749,43.464893],[-116.272663,43.461778],[-116.271440,43.461794],[-116.271483,43.464893],[-116.272749,43.464893]]]}},{"type":"Feature","properties":{"id":"01456953254","t":"building","op":null,"nm":"East Kentucky Network Datacenter","st":"KY","co":"Floyd County","sqft":15594,"lat":37.600177,"lon":-82.678763},"geometry":{"type":"Polygon","coordinates":[[[-82.678588,37.600420],[-82.679122,37.600102],[-82.679013,37.599981],[-82.678960,37.600016],[-82.678896,37.599950],[-82.678415,37.600237],[-82.678588,37.600420]]]}},{"type":"Feature","properties":{"id":"01456975947","t":"building","op":null,"nm":null,"st":"AZ","co":"Maricopa County","sqft":652528,"lat":33.347187,"lon":-111.632463},"geometry":{"type":"Polygon","coordinates":[[[-111.633661,33.348909],[-111.633651,33.345512],[-111.632867,33.345521],[-111.632867,33.346705],[-111.632041,33.346722],[-111.632009,33.345486],[-111.631258,33.345494],[-111.631269,33.348900],[-111.632020,33.348909],[-111.632020,33.347448],[-111.632857,33.347457],[-111.632900,33.348900],[-111.633661,33.348909]]]}},{"type":"Feature","properties":{"id":"01456975948","t":"building","op":null,"nm":null,"st":"AZ","co":"Maricopa County","sqft":652573,"lat":33.346323,"lon":-111.628917},"geometry":{"type":"Polygon","coordinates":[[[-111.630116,33.348044],[-111.630105,33.344648],[-111.629322,33.344656],[-111.629322,33.345840],[-111.628495,33.345858],[-111.628463,33.344621],[-111.627712,33.344630],[-111.627723,33.348035],[-111.628474,33.348044],[-111.628474,33.346584],[-111.629311,33.346592],[-111.629354,33.348035],[-111.630116,33.348044]]]}},{"type":"Feature","properties":{"id":"01456975949","t":"building","op":null,"nm":null,"st":"AZ","co":"Maricopa County","sqft":337459,"lat":33.347169,"lon":-111.625968},"geometry":{"type":"Polygon","coordinates":[[[-111.626446,33.348887],[-111.626436,33.345490],[-111.625652,33.345499],[-111.625652,33.346682],[-111.625137,33.346700],[-111.625137,33.347426],[-111.625642,33.347435],[-111.625685,33.348878],[-111.626446,33.348887]]]}},{"type":"Feature","properties":{"id":"01457383500","t":"building","op":null,"nm":null,"st":"TX","co":"Angelina County","sqft":12987,"lat":31.194176,"lon":-94.796772},"geometry":{"type":"Polygon","coordinates":[[[-94.796208,31.194287],[-94.796245,31.194379],[-94.797324,31.194069],[-94.797286,31.193972],[-94.796208,31.194287]]]}},{"type":"Feature","properties":{"id":"01458626323","t":"building","op":"Google","nm":"Google","st":"TX","co":"Ellis County","sqft":282284,"lat":32.440117,"lon":-97.060915},"geometry":{"type":"Polygon","coordinates":[[[-97.06201,32.440998],[-97.060902,32.439136],[-97.060992,32.439090],[-97.060833,32.438805],[-97.059829,32.439269],[-97.061081,32.441402],[-97.06201,32.440998]]]}},{"type":"Feature","properties":{"id":"01460776170","t":"building","op":null,"nm":null,"st":"VA","co":"Loudoun County","sqft":139936,"lat":39.055262,"lon":-77.544822},"geometry":{"type":"Polygon","coordinates":[[[-77.545863,39.055744],[-77.546033,39.055173],[-77.543855,39.054781],[-77.543765,39.055083],[-77.543617,39.055056],[-77.543536,39.055326],[-77.545863,39.055744]]]}},{"type":"Feature","properties":{"id":"01460776171","t":"building","op":null,"nm":null,"st":"VA","co":"Loudoun County","sqft":116829,"lat":39.054122,"lon":-77.545995},"geometry":{"type":"Polygon","coordinates":[[[-77.546116,39.054939],[-77.546583,39.053462],[-77.546082,39.053367],[-77.546105,39.053293],[-77.545896,39.053253],[-77.545406,39.054804],[-77.546116,39.054939]]]}},{"type":"Feature","properties":{"id":"01460776174","t":"building","op":null,"nm":null,"st":"VA","co":"Loudoun County","sqft":303500,"lat":39.051021,"lon":-77.534749},"geometry":{"type":"Polygon","coordinates":[[[-77.534245,39.049799],[-77.534042,39.052219],[-77.535232,39.052273],[-77.535404,39.050174],[-77.535533,39.050178],[-77.535560,39.049849],[-77.534245,39.049799]]]}},{"type":"Feature","properties":{"id":"01460847458","t":"building","op":null,"nm":"EdgeCore Silicon Valley","st":"CA","co":"Santa Clara County","sqft":80443,"lat":37.383718,"lon":-121.965388},"geometry":{"type":"Polygon","coordinates":[[[-121.966183,37.383668],[-121.965869,37.383209],[-121.964684,37.383721],[-121.964738,37.383801],[-121.964625,37.383849],[-121.964884,37.384228],[-121.966183,37.383668]]]}},{"type":"Feature","properties":{"id":"01460855151","t":"building","op":"Stack Infrastructure","nm":"STACK SVY02","st":"CA","co":"Santa Clara County","sqft":136083,"lat":37.361932,"lon":-121.953744},"geometry":{"type":"Polygon","coordinates":[[[-121.954480,37.362380],[-121.954489,37.361599],[-121.954286,37.361497],[-121.952976,37.361487],[-121.952971,37.361904],[-121.953054,37.361905],[-121.953048,37.362370],[-121.954480,37.362380]]]}},{"type":"Feature","properties":{"id":"01460861317","t":"building","op":"Amazon Web Services","nm":"Amazon AWS SAT - 12807 Donop","st":"TX","co":"Bexar County","sqft":110391,"lat":29.293005,"lon":-98.391625},"geometry":{"type":"Polygon","coordinates":[[[-98.392485,29.293170],[-98.391570,29.292584],[-98.391495,29.292674],[-98.390992,29.292356],[-98.390712,29.292695],[-98.391212,29.293007],[-98.391153,29.293078],[-98.392064,29.293663],[-98.392485,29.293170]]]}},{"type":"Feature","properties":{"id":"01461896928","t":"building","op":"Prime","nm":"Prime DFW01-01","st":"TX","co":"Dallas County","sqft":49683,"lat":32.837814,"lon":-96.879846},"geometry":{"type":"Polygon","coordinates":[[[-96.879550,32.838177],[-96.880338,32.837960],[-96.880140,32.837451],[-96.879352,32.837667],[-96.879550,32.838177]]]}},{"type":"Feature","properties":{"id":"01462886682","t":"building","op":null,"nm":null,"st":"OH","co":"Franklin County","sqft":100131,"lat":40.115816,"lon":-83.001549},"geometry":{"type":"Polygon","coordinates":[[[-83.002037,40.115324],[-83.001052,40.115341],[-83.001063,40.115714],[-83.000908,40.115716],[-83.000912,40.115829],[-83.000939,40.115828],[-83.000945,40.116029],[-83.001177,40.116025],[-83.001186,40.116325],[-83.002066,40.116309],[-83.002037,40.115324]]]}},{"type":"Feature","properties":{"id":"01464257783","t":"building","op":"Google","nm":"Google","st":"VA","co":"Prince William County","sqft":289592,"lat":38.779293,"lon":-77.58634},"geometry":{"type":"Polygon","coordinates":[[[-77.586805,38.780544],[-77.587761,38.779930],[-77.585788,38.778064],[-77.584908,38.778630],[-77.586621,38.780249],[-77.586544,38.780298],[-77.586805,38.780544]]]}},{"type":"Feature","properties":{"id":"01464257784","t":"building","op":"Quality Technology Services","nm":"QTS Manassas DC1","st":"VA","co":"Prince William County","sqft":128120,"lat":38.752551,"lon":-77.512523},"geometry":{"type":"Polygon","coordinates":[[[-77.512804,38.753460],[-77.512832,38.751484],[-77.512088,38.751478],[-77.512087,38.751584],[-77.512274,38.751585],[-77.512250,38.753297],[-77.512126,38.753296],[-77.512125,38.753338],[-77.512169,38.753338],[-77.512167,38.753447],[-77.512114,38.753447],[-77.512112,38.753610],[-77.512348,38.753612],[-77.512348,38.753599],[-77.512759,38.753602],[-77.512759,38.753549],[-77.512803,38.753549],[-77.512804,38.753460]]]}},{"type":"Feature","properties":{"id":"01470108469","t":"building","op":null,"nm":null,"st":"WA","co":"Grant County","sqft":504350,"lat":47.240179,"lon":-119.863207},"geometry":{"type":"Polygon","coordinates":[[[-119.865374,47.240730],[-119.865269,47.240032],[-119.865140,47.240041],[-119.865062,47.239521],[-119.864750,47.239543],[-119.864717,47.239325],[-119.863203,47.239430],[-119.863218,47.239525],[-119.863124,47.239531],[-119.863118,47.239486],[-119.862348,47.239539],[-119.862343,47.239506],[-119.861973,47.239532],[-119.861963,47.239464],[-119.861758,47.239478],[-119.861767,47.239537],[-119.861358,47.239565],[-119.861389,47.239776],[-119.861208,47.239788],[-119.861286,47.240307],[-119.861156,47.240316],[-119.861261,47.241016],[-119.862224,47.240949],[-119.862220,47.240924],[-119.864410,47.240772],[-119.864414,47.240797],[-119.865374,47.240730]]]}},{"type":"Feature","properties":{"id":"01470261550","t":"building","op":"Google","nm":"SPC4A","st":"TN","co":"Montgomery County","sqft":169749,"lat":36.624055,"lon":-87.256917},"geometry":{"type":"Polygon","coordinates":[[[-87.256308,36.623529],[-87.256131,36.624507],[-87.256568,36.624559],[-87.256554,36.624638],[-87.257409,36.624738],[-87.257436,36.624587],[-87.257484,36.624583],[-87.257637,36.623748],[-87.257680,36.623753],[-87.257693,36.623683],[-87.257637,36.623676],[-87.257644,36.623636],[-87.257607,36.623631],[-87.257628,36.623514],[-87.257363,36.623482],[-87.257368,36.623458],[-87.257301,36.623450],[-87.257296,36.623475],[-87.256892,36.623428],[-87.256897,36.623396],[-87.256826,36.623388],[-87.256820,36.623423],[-87.256777,36.623418],[-87.256770,36.623452],[-87.256571,36.623429],[-87.256557,36.623509],[-87.256436,36.623494],[-87.256428,36.623543],[-87.256308,36.623529]]]}},{"type":"Feature","properties":{"id":"01472128597","t":"building","op":"Quality Technology Services","nm":"QTS","st":"GA","co":"Fayette County","sqft":227238,"lat":33.448361,"lon":-84.522652},"geometry":{"type":"Polygon","coordinates":[[[-84.524337,33.447954],[-84.523417,33.447955],[-84.523418,33.448123],[-84.520638,33.448127],[-84.520639,33.448745],[-84.520802,33.448745],[-84.520801,33.448606],[-84.523949,33.448601],[-84.523949,33.448851],[-84.524339,33.448851],[-84.524337,33.447954]]]}},{"type":"Feature","properties":{"id":"01472128598","t":"building","op":"Quality Technology Services","nm":"QTS","st":"GA","co":"Fayette County","sqft":340589,"lat":33.450932,"lon":-84.523619},"geometry":{"type":"Polygon","coordinates":[[[-84.523793,33.449785],[-84.523128,33.449790],[-84.523130,33.449978],[-84.522880,33.449980],[-84.522903,33.451985],[-84.524370,33.451973],[-84.524347,33.449965],[-84.523795,33.44997],[-84.523793,33.449785]]]}},{"type":"Feature","properties":{"id":"01473440674","t":"building","op":null,"nm":null,"st":"UT","co":"Utah County","sqft":378788,"lat":40.265856,"lon":-112.01942},"geometry":{"type":"Polygon","coordinates":[[[-112.018801,40.264308],[-112.018833,40.266588],[-112.018766,40.266588],[-112.018772,40.267040],[-112.018903,40.267042],[-112.018906,40.267418],[-112.019957,40.267411],[-112.019954,40.267040],[-112.020099,40.267038],[-112.020097,40.266580],[-112.020029,40.266580],[-112.019999,40.264306],[-112.018801,40.264308]]]}},{"type":"Feature","properties":{"id":"01473440676","t":"building","op":null,"nm":null,"st":"UT","co":"Utah County","sqft":310201,"lat":40.269876,"lon":-112.019453},"geometry":{"type":"Polygon","coordinates":[[[-112.020062,40.271159],[-112.020035,40.268843],[-112.019937,40.268844],[-112.019933,40.268550],[-112.018904,40.268557],[-112.018907,40.268816],[-112.018849,40.268816],[-112.018877,40.271168],[-112.020062,40.271159]]]}},{"type":"Feature","properties":{"id":"00009474864","t":"campus","op":"Google","nm":"Google Data Center","st":"NC","co":"Caldwell County","sqft":3407194,"lat":35.894738,"lon":-81.546515},"geometry":{"type":"MultiPolygon","coordinates":[[[[-81.547340,35.900311],[-81.547790,35.900127],[-81.548772,35.899327],[-81.550236,35.898580],[-81.549475,35.898002],[-81.548488,35.897498],[-81.547629,35.897320],[-81.544974,35.896776],[-81.544835,35.897519],[-81.545014,35.8984],[-81.547340,35.900311]]],[[[-81.545607,35.895773],[-81.549963,35.891635],[-81.549963,35.891431],[-81.549829,35.891286],[-81.548246,35.890043],[-81.547924,35.889982],[-81.547696,35.890049],[-81.545548,35.892174],[-81.544325,35.891596],[-81.542319,35.893656],[-81.543021,35.894326],[-81.545135,35.895812],[-81.545607,35.895773]]]]}},{"type":"Feature","properties":{"id":"00013924557","t":"campus","op":"Microsoft","nm":"Project Alluvion","st":"IA","co":"Polk County","sqft":11169421,"lat":41.515967,"lon":-93.71183},"geometry":{"type":"MultiPolygon","coordinates":[[[[-93.712101,41.519198],[-93.712106,41.518190],[-93.712058,41.517758],[-93.711856,41.516949],[-93.711842,41.516494],[-93.711904,41.516091],[-93.711699,41.515953],[-93.711033,41.515541],[-93.710378,41.515232],[-93.709504,41.514869],[-93.708795,41.514669],[-93.708196,41.514536],[-93.707069,41.514364],[-93.707076,41.515299],[-93.704497,41.515326],[-93.704509,41.514386],[-93.698297,41.514643],[-93.698394,41.519226],[-93.712101,41.519198]]],[[[-93.723988,41.516337],[-93.724233,41.515576],[-93.724766,41.514778],[-93.726197,41.514003],[-93.726235,41.513547],[-93.725082,41.512841],[-93.724637,41.512661],[-93.723652,41.512407],[-93.712977,41.512386],[-93.713046,41.512926],[-93.713195,41.513473],[-93.713247,41.513862],[-93.713899,41.513862],[-93.714426,41.514022],[-93.714472,41.513945],[-93.716904,41.514727],[-93.716256,41.515867],[-93.713804,41.515127],[-93.714344,41.514139],[-93.713864,41.513998],[-93.713260,41.513994],[-93.713206,41.514660],[-93.712914,41.515241],[-93.715304,41.516675],[-93.715600,41.516453],[-93.715859,41.516392],[-93.716177,41.516404],[-93.719419,41.517794],[-93.722563,41.518440],[-93.723988,41.516337]]]]}},{"type":"Feature","properties":{"id":"00014593270","t":"campus","op":null,"nm":"Apple - Maiden Data Center","st":"NC","co":"Catawba County","sqft":5431080,"lat":35.588771,"lon":-81.261809},"geometry":{"type":"MultiPolygon","coordinates":[[[[-81.256930,35.588928],[-81.256821,35.589460],[-81.256801,35.589691],[-81.256760,35.589808],[-81.257573,35.589938],[-81.257557,35.590101],[-81.257511,35.590288],[-81.257486,35.590409],[-81.257423,35.590600],[-81.257613,35.590648],[-81.257914,35.590553],[-81.258006,35.590578],[-81.258118,35.590608],[-81.258153,35.590536],[-81.258222,35.590437],[-81.258382,35.590326],[-81.258572,35.590268],[-81.258673,35.590263],[-81.258835,35.590278],[-81.259200,35.590338],[-81.259321,35.590356],[-81.259500,35.590338],[-81.259580,35.590313],[-81.259725,35.590205],[-81.259964,35.589994],[-81.260076,35.589928],[-81.260160,35.589912],[-81.260221,35.589909],[-81.260485,35.589971],[-81.260707,35.590024],[-81.260909,35.590034],[-81.260958,35.590027],[-81.261177,35.589933],[-81.261403,35.589760],[-81.261611,35.589617],[-81.261729,35.589556],[-81.261926,35.589492],[-81.262146,35.589431],[-81.262295,35.589372],[-81.262834,35.589119],[-81.263261,35.588913],[-81.263669,35.588717],[-81.264185,35.588470],[-81.264471,35.588308],[-81.264727,35.588122],[-81.264754,35.588108],[-81.264821,35.588072],[-81.264950,35.587935],[-81.265025,35.587797],[-81.265051,35.587681],[-81.265010,35.587429],[-81.265114,35.587386],[-81.265099,35.587363],[-81.265299,35.587319],[-81.265558,35.587300],[-81.265830,35.587307],[-81.265934,35.587034],[-81.265584,35.586763],[-81.265248,35.586689],[-81.264944,35.586634],[-81.264835,35.586641],[-81.264836,35.586563],[-81.264852,35.585535],[-81.264884,35.585477],[-81.264885,35.585433],[-81.264892,35.584921],[-81.264464,35.584756],[-81.264339,35.584703],[-81.264179,35.584653],[-81.263958,35.584554],[-81.263742,35.584464],[-81.263620,35.584457],[-81.263444,35.584482],[-81.263188,35.584611],[-81.262603,35.584926],[-81.262537,35.585043],[-81.262535,35.585100],[-81.262139,35.585210],[-81.262138,35.585442],[-81.262035,35.585435],[-81.261959,35.585436],[-81.261800,35.585494],[-81.260667,35.586048],[-81.260391,35.585699],[-81.260455,35.585564],[-81.260561,35.585349],[-81.260650,35.585277],[-81.260897,35.585143],[-81.261125,35.584990],[-81.261157,35.584961],[-81.261010,35.584893],[-81.260939,35.584783],[-81.260847,35.584775],[-81.260679,35.584800],[-81.260569,35.584851],[-81.260245,35.585105],[-81.260052,35.585329],[-81.259941,35.585506],[-81.259862,35.585570],[-81.259804,35.585611],[-81.259718,35.585630],[-81.259608,35.585673],[-81.259625,35.585728],[-81.259644,35.585763],[-81.259579,35.585770],[-81.258935,35.585690],[-81.258110,35.585582],[-81.258035,35.585914],[-81.257953,35.586249],[-81.257842,35.586727],[-81.257609,35.586858],[-81.257535,35.586948],[-81.257430,35.587054],[-81.257325,35.587140],[-81.257337,35.587188],[-81.257350,35.587243],[-81.257526,35.587230],[-81.257803,35.587567],[-81.258021,35.588040],[-81.257974,35.588064],[-81.257878,35.588117],[-81.257725,35.588185],[-81.257635,35.588225],[-81.257774,35.588407],[-81.257740,35.588409],[-81.257353,35.588359],[-81.257296,35.588636],[-81.257253,35.588731],[-81.257179,35.588782],[-81.257088,35.588811],[-81.256976,35.588789],[-81.256930,35.588928]]],[[[-81.265799,35.592059],[-81.266738,35.590436],[-81.267485,35.590087],[-81.267859,35.589215],[-81.26625,35.588931],[-81.265826,35.589009],[-81.262291,35.590654],[-81.260038,35.591125],[-81.259785,35.591077],[-81.258938,35.590842],[-81.258031,35.591474],[-81.258981,35.592661],[-81.259421,35.592979],[-81.260054,35.593071],[-81.261695,35.592669],[-81.261556,35.592194],[-81.263299,35.591858],[-81.265799,35.592059]]]]}},{"type":"Feature","properties":{"id":"00014997588","t":"campus","op":"Meta","nm":"Meta Henrico Data Center","st":"VA","co":"Henrico County","sqft":4671056,"lat":37.482763,"lon":-77.236455},"geometry":{"type":"MultiPolygon","coordinates":[[[[-77.233014,37.479850],[-77.232718,37.479849],[-77.232100,37.479847],[-77.231977,37.481963],[-77.232545,37.481967],[-77.232792,37.483533],[-77.233280,37.484423],[-77.234090,37.485360],[-77.235040,37.485870],[-77.235834,37.485977],[-77.235785,37.486696],[-77.236402,37.486679],[-77.237083,37.486564],[-77.237888,37.486224],[-77.241954,37.481780],[-77.240983,37.481179],[-77.240037,37.480593],[-77.239079,37.480660],[-77.238382,37.481592],[-77.238006,37.481388],[-77.238339,37.481005],[-77.238371,37.480690],[-77.237051,37.479787],[-77.236418,37.479575],[-77.235598,37.479860],[-77.233014,37.479850]]]]}},{"type":"Feature","properties":{"id":"00018518989","t":"campus","op":"Meta","nm":"Meta Huntsville Data Center","st":"AL","co":"Madison County","sqft":14435561,"lat":34.844245,"lon":-86.628317},"geometry":{"type":"MultiPolygon","coordinates":[[[[-86.630265,34.836851],[-86.625202,34.836911],[-86.625335,34.844173],[-86.622078,34.844177],[-86.622112,34.846811],[-86.622531,34.847289],[-86.622778,34.848352],[-86.622314,34.849592],[-86.622304,34.849936],[-86.622745,34.850043],[-86.623266,34.850032],[-86.623502,34.850243],[-86.623484,34.850600],[-86.622801,34.850561],[-86.622716,34.850731],[-86.622866,34.850888],[-86.622925,34.851203],[-86.622852,34.851308],[-86.622626,34.851387],[-86.622669,34.851703],[-86.630677,34.851669],[-86.630653,34.850974],[-86.63097,34.850966],[-86.630936,34.846178],[-86.633393,34.846193],[-86.633965,34.846183],[-86.633822,34.840964],[-86.633776,34.840467],[-86.633870,34.838384],[-86.633805,34.836810],[-86.630265,34.836851]]]]}},{"type":"Feature","properties":{"id":"00019988712","t":"campus","op":"Meta","nm":"Meta Prineville Datacenter","st":"OR","co":"Crook County","sqft":17379079,"lat":44.298443,"lon":-120.886382},"geometry":{"type":"MultiPolygon","coordinates":[[[[-120.897452,44.303475],[-120.897463,44.298238],[-120.891931,44.298249],[-120.891818,44.298250],[-120.891334,44.298247],[-120.891013,44.298243],[-120.890812,44.298243],[-120.890054,44.298238],[-120.889265,44.298237],[-120.888701,44.297624],[-120.888573,44.297298],[-120.888073,44.296076],[-120.888083,44.294406],[-120.887979,44.291642],[-120.887984,44.290880],[-120.880959,44.290817],[-120.878956,44.292477],[-120.876794,44.294862],[-120.876776,44.301232],[-120.876775,44.301599],[-120.886579,44.301664],[-120.886543,44.303822],[-120.886587,44.303850],[-120.886980,44.303853],[-120.887163,44.303875],[-120.887422,44.303928],[-120.887958,44.304133],[-120.889397,44.304689],[-120.890652,44.305145],[-120.897442,44.305200],[-120.897452,44.303475]]]]}},{"type":"Feature","properties":{"id":"00019993392","t":"campus","op":"Apple","nm":"Apple Prineville Datacenter","st":"OR","co":"Crook County","sqft":15637431,"lat":44.284558,"lon":-120.865883},"geometry":{"type":"MultiPolygon","coordinates":[[[[-120.857711,44.279841],[-120.857627,44.279846],[-120.857577,44.279852],[-120.857537,44.279860],[-120.857472,44.279879],[-120.857440,44.279892],[-120.857407,44.279909],[-120.857341,44.279951],[-120.857289,44.279998],[-120.857248,44.280049],[-120.85723,44.280073],[-120.857213,44.280100],[-120.857195,44.280140],[-120.857184,44.280186],[-120.857178,44.280282],[-120.857197,44.283478],[-120.854685,44.283477],[-120.854694,44.286220],[-120.854699,44.287092],[-120.863863,44.287058],[-120.864386,44.287056],[-120.865223,44.287052],[-120.866698,44.287047],[-120.866620,44.29059],[-120.866726,44.290676],[-120.869335,44.290689],[-120.871398,44.290711],[-120.876479,44.290761],[-120.876501,44.288612],[-120.876508,44.288158],[-120.876547,44.285178],[-120.876159,44.285183],[-120.876158,44.285010],[-120.876157,44.284829],[-120.876156,44.284696],[-120.876155,44.284483],[-120.874326,44.284473],[-120.874342,44.283506],[-120.866810,44.283449],[-120.866742,44.283449],[-120.866779,44.281701],[-120.866895,44.276193],[-120.862181,44.276211],[-120.862142,44.279836],[-120.857711,44.279841]]]]}},{"type":"Feature","properties":{"id":"00034770750","t":"campus","op":null,"nm":"Hewlett-Packard","st":"GA","co":"Fulton County","sqft":1294301,"lat":34.082226,"lon":-84.26745},"geometry":{"type":"MultiPolygon","coordinates":[[[[-84.265498,34.082155],[-84.265037,34.083049],[-84.264871,34.083125],[-84.265650,34.083312],[-84.267601,34.083797],[-84.269271,34.084044],[-84.269712,34.082475],[-84.26885,34.082195],[-84.268894,34.082063],[-84.269237,34.081041],[-84.266405,34.080071],[-84.265498,34.082155]]]]}},{"type":"Feature","properties":{"id":"00231769626","t":"campus","op":"Google","nm":"Google Data Center The Dalles Oregon","st":"OR","co":"Wasco County","sqft":1487396,"lat":45.632048,"lon":-121.201302},"geometry":{"type":"MultiPolygon","coordinates":[[[[-121.201845,45.630435],[-121.198612,45.630442],[-121.198465,45.630395],[-121.198329,45.630317],[-121.198268,45.630230],[-121.198247,45.630110],[-121.197815,45.630126],[-121.198322,45.631147],[-121.198381,45.631364],[-121.198509,45.631563],[-121.199180,45.632910],[-121.199271,45.633082],[-121.199378,45.633202],[-121.199452,45.633269],[-121.199553,45.633335],[-121.199713,45.633390],[-121.199979,45.633442],[-121.200401,45.633514],[-121.200573,45.633554],[-121.200820,45.633635],[-121.201091,45.633741],[-121.201377,45.633825],[-121.201730,45.633895],[-121.201959,45.633918],[-121.202180,45.633915],[-121.202412,45.633877],[-121.202777,45.633751],[-121.203174,45.633570],[-121.203508,45.633406],[-121.203661,45.633328],[-121.203957,45.633134],[-121.204096,45.633021],[-121.204170,45.632945],[-121.204485,45.632717],[-121.204459,45.632664],[-121.204534,45.632649],[-121.204589,45.632626],[-121.204050,45.631677],[-121.204025,45.630529],[-121.203325,45.630531],[-121.203331,45.631324],[-121.201830,45.631338],[-121.201845,45.630435]]]]}},{"type":"Feature","properties":{"id":"00254756938","t":"campus","op":"Lumen Technologies","nm":"CenturyLink","st":"NV","co":"Clark County","sqft":49212,"lat":36.143716,"lon":-115.083386},"geometry":{"type":"MultiPolygon","coordinates":[[[[-115.083128,36.143272],[-115.083644,36.143273],[-115.083641,36.144140],[-115.083640,36.144167],[-115.083183,36.144157],[-115.083144,36.144137],[-115.083125,36.144115],[-115.083128,36.143272]]]]}},{"type":"Feature","properties":{"id":"00283051472","t":"campus","op":"Sabey Data Centers","nm":"Intergate Quincy Data Center","st":"WA","co":"Grant County","sqft":4318512,"lat":47.245327,"lon":-119.815931},"geometry":{"type":"MultiPolygon","coordinates":[[[[-119.816837,47.248457],[-119.816796,47.246803],[-119.820933,47.246788],[-119.820941,47.242272],[-119.813577,47.242954],[-119.813219,47.243257],[-119.812149,47.243545],[-119.811237,47.243706],[-119.811340,47.248462],[-119.816837,47.248457]]]]}},{"type":"Feature","properties":{"id":"00283051474","t":"campus","op":"Intuit","nm":"H5 Data Center","st":"WA","co":"Grant County","sqft":2700606,"lat":47.251411,"lon":-119.818753},"geometry":{"type":"MultiPolygon","coordinates":[[[[-119.816129,47.254567],[-119.816947,47.254431],[-119.817898,47.254373],[-119.819098,47.254034],[-119.819632,47.253961],[-119.820173,47.253960],[-119.820602,47.254012],[-119.821488,47.254060],[-119.821483,47.253963],[-119.821479,47.248635],[-119.816121,47.248605],[-119.816136,47.249431],[-119.816129,47.254567]]]]}},{"type":"Feature","properties":{"id":"00283051477","t":"campus","op":"Yahoo","nm":"Yahoo Data Center","st":"WA","co":"Grant County","sqft":2171290,"lat":47.246985,"lon":-119.827782},"geometry":{"type":"MultiPolygon","coordinates":[[[[-119.821464,47.246821],[-119.821463,47.247180],[-119.822443,47.247181],[-119.822441,47.248385],[-119.831762,47.248393],[-119.831768,47.245133],[-119.827843,47.245130],[-119.826438,47.245128],[-119.826434,47.246825],[-119.821464,47.246821]]]]}},{"type":"Feature","properties":{"id":"00283051487","t":"campus","op":null,"nm":"NTTData Data Center","st":"WA","co":"Grant County","sqft":3068566,"lat":47.24436,"lon":-119.864633},"geometry":{"type":"MultiPolygon","coordinates":[[[[-119.867542,47.241379],[-119.861777,47.241390],[-119.861812,47.246382],[-119.862631,47.246389],[-119.862642,47.247664],[-119.863279,47.247905],[-119.864102,47.247922],[-119.865189,47.247915],[-119.865397,47.247815],[-119.865556,47.247669],[-119.865952,47.247042],[-119.866181,47.246795],[-119.866560,47.246608],[-119.867050,47.246431],[-119.867353,47.246347],[-119.867581,47.246332],[-119.867542,47.241379]]]]}},{"type":"Feature","properties":{"id":"00414055237","t":"campus","op":"Microsoft","nm":"Microsoft CYS Datacenter","st":"WY","co":"Laramie County","sqft":8353216,"lat":41.123414,"lon":-104.905302},"geometry":{"type":"MultiPolygon","coordinates":[[[[-104.900229,41.123465],[-104.899389,41.123276],[-104.897955,41.123280],[-104.897414,41.123445],[-104.896407,41.123959],[-104.896711,41.124909],[-104.896894,41.125076],[-104.896901,41.125537],[-104.896822,41.125924],[-104.897536,41.125970],[-104.898040,41.126291],[-104.898120,41.127063],[-104.900000,41.127307],[-104.905234,41.128050],[-104.905224,41.126066],[-104.907268,41.126072],[-104.907269,41.126615],[-104.907872,41.126707],[-104.907877,41.127349],[-104.909992,41.127634],[-104.910157,41.127076],[-104.910408,41.126856],[-104.910451,41.124832],[-104.910552,41.120060],[-104.910625,41.117159],[-104.908122,41.117125],[-104.905701,41.117249],[-104.905602,41.119722],[-104.905564,41.120812],[-104.905623,41.120866],[-104.905606,41.121583],[-104.905536,41.121637],[-104.905484,41.123118],[-104.900823,41.123196],[-104.900236,41.123205],[-104.900229,41.123465]]]]}},{"type":"Feature","properties":{"id":"00450078003","t":"campus","op":"Equinix","nm":"Equinix CU2","st":"VA","co":"Culpeper County","sqft":1299936,"lat":38.454937,"lon":-77.978187},"geometry":{"type":"MultiPolygon","coordinates":[[[[-77.974712,38.455787],[-77.976776,38.456781],[-77.976800,38.456750],[-77.977119,38.456904],[-77.977609,38.456590],[-77.977602,38.456584],[-77.977825,38.456443],[-77.978016,38.456330],[-77.978319,38.456150],[-77.978413,38.456094],[-77.978809,38.455840],[-77.978904,38.455778],[-77.979039,38.455691],[-77.979659,38.455293],[-77.979780,38.455468],[-77.981550,38.454768],[-77.981247,38.454598],[-77.981144,38.454403],[-77.981076,38.454317],[-77.979499,38.452783],[-77.977686,38.453856],[-77.975368,38.455304],[-77.974712,38.455787]]]]}},{"type":"Feature","properties":{"id":"00460053028","t":"campus","op":"Amazon Web Services","nm":"Amazon Web Services Datacenter Complex","st":"VA","co":"Loudoun County","sqft":1088049,"lat":39.026575,"lon":-77.451065},"geometry":{"type":"MultiPolygon","coordinates":[[[[-77.454370,39.027555],[-77.454367,39.027424],[-77.454534,39.027423],[-77.454534,39.027303],[-77.454448,39.027303],[-77.454448,39.027258],[-77.454365,39.027259],[-77.454352,39.026666],[-77.454002,39.026446],[-77.452814,39.026460],[-77.452683,39.026462],[-77.452454,39.026124],[-77.451699,39.026134],[-77.451485,39.026064],[-77.451434,39.025993],[-77.451413,39.025240],[-77.451216,39.025093],[-77.451060,39.025044],[-77.450498,39.025052],[-77.450497,39.025073],[-77.450304,39.025057],[-77.450278,39.025005],[-77.450259,39.024930],[-77.450214,39.024930],[-77.450142,39.024929],[-77.450150,39.025091],[-77.450115,39.025091],[-77.450051,39.025092],[-77.449964,39.025055],[-77.449258,39.025058],[-77.448729,39.025131],[-77.448790,39.025534],[-77.448828,39.025839],[-77.448847,39.026072],[-77.448855,39.026341],[-77.448845,39.026772],[-77.448804,39.027214],[-77.448766,39.027477],[-77.448975,39.027684],[-77.449131,39.027717],[-77.449222,39.027715],[-77.449337,39.027702],[-77.449520,39.027701],[-77.449991,39.027732],[-77.450080,39.027689],[-77.450255,39.027631],[-77.452823,39.027599],[-77.453119,39.027593],[-77.453512,39.027555],[-77.453516,39.027656],[-77.453882,39.027618],[-77.454370,39.027555]]]]}},{"type":"Feature","properties":{"id":"00460053030","t":"campus","op":"Amazon Web Services","nm":"Amazon Web Services","st":"VA","co":"Loudoun County","sqft":1022344,"lat":39.02887,"lon":-77.458662},"geometry":{"type":"MultiPolygon","coordinates":[[[[-77.461442,39.028856],[-77.461387,39.028771],[-77.461309,39.028716],[-77.461232,39.028676],[-77.461166,39.028658],[-77.461088,39.028646],[-77.460950,39.028639],[-77.460748,39.028662],[-77.460524,39.028715],[-77.460164,39.028821],[-77.459284,39.028294],[-77.458489,39.027245],[-77.458335,39.027156],[-77.458230,39.027116],[-77.458148,39.027100],[-77.458062,39.027101],[-77.458,39.027100],[-77.457965,39.027138],[-77.457910,39.027169],[-77.457419,39.027195],[-77.457428,39.027236],[-77.457428,39.027334],[-77.457334,39.027416],[-77.457182,39.027511],[-77.456936,39.027626],[-77.456878,39.027569],[-77.456811,39.027481],[-77.456094,39.027823],[-77.456057,39.027851],[-77.456038,39.027889],[-77.456036,39.027970],[-77.456060,39.028063],[-77.456108,39.028181],[-77.456162,39.028295],[-77.456216,39.028369],[-77.456267,39.028429],[-77.456738,39.028812],[-77.456929,39.028982],[-77.457108,39.029161],[-77.457222,39.029295],[-77.457341,39.029438],[-77.457443,39.029565],[-77.457532,39.029699],[-77.457617,39.029836],[-77.457692,39.029969],[-77.457942,39.030514],[-77.458669,39.030251],[-77.458823,39.030203],[-77.459012,39.030171],[-77.459068,39.030149],[-77.459259,39.030120],[-77.459487,39.030211],[-77.459854,39.030232],[-77.460187,39.030150],[-77.460440,39.030081],[-77.460640,39.030048],[-77.460671,39.030020],[-77.460680,39.029995],[-77.460667,39.029920],[-77.460660,39.029859],[-77.460684,39.029820],[-77.460843,39.029772],[-77.460985,39.029718],[-77.461119,39.029679],[-77.461205,39.029662],[-77.461267,39.029636],[-77.461381,39.029632],[-77.461431,39.029624],[-77.461525,39.029579],[-77.461582,39.029533],[-77.461614,39.029485],[-77.461637,39.029432],[-77.461639,39.029358],[-77.461442,39.028856]]]]}},{"type":"Feature","properties":{"id":"00460056018","t":"campus","op":null,"nm":null,"st":"VA","co":"Loudoun County","sqft":709715,"lat":38.986502,"lon":-77.442196},"geometry":{"type":"MultiPolygon","coordinates":[[[[-77.442244,38.988174],[-77.444117,38.986265],[-77.443291,38.985510],[-77.442464,38.984855],[-77.441370,38.985468],[-77.440987,38.985880],[-77.440396,38.987138],[-77.442244,38.988174]]]]}},{"type":"Feature","properties":{"id":"00460067220","t":"campus","op":"Amazon Web Services","nm":"Amazon Web Services Datacenter Complex","st":"OH","co":"Licking County","sqft":1106310,"lat":40.093883,"lon":-82.751711},"geometry":{"type":"MultiPolygon","coordinates":[[[[-82.753988,40.095177],[-82.754116,40.092986],[-82.752588,40.092916],[-82.751466,40.092641],[-82.750748,40.092395],[-82.749621,40.092313],[-82.749595,40.093146],[-82.749546,40.094676],[-82.749605,40.095042],[-82.752717,40.095138],[-82.753988,40.095177]]]]}},{"type":"Feature","properties":{"id":"00460067225","t":"campus","op":"Amazon Web Services us-east-2 datacenter","nm":"Amazon AWS: Hilliard Data Center","st":"OH","co":"Franklin County","sqft":2578490,"lat":40.059902,"lon":-83.134258},"geometry":{"type":"MultiPolygon","coordinates":[[[[-83.137257,40.061650],[-83.137133,40.061280],[-83.135637,40.056676],[-83.131310,40.057834],[-83.132686,40.063054],[-83.136999,40.062036],[-83.137257,40.061650]]]]}},{"type":"Feature","properties":{"id":"00460167190","t":"campus","op":null,"nm":"Intergate Columbia","st":"WA","co":"Douglas County","sqft":2771098,"lat":47.407588,"lon":-120.191731},"geometry":{"type":"MultiPolygon","coordinates":[[[[-120.190625,47.409969],[-120.190627,47.408858],[-120.197001,47.408850],[-120.196961,47.406058],[-120.186602,47.406052],[-120.186598,47.408247],[-120.188265,47.408248],[-120.188262,47.409968],[-120.190625,47.409969]]]]}},{"type":"Feature","properties":{"id":"00495115494","t":"campus","op":null,"nm":null,"st":"CA","co":"Los Angeles County","sqft":25505,"lat":34.047915,"lon":-118.255569},"geometry":{"type":"MultiPolygon","coordinates":[[[[-118.255201,34.047984],[-118.255585,34.048226],[-118.255936,34.047845],[-118.255552,34.047603],[-118.255201,34.047984]]]]}},{"type":"Feature","properties":{"id":"00509611414","t":"campus","op":"National Security Agency","nm":"Texas Cryptologic Center","st":"TX","co":"Bexar County","sqft":465165,"lat":29.447408,"lon":-98.640688},"geometry":{"type":"MultiPolygon","coordinates":[[[[-98.641351,29.446216],[-98.641639,29.447294],[-98.641762,29.448376],[-98.641735,29.448378],[-98.640521,29.448483],[-98.639849,29.448541],[-98.639737,29.447549],[-98.639669,29.446950],[-98.639718,29.446682],[-98.640115,29.446324],[-98.640272,29.446287],[-98.640568,29.446262],[-98.641351,29.446216]]]]}},{"type":"Feature","properties":{"id":"00518921099","t":"campus","op":"Google","nm":"Google Data Center","st":"AZ","co":"Maricopa County","sqft":7905597,"lat":33.353976,"lon":-111.675911},"geometry":{"type":"MultiPolygon","coordinates":[[[[-111.670899,33.350529],[-111.680864,33.350619],[-111.682112,33.356053],[-111.681199,33.356256],[-111.675053,33.357617],[-111.673799,33.357716],[-111.670746,33.357748],[-111.670741,33.355491],[-111.670899,33.350529]]]]}},{"type":"Feature","properties":{"id":"00545730285","t":"campus","op":"Meta","nm":"Altoona Meta Data Center","st":"IA","co":"Polk County","sqft":26568553,"lat":41.669694,"lon":-93.511439},"geometry":{"type":"MultiPolygon","coordinates":[[[[-93.512926,41.673007],[-93.517211,41.673002],[-93.522194,41.672968],[-93.522260,41.668912],[-93.521353,41.668859],[-93.521330,41.667917],[-93.522162,41.667900],[-93.522147,41.662716],[-93.517469,41.662665],[-93.517562,41.661120],[-93.515850,41.661402],[-93.514970,41.661533],[-93.514475,41.661684],[-93.510806,41.662113],[-93.510259,41.662177],[-93.509577,41.662270],[-93.508942,41.662332],[-93.508235,41.662407],[-93.507517,41.662453],[-93.506514,41.662502],[-93.505773,41.662530],[-93.504911,41.662528],[-93.503452,41.662517],[-93.503094,41.662508],[-93.503077,41.664054],[-93.503076,41.664119],[-93.503074,41.664205],[-93.503073,41.665308],[-93.503072,41.665874],[-93.503168,41.672924],[-93.503267,41.680228],[-93.511830,41.680233],[-93.511781,41.672989],[-93.512926,41.673007]]]]}},{"type":"Feature","properties":{"id":"00567575428","t":"campus","op":"Apple","nm":"Apple Mesa Data Center","st":"AZ","co":"Maricopa County","sqft":3983906,"lat":33.346798,"lon":-111.604318},"geometry":{"type":"MultiPolygon","coordinates":[[[[-111.607314,33.349793],[-111.607314,33.349735],[-111.607315,33.349668],[-111.607289,33.346473],[-111.607521,33.345716],[-111.607543,33.343927],[-111.607199,33.343928],[-111.606168,33.343931],[-111.602267,33.343944],[-111.602199,33.343949],[-111.602200,33.343902],[-111.601970,33.343902],[-111.601821,33.343783],[-111.601821,33.343657],[-111.601318,33.343656],[-111.601207,33.343656],[-111.601308,33.349690],[-111.601340,33.349707],[-111.602095,33.349717],[-111.603169,33.349750],[-111.607314,33.349793]]]]}},{"type":"Feature","properties":{"id":"00578412815","t":"campus","op":"Meta","nm":"Meta Los Lunas Data Center","st":"NM","co":"Valencia County","sqft":21836553,"lat":34.830228,"lon":-106.779896},"geometry":{"type":"MultiPolygon","coordinates":[[[[-106.771119,34.828640],[-106.769746,34.833269],[-106.768595,34.835878],[-106.788444,34.835701],[-106.788383,34.828187],[-106.788368,34.823800],[-106.774688,34.823782],[-106.773881,34.828717],[-106.771119,34.828640]]]]}},{"type":"Feature","properties":{"id":"00578435601","t":"campus","op":"Google","nm":"Google Datacenter - Douglas County","st":"GA","co":"Douglas County","sqft":2608502,"lat":33.75059,"lon":-84.585223},"geometry":{"type":"MultiPolygon","coordinates":[[[[-84.588685,33.752622],[-84.588464,33.752315],[-84.588309,33.752085],[-84.587658,33.751116],[-84.585152,33.747718],[-84.584243,33.746995],[-84.583118,33.746997],[-84.582699,33.747323],[-84.582678,33.748050],[-84.582774,33.748933],[-84.583048,33.751328],[-84.583461,33.751874],[-84.586046,33.753897],[-84.587718,33.753378],[-84.588243,33.753032],[-84.588685,33.752622]]]]}},{"type":"Feature","properties":{"id":"00578438011","t":"campus","op":"Google","nm":"Google","st":"IA","co":"Pottawattamie County","sqft":2304742,"lat":41.221658,"lon":-95.864498},"geometry":{"type":"MultiPolygon","coordinates":[[[[-95.867801,41.220042],[-95.863928,41.219985],[-95.863844,41.219925],[-95.861468,41.219892],[-95.861281,41.219935],[-95.861077,41.220032],[-95.860940,41.220179],[-95.860838,41.220355],[-95.860793,41.220653],[-95.860768,41.222854],[-95.864827,41.222890],[-95.864827,41.224000],[-95.865910,41.224018],[-95.865985,41.223969],[-95.866012,41.223701],[-95.866066,41.223670],[-95.866146,41.223659],[-95.866217,41.223672],[-95.867758,41.223693],[-95.867801,41.220042]]]]}},{"type":"Feature","properties":{"id":"00626226408","t":"campus","op":"Google","nm":"Google Berkeley County Data Center","st":"SC","co":"Berkeley County","sqft":8310940,"lat":33.06378,"lon":-80.042159},"geometry":{"type":"MultiPolygon","coordinates":[[[[-80.047993,33.062472],[-80.048,33.061092],[-80.047539,33.060288],[-80.039318,33.060389],[-80.037058,33.060417],[-80.036871,33.064779],[-80.036748,33.067641],[-80.041253,33.067727],[-80.042057,33.067170],[-80.044391,33.067178],[-80.045657,33.066374],[-80.04798,33.065522],[-80.047993,33.062472]]]]}},{"type":"Feature","properties":{"id":"00635022480","t":"campus","op":"Ascent","nm":"Ascent - Atlanta Data Center","st":"GA","co":"Fulton County","sqft":595317,"lat":34.057137,"lon":-84.273025},"geometry":{"type":"MultiPolygon","coordinates":[[[[-84.274150,34.058327],[-84.274591,34.057288],[-84.274618,34.057130],[-84.274631,34.056955],[-84.274516,34.056712],[-84.273845,34.056563],[-84.273733,34.056383],[-84.273317,34.056368],[-84.273183,34.056292],[-84.273105,34.055826],[-84.273001,34.055790],[-84.272547,34.055875],[-84.271972,34.056000],[-84.271374,34.057465],[-84.271442,34.057632],[-84.273894,34.058393],[-84.274150,34.058327]]]]}},{"type":"Feature","properties":{"id":"00640148472","t":"campus","op":"CyrusOne","nm":"CyrusOne Quincy","st":"WA","co":"Grant County","sqft":1779563,"lat":47.243696,"lon":-119.869604},"geometry":{"type":"MultiPolygon","coordinates":[[[[-119.871788,47.241358],[-119.867542,47.241379],[-119.867581,47.246332],[-119.868344,47.246335],[-119.868669,47.246312],[-119.869298,47.246159],[-119.869998,47.245983],[-119.870610,47.245814],[-119.871795,47.245420],[-119.871788,47.241358]]]]}},{"type":"Feature","properties":{"id":"00649365745","t":"campus","op":null,"nm":"NTT Ashburn Campus","st":"VA","co":"Loudoun County","sqft":2116133,"lat":39.01773,"lon":-77.471981},"geometry":{"type":"MultiPolygon","coordinates":[[[[-77.470414,39.015702],[-77.470335,39.015786],[-77.470308,39.015810],[-77.470265,39.015840],[-77.470236,39.015849],[-77.470187,39.015857],[-77.470136,39.015850],[-77.470058,39.015958],[-77.470081,39.015994],[-77.470084,39.016039],[-77.469676,39.016477],[-77.469592,39.016593],[-77.469523,39.016676],[-77.469167,39.017114],[-77.469131,39.017172],[-77.469102,39.017238],[-77.469088,39.017307],[-77.469087,39.017358],[-77.469094,39.017419],[-77.469116,39.017486],[-77.469139,39.017535],[-77.469182,39.017599],[-77.469233,39.017656],[-77.469314,39.017718],[-77.469515,39.017871],[-77.469676,39.018002],[-77.469764,39.018077],[-77.469905,39.018200],[-77.470009,39.018294],[-77.470136,39.018412],[-77.470165,39.018439],[-77.470247,39.018496],[-77.470332,39.018544],[-77.470456,39.018606],[-77.470574,39.018647],[-77.470655,39.018668],[-77.470926,39.018718],[-77.470981,39.018731],[-77.471024,39.018754],[-77.471049,39.018781],[-77.471062,39.018809],[-77.471066,39.018855],[-77.471056,39.018887],[-77.471030,39.018914],[-77.470998,39.018940],[-77.470947,39.018958],[-77.470897,39.018963],[-77.471034,39.019098],[-77.471056,39.019118],[-77.471105,39.019166],[-77.471097,39.019169],[-77.471275,39.019384],[-77.471219,39.019552],[-77.470909,39.019669],[-77.471192,39.020154],[-77.471283,39.020311],[-77.471464,39.020579],[-77.471604,39.020757],[-77.471758,39.020937],[-77.471920,39.021109],[-77.472014,39.021199],[-77.472097,39.021262],[-77.472384,39.021463],[-77.472496,39.021541],[-77.472572,39.021471],[-77.472749,39.021228],[-77.472838,39.021265],[-77.473051,39.021087],[-77.473063,39.021045],[-77.473096,39.021052],[-77.473130,39.021009],[-77.473100,39.020959],[-77.473133,39.020914],[-77.473172,39.020843],[-77.473196,39.020783],[-77.473631,39.019244],[-77.473644,39.019201],[-77.473678,39.019179],[-77.473731,39.019154],[-77.473752,39.019126],[-77.473762,39.019075],[-77.473747,39.019044],[-77.473713,39.019018],[-77.473700,39.018972],[-77.474071,39.017666],[-77.474106,39.017596],[-77.474169,39.017497],[-77.474236,39.017407],[-77.474756,39.016914],[-77.473493,39.016017],[-77.473320,39.015892],[-77.473118,39.015731],[-77.472876,39.015521],[-77.472717,39.015347],[-77.472596,39.015195],[-77.472270,39.014658],[-77.472132,39.014446],[-77.472088,39.014407],[-77.471994,39.014381],[-77.471907,39.014386],[-77.471798,39.014412],[-77.471616,39.014470],[-77.471460,39.014531],[-77.471495,39.014599],[-77.471329,39.014691],[-77.471250,39.014878],[-77.471159,39.014964],[-77.471011,39.015111],[-77.470494,39.015645],[-77.470475,39.015663],[-77.470453,39.015654],[-77.470414,39.015702]]]]}},{"type":"Feature","properties":{"id":"00675108684","t":"campus","op":"Microsoft","nm":"Microsoft Boydton Data Center","st":"VA","co":"Mecklenburg County","sqft":11273954,"lat":36.685373,"lon":-78.376553},"geometry":{"type":"MultiPolygon","coordinates":[[[[-78.377956,36.696167],[-78.379254,36.694369],[-78.380756,36.695435],[-78.382719,36.693526],[-78.381089,36.692347],[-78.379887,36.692399],[-78.379018,36.687934],[-78.378996,36.684836],[-78.379447,36.684113],[-78.379157,36.681076],[-78.378170,36.680732],[-78.377924,36.678641],[-78.378921,36.676025],[-78.376605,36.676014],[-78.373950,36.676404],[-78.372677,36.676783],[-78.372184,36.675673],[-78.370100,36.676293],[-78.370773,36.677552],[-78.370420,36.678241],[-78.371008,36.678871],[-78.371848,36.679041],[-78.372683,36.680093],[-78.373354,36.680206],[-78.373621,36.682375],[-78.374683,36.684114],[-78.375209,36.687727],[-78.374984,36.687985],[-78.374469,36.687934],[-78.374512,36.688708],[-78.375177,36.690317],[-78.375606,36.692579],[-78.374791,36.693775],[-78.375456,36.694136],[-78.375059,36.695685],[-78.376282,36.696020],[-78.377956,36.696167]]]]}},{"type":"Feature","properties":{"id":"00680666647","t":"campus","op":null,"nm":"Centeris","st":"WA","co":"Pierce County","sqft":1848925,"lat":47.159592,"lon":-122.279684},"geometry":{"type":"MultiPolygon","coordinates":[[[[-122.281608,47.156946],[-122.281866,47.157137],[-122.281982,47.157446],[-122.281995,47.158382],[-122.281998,47.158628],[-122.282027,47.160979],[-122.281981,47.161087],[-122.281858,47.161249],[-122.281335,47.161760],[-122.277864,47.161692],[-122.277070,47.161204],[-122.276843,47.160751],[-122.276825,47.160085],[-122.276837,47.159098],[-122.278676,47.157831],[-122.280603,47.156959],[-122.281608,47.156946]]]]}},{"type":"Feature","properties":{"id":"00685011021","t":"campus","op":"Iron Mountain","nm":"Iron Mountain AZP-2","st":"AZ","co":"Maricopa County","sqft":463636,"lat":33.452141,"lon":-111.977305},"geometry":{"type":"MultiPolygon","coordinates":[[[[-111.976219,33.451155],[-111.977295,33.451161],[-111.978260,33.451179],[-111.978302,33.451182],[-111.978331,33.451199],[-111.978349,33.451216],[-111.978358,33.451239],[-111.978369,33.452945],[-111.978325,33.453159],[-111.977286,33.453159],[-111.976222,33.452983],[-111.976219,33.451155]]]]}},{"type":"Feature","properties":{"id":"00688722307","t":"campus","op":null,"nm":"Bank of America Data Center","st":"VA","co":"Henrico County","sqft":2209960,"lat":37.495809,"lon":-77.238286},"geometry":{"type":"MultiPolygon","coordinates":[[[[-77.235131,37.495513],[-77.235968,37.496134],[-77.236735,37.496697],[-77.237415,37.497196],[-77.238016,37.497665],[-77.238303,37.497954],[-77.238497,37.498215],[-77.238709,37.498558],[-77.238868,37.499006],[-77.238952,37.499383],[-77.239429,37.499104],[-77.240065,37.498721],[-77.240812,37.498274],[-77.241385,37.497925],[-77.241118,37.497612],[-77.240419,37.496795],[-77.240115,37.496652],[-77.240182,37.496138],[-77.240421,37.495993],[-77.240413,37.495667],[-77.240383,37.495027],[-77.239983,37.494900],[-77.239746,37.494479],[-77.239197,37.494032],[-77.239082,37.493560],[-77.239120,37.493366],[-77.239089,37.493152],[-77.238539,37.492725],[-77.238213,37.492727],[-77.238101,37.492727],[-77.237933,37.492727],[-77.237898,37.492816],[-77.237419,37.493201],[-77.237433,37.493214],[-77.237399,37.493239],[-77.237198,37.493081],[-77.236669,37.493492],[-77.236098,37.493936],[-77.235583,37.494337],[-77.235198,37.494631],[-77.235393,37.494785],[-77.235200,37.494964],[-77.235128,37.495030],[-77.234978,37.495145],[-77.23518,37.495297],[-77.235032,37.495438],[-77.235131,37.495513]]]]}},{"type":"Feature","properties":{"id":"00696985482","t":"campus","op":null,"nm":null,"st":"VA","co":"Loudoun County","sqft":402308,"lat":38.999459,"lon":-77.449876},"geometry":{"type":"MultiPolygon","coordinates":[[[[-77.451216,39.000109],[-77.451335,38.999985],[-77.451322,38.999617],[-77.451299,38.999106],[-77.451309,38.999080],[-77.451330,38.999045],[-77.451360,38.999011],[-77.451391,38.998986],[-77.451424,38.998966],[-77.451459,38.998948],[-77.451493,38.998938],[-77.451529,38.998929],[-77.451491,38.998802],[-77.451215,38.998811],[-77.451215,38.998786],[-77.449372,38.998823],[-77.448206,38.998845],[-77.448181,38.998931],[-77.448277,38.999148],[-77.448714,39.000099],[-77.448763,39.000082],[-77.448780,39.000107],[-77.448797,39.000102],[-77.448828,39.000147],[-77.448852,39.000181],[-77.448866,39.000175],[-77.448876,39.000193],[-77.448946,39.000168],[-77.448958,39.000186],[-77.448982,39.000220],[-77.449039,39.000194],[-77.449148,39.000221],[-77.449150,39.000238],[-77.449233,39.000235],[-77.449235,39.000260],[-77.449236,39.000294],[-77.449557,39.000285],[-77.449769,39.000097],[-77.450166,39.000088],[-77.450197,39.000128],[-77.451216,39.000109]]]]}},{"type":"Feature","properties":{"id":"00696992451","t":"campus","op":null,"nm":null,"st":"VA","co":"Prince William County","sqft":989045,"lat":38.790982,"lon":-77.548317},"geometry":{"type":"MultiPolygon","coordinates":[[[[-77.549393,38.788932],[-77.548670,38.788928],[-77.548672,38.789131],[-77.547171,38.789125],[-77.547172,38.789422],[-77.546943,38.789420],[-77.546936,38.790428],[-77.547449,38.790432],[-77.547446,38.790452],[-77.547426,38.790451],[-77.547427,38.790496],[-77.547451,38.790499],[-77.547453,38.790517],[-77.547474,38.790519],[-77.547474,38.790558],[-77.547449,38.790558],[-77.547447,38.790581],[-77.547060,38.790579],[-77.547058,38.790636],[-77.546916,38.790634],[-77.546915,38.791744],[-77.547011,38.791743],[-77.547003,38.791783],[-77.547003,38.791908],[-77.546915,38.791971],[-77.546915,38.792478],[-77.547163,38.792689],[-77.547964,38.792691],[-77.547965,38.792642],[-77.548031,38.792641],[-77.548031,38.792666],[-77.548096,38.792695],[-77.549529,38.792699],[-77.549758,38.792686],[-77.549892,38.792537],[-77.549919,38.792477],[-77.549836,38.791640],[-77.549834,38.791167],[-77.549356,38.790428],[-77.549344,38.790223],[-77.549301,38.789993],[-77.549306,38.789597],[-77.549395,38.789188],[-77.549393,38.788932]]]]}},{"type":"Feature","properties":{"id":"00697021949","t":"campus","op":"Amazon","nm":null,"st":"VA","co":"Prince William County","sqft":1278242,"lat":38.815816,"lon":-77.652696},"geometry":{"type":"MultiPolygon","coordinates":[[[[-77.652305,38.817588],[-77.653683,38.817909],[-77.653781,38.817662],[-77.654684,38.815373],[-77.654686,38.815255],[-77.654688,38.815178],[-77.654703,38.814333],[-77.654417,38.814064],[-77.653574,38.814039],[-77.651549,38.814108],[-77.651292,38.814173],[-77.651082,38.814942],[-77.650998,38.815373],[-77.650893,38.815910],[-77.650441,38.816849],[-77.650375,38.817079],[-77.651299,38.817324],[-77.652305,38.817588]]]]}},{"type":"Feature","properties":{"id":"00700001774","t":"campus","op":"Microsoft","nm":"Microsoft MWH Data Center","st":"WA","co":"Grant County","sqft":8381014,"lat":47.237769,"lon":-119.88771},"geometry":{"type":"MultiPolygon","coordinates":[[[[-119.878775,47.240176],[-119.885682,47.240151],[-119.885697,47.241596],[-119.886051,47.241607],[-119.886931,47.241708],[-119.887240,47.241712],[-119.887518,47.241665],[-119.888915,47.241335],[-119.889236,47.241164],[-119.889471,47.241037],[-119.889765,47.240928],[-119.890125,47.240855],[-119.890727,47.240786],[-119.891657,47.240500],[-119.894605,47.240019],[-119.896030,47.239396],[-119.896262,47.239233],[-119.896413,47.239040],[-119.896394,47.234063],[-119.890562,47.234621],[-119.890551,47.235837],[-119.893609,47.235850],[-119.893612,47.236373],[-119.893853,47.236376],[-119.893855,47.236814],[-119.893615,47.236812],[-119.893622,47.237822],[-119.890533,47.237810],[-119.890561,47.234621],[-119.878765,47.235726],[-119.878770,47.238139],[-119.878775,47.240176]]]]}},{"type":"Feature","properties":{"id":"00700431553","t":"campus","op":"Google","nm":"Google Taylor Lake Data Center","st":"OR","co":"Wasco County","sqft":1100932,"lat":45.638529,"lon":-121.202404},"geometry":{"type":"MultiPolygon","coordinates":[[[[-121.204078,45.637580],[-121.203781,45.636973],[-121.203526,45.637024],[-121.203386,45.636726],[-121.201356,45.637184],[-121.201345,45.637232],[-121.201318,45.637270],[-121.201293,45.637296],[-121.201252,45.637317],[-121.201205,45.637332],[-121.199477,45.637740],[-121.200529,45.639001],[-121.200924,45.639318],[-121.201047,45.639447],[-121.201451,45.639908],[-121.201580,45.640119],[-121.201741,45.640251],[-121.202018,45.640199],[-121.202212,45.640302],[-121.202916,45.640298],[-121.204618,45.639519],[-121.204647,45.638828],[-121.204078,45.637580]]]]}},{"type":"Feature","properties":{"id":"00706726088","t":"campus","op":"Google","nm":"Stonewall Creek Business Park","st":"VA","co":"Loudoun County","sqft":1291753,"lat":39.051432,"lon":-77.5394},"geometry":{"type":"MultiPolygon","coordinates":[[[[-77.540162,39.053934],[-77.540194,39.053934],[-77.540419,39.052899],[-77.540458,39.052873],[-77.540645,39.051927],[-77.540631,39.051888],[-77.540662,39.051755],[-77.540772,39.051661],[-77.540744,39.051532],[-77.540823,39.051470],[-77.540794,39.051434],[-77.540908,39.051376],[-77.540776,39.051343],[-77.540825,39.051099],[-77.541209,39.049283],[-77.540186,39.049146],[-77.540191,39.049120],[-77.539993,39.049093],[-77.539987,39.049121],[-77.539055,39.048999],[-77.538929,39.049075],[-77.53879,39.049721],[-77.538749,39.049886],[-77.538637,39.049872],[-77.538478,39.049851],[-77.538373,39.049838],[-77.538273,39.049825],[-77.538169,39.049811],[-77.538118,39.050070],[-77.537810,39.051632],[-77.537792,39.051659],[-77.537753,39.051850],[-77.537665,39.051991],[-77.538136,39.053669],[-77.540162,39.053934]]]]}},{"type":"Feature","properties":{"id":"00708155014","t":"campus","op":"Quality Technology Services","nm":"QTS Richmond Data Center","st":"VA","co":"Henrico County","sqft":3801096,"lat":37.489001,"lon":-77.245886},"geometry":{"type":"MultiPolygon","coordinates":[[[[-77.249561,37.487714],[-77.248649,37.486909],[-77.248783,37.486701],[-77.248024,37.486275],[-77.248091,37.486122],[-77.246806,37.485381],[-77.246689,37.485382],[-77.246449,37.485303],[-77.246170,37.485261],[-77.245889,37.485253],[-77.245393,37.485098],[-77.245176,37.485096],[-77.245133,37.485208],[-77.245117,37.485340],[-77.245312,37.485619],[-77.245293,37.485645],[-77.244655,37.486515],[-77.244430,37.486390],[-77.244280,37.486145],[-77.243609,37.485913],[-77.243279,37.487450],[-77.242325,37.488171],[-77.243521,37.488578],[-77.242459,37.490631],[-77.244240,37.492217],[-77.244685,37.492549],[-77.245237,37.492702],[-77.245929,37.492677],[-77.248027,37.492302],[-77.248123,37.491285],[-77.247963,37.490578],[-77.248000,37.490063],[-77.249191,37.488654],[-77.249223,37.488135],[-77.249561,37.487714]]]]}},{"type":"Feature","properties":{"id":"00708931343","t":"campus","op":"Google LLC","nm":"Google Montgomery Data Center","st":"TN","co":"Montgomery County","sqft":26612163,"lat":36.628576,"lon":-87.260011},"geometry":{"type":"MultiPolygon","coordinates":[[[[-87.265541,36.636450],[-87.266791,36.628831],[-87.266854,36.628481],[-87.268041,36.621904],[-87.268170,36.621021],[-87.267987,36.620539],[-87.267606,36.620100],[-87.267081,36.619850],[-87.266576,36.619764],[-87.260865,36.619139],[-87.259726,36.619015],[-87.258761,36.618587],[-87.258062,36.618110],[-87.257598,36.617621],[-87.257522,36.617572],[-87.257430,36.617566],[-87.256961,36.617797],[-87.256493,36.618009],[-87.256164,36.618215],[-87.255822,36.618487],[-87.255491,36.618856],[-87.255239,36.619400],[-87.255058,36.620010],[-87.254952,36.620637],[-87.255081,36.620662],[-87.253851,36.627676],[-87.253735,36.627725],[-87.253760,36.627769],[-87.253813,36.627857],[-87.253562,36.629290],[-87.252034,36.638482],[-87.256352,36.638943],[-87.265541,36.636450]]]]}},{"type":"Feature","properties":{"id":"00711811006","t":"campus","op":"University Corporation for Atmospheric Research","nm":null,"st":"WY","co":"Laramie County","sqft":571755,"lat":41.1287,"lon":-104.897032},"geometry":{"type":"MultiPolygon","coordinates":[[[[-104.898448,41.129639],[-104.898651,41.127938],[-104.896216,41.127485],[-104.895111,41.129506],[-104.896334,41.129635],[-104.898448,41.129639]]]]}},{"type":"Feature","properties":{"id":"00713411278","t":"campus","op":null,"nm":null,"st":"TX","co":"Travis County","sqft":505061,"lat":30.207138,"lon":-97.70067},"geometry":{"type":"MultiPolygon","coordinates":[[[[-97.702163,30.206217],[-97.702456,30.207509],[-97.700093,30.207910],[-97.699146,30.208008],[-97.698866,30.206776],[-97.702163,30.206217]]]]}},{"type":"Feature","properties":{"id":"00713411279","t":"campus","op":null,"nm":null,"st":"TX","co":"Travis County","sqft":249430,"lat":30.205951,"lon":-97.697933},"geometry":{"type":"MultiPolygon","coordinates":[[[[-97.698604,30.205158],[-97.698894,30.206436],[-97.697333,30.206712],[-97.697086,30.206300],[-97.697017,30.206005],[-97.696987,30.205795],[-97.697273,30.205390],[-97.698604,30.205158]]]]}},{"type":"Feature","properties":{"id":"00714120969","t":"campus","op":null,"nm":"DataBank Plano Data Center","st":"TX","co":"Collin County","sqft":375691,"lat":33.087569,"lon":-96.815131},"geometry":{"type":"MultiPolygon","coordinates":[[[[-96.816748,33.086901],[-96.816426,33.086692],[-96.815249,33.086712],[-96.814213,33.087238],[-96.813688,33.087406],[-96.814098,33.088125],[-96.814304,33.088394],[-96.814512,33.088594],[-96.814754,33.088789],[-96.814916,33.088755],[-96.816748,33.086901]]]]}},{"type":"Feature","properties":{"id":"00714139864","t":"campus","op":"Equinix","nm":"Equinix","st":"NJ","co":"Hudson County","sqft":535110,"lat":40.775068,"lon":-74.068677},"geometry":{"type":"MultiPolygon","coordinates":[[[[-74.070223,40.773751],[-74.068733,40.773306],[-74.067863,40.774975],[-74.067130,40.776384],[-74.068620,40.776829],[-74.070223,40.773751]]]]}},{"type":"Feature","properties":{"id":"00714139868","t":"campus","op":"CoreSite","nm":"CoreSite Secaucus Campus","st":"NJ","co":"Hudson County","sqft":438062,"lat":40.784334,"lon":-74.065268},"geometry":{"type":"MultiPolygon","coordinates":[[[[-74.064749,40.783133],[-74.066200,40.783517],[-74.066705,40.783669],[-74.066737,40.783803],[-74.065884,40.785435],[-74.064275,40.785199],[-74.063748,40.785040],[-74.064749,40.783133]]]]}},{"type":"Feature","properties":{"id":"00714622339","t":"campus","op":"Google","nm":"Google Data Center","st":"VA","co":"Loudoun County","sqft":2143143,"lat":38.942771,"lon":-77.52625},"geometry":{"type":"MultiPolygon","coordinates":[[[[-77.524936,38.941555],[-77.524040,38.942032],[-77.523837,38.942041],[-77.522312,38.942863],[-77.523188,38.943854],[-77.524393,38.944646],[-77.525308,38.944740],[-77.525688,38.945162],[-77.525741,38.945313],[-77.525568,38.945646],[-77.525411,38.945944],[-77.525425,38.946083],[-77.525839,38.946418],[-77.526743,38.946713],[-77.527135,38.945993],[-77.526545,38.945796],[-77.526620,38.945665],[-77.526562,38.945646],[-77.526467,38.945537],[-77.526149,38.945434],[-77.526048,38.945072],[-77.525769,38.944753],[-77.525882,38.944298],[-77.525982,38.944248],[-77.525927,38.944182],[-77.526167,38.944056],[-77.526193,38.944087],[-77.526685,38.943829],[-77.526703,38.943854],[-77.527083,38.943655],[-77.527194,38.943686],[-77.527734,38.944312],[-77.528260,38.944023],[-77.528145,38.943886],[-77.527698,38.943401],[-77.528292,38.943090],[-77.528437,38.943082],[-77.529284,38.942622],[-77.529324,38.942667],[-77.529525,38.942560],[-77.529446,38.942468],[-77.530014,38.942151],[-77.529832,38.941944],[-77.529771,38.941976],[-77.529551,38.941720],[-77.529574,38.941709],[-77.529547,38.941677],[-77.529519,38.941694],[-77.528996,38.941104],[-77.529018,38.941092],[-77.528993,38.941061],[-77.528971,38.941071],[-77.527956,38.939928],[-77.527462,38.940182],[-77.527119,38.940059],[-77.526779,38.940245],[-77.526307,38.940814],[-77.524936,38.941555]]]]}},{"type":"Feature","properties":{"id":"00714622340","t":"campus","op":null,"nm":"Amazon Fadeley III","st":"VA","co":"Loudoun County","sqft":1654964,"lat":38.948332,"lon":-77.521599},"geometry":{"type":"MultiPolygon","coordinates":[[[[-77.523541,38.949354],[-77.523808,38.949258],[-77.523968,38.949149],[-77.524159,38.948953],[-77.524243,38.948834],[-77.524092,38.948564],[-77.524153,38.948548],[-77.524175,38.948098],[-77.524157,38.947993],[-77.524037,38.947562],[-77.524025,38.947488],[-77.523968,38.947328],[-77.523810,38.947006],[-77.523718,38.946825],[-77.523558,38.946610],[-77.523286,38.946704],[-77.523271,38.946659],[-77.523216,38.946558],[-77.523256,38.946322],[-77.523124,38.946110],[-77.522858,38.945966],[-77.521841,38.946395],[-77.521480,38.946525],[-77.521262,38.946592],[-77.521309,38.946692],[-77.521322,38.946689],[-77.521369,38.946780],[-77.520844,38.946958],[-77.520814,38.946899],[-77.520715,38.946933],[-77.520678,38.946869],[-77.519588,38.947233],[-77.519492,38.947366],[-77.519214,38.948099],[-77.519133,38.948138],[-77.519078,38.948176],[-77.519000,38.948243],[-77.518846,38.948542],[-77.518854,38.948695],[-77.519820,38.950418],[-77.519806,38.950472],[-77.520145,38.950579],[-77.523376,38.949484],[-77.523541,38.949354]]]]}},{"type":"Feature","properties":{"id":"00714776107","t":"campus","op":"Skybox","nm":"Skybox Houston One","st":"TX","co":"Harris County","sqft":344540,"lat":29.802868,"lon":-95.75545},"geometry":{"type":"MultiPolygon","coordinates":[[[[-95.754507,29.802825],[-95.754516,29.803589],[-95.756550,29.803571],[-95.756534,29.802196],[-95.754127,29.802217],[-95.754146,29.802295],[-95.754285,29.802871],[-95.754507,29.802825]]]]}},{"type":"Feature","properties":{"id":"00714889192","t":"campus","op":"Google LLC","nm":"Google Jackson County Data Center","st":"AL","co":"Jackson County","sqft":7582142,"lat":34.914334,"lon":-85.748261},"geometry":{"type":"MultiPolygon","coordinates":[[[[-85.752732,34.916296],[-85.752679,34.909504],[-85.751498,34.909020],[-85.749984,34.909571],[-85.747078,34.910626],[-85.746681,34.910032],[-85.744734,34.910789],[-85.744686,34.915478],[-85.744010,34.915522],[-85.744020,34.920246],[-85.745780,34.920308],[-85.748248,34.918153],[-85.749299,34.918056],[-85.750651,34.916596],[-85.752732,34.916296]]]]}},{"type":"Feature","properties":{"id":"00714941629","t":"campus","op":"Meta","nm":"Sarpy Meta Data Center","st":"NE","co":"Sarpy County","sqft":5922319,"lat":41.121754,"lon":-96.143721},"geometry":{"type":"MultiPolygon","coordinates":[[[[-96.141648,41.125407],[-96.143426,41.125400],[-96.147983,41.125382],[-96.147846,41.118314],[-96.139261,41.118299],[-96.139366,41.123667],[-96.139369,41.123825],[-96.139351,41.124475],[-96.139791,41.124471],[-96.141352,41.124451],[-96.141378,41.125209],[-96.141648,41.125407]]]]}},{"type":"Feature","properties":{"id":"00715098032","t":"campus","op":null,"nm":"T5 Charlotte Campus","st":"NC","co":"Cleveland County","sqft":379990,"lat":35.25045,"lon":-81.395009},"geometry":{"type":"MultiPolygon","coordinates":[[[[-81.394988,35.251559],[-81.396439,35.250779],[-81.395264,35.249290],[-81.393789,35.250043],[-81.393638,35.250262],[-81.393722,35.250492],[-81.394180,35.250966],[-81.394443,35.251125],[-81.394988,35.251559]]]]}},{"type":"Feature","properties":{"id":"00723117951","t":"campus","op":null,"nm":"STACK New Albany","st":"OH","co":"Franklin County","sqft":563283,"lat":40.106354,"lon":-82.800748},"geometry":{"type":"MultiPolygon","coordinates":[[[[-82.802272,40.105203],[-82.802158,40.105196],[-82.801722,40.105444],[-82.799519,40.105342],[-82.799392,40.105435],[-82.799251,40.107178],[-82.799388,40.107283],[-82.802044,40.107404],[-82.802117,40.106364],[-82.802272,40.105203]]]]}},{"type":"Feature","properties":{"id":"00795853621","t":"campus","op":"Meta","nm":"Sarpy Meta Data Center","st":"NE","co":"Sarpy County","sqft":6242843,"lat":41.121947,"lon":-96.133644},"geometry":{"type":"MultiPolygon","coordinates":[[[[-96.137091,41.125396],[-96.137095,41.125010],[-96.138311,41.125013],[-96.138341,41.123849],[-96.138349,41.123647],[-96.138461,41.118904],[-96.138451,41.118287],[-96.137353,41.118305],[-96.136989,41.118303],[-96.136979,41.119404],[-96.13421,41.119390],[-96.134223,41.118289],[-96.129137,41.118262],[-96.129139,41.119638],[-96.129145,41.125381],[-96.137091,41.125396]]]]}},{"type":"Feature","properties":{"id":"00813688320","t":"campus","op":"Actapio","nm":"Actapio","st":"WA","co":"Douglas County","sqft":362519,"lat":47.407417,"lon":-120.214134},"geometry":{"type":"MultiPolygon","coordinates":[[[[-120.215712,47.407771],[-120.213581,47.406301],[-120.213444,47.406237],[-120.213301,47.406185],[-120.213122,47.406159],[-120.212978,47.406166],[-120.212308,47.406617],[-120.212326,47.406802],[-120.213890,47.407879],[-120.213921,47.408026],[-120.215148,47.408857],[-120.215601,47.408556],[-120.215529,47.408507],[-120.215506,47.408491],[-120.215464,47.408517],[-120.215428,47.408491],[-120.215362,47.408442],[-120.215702,47.408212],[-120.215712,47.407771]]]]}},{"type":"Feature","properties":{"id":"00819981908","t":"campus","op":null,"nm":"TierPoint","st":"TN","co":"Williamson County","sqft":285740,"lat":35.92451,"lon":-86.855687},"geometry":{"type":"MultiPolygon","coordinates":[[[[-86.857029,35.924159],[-86.854569,35.923813],[-86.854345,35.924859],[-86.856805,35.925205],[-86.857029,35.924159]]]]}},{"type":"Feature","properties":{"id":"00826001605","t":"campus","op":null,"nm":null,"st":"TN","co":"Williamson County","sqft":1834566,"lat":36.023219,"lon":-86.791532},"geometry":{"type":"MultiPolygon","coordinates":[[[[-86.789245,36.021379],[-86.788360,36.023817],[-86.792882,36.025598],[-86.794878,36.022008],[-86.789245,36.021379]]]]}},{"type":"Feature","properties":{"id":"00827888890","t":"campus","op":null,"nm":"EdgeCore Digital","st":"AZ","co":"Maricopa County","sqft":1602504,"lat":33.344298,"lon":-111.621964},"geometry":{"type":"MultiPolygon","coordinates":[[[[-111.618537,33.345601],[-111.622678,33.345628],[-111.622756,33.345460],[-111.622869,33.345327],[-111.622993,33.345197],[-111.623176,33.345075],[-111.623403,33.344971],[-111.626107,33.344170],[-111.626313,33.344058],[-111.626476,33.343932],[-111.626601,33.343754],[-111.626672,33.343591],[-111.626691,33.343405],[-111.626650,33.343239],[-111.621851,33.343197],[-111.621848,33.344139],[-111.620549,33.344135],[-111.620552,33.343193],[-111.618461,33.343166],[-111.618537,33.345601]]]]}},{"type":"Feature","properties":{"id":"00830885779","t":"campus","op":"Microsoft","nm":"Project Osmium","st":"IA","co":"Madison County / Warren County","sqft":3691114,"lat":41.498213,"lon":-93.788565},"geometry":{"type":"MultiPolygon","coordinates":[[[[-93.794988,41.499952],[-93.795021,41.499189],[-93.795027,41.497493],[-93.794877,41.497381],[-93.790642,41.497694],[-93.790504,41.497635],[-93.790459,41.496364],[-93.783782,41.496286],[-93.783573,41.496476],[-93.782072,41.496506],[-93.781903,41.496579],[-93.782307,41.497620],[-93.783834,41.498876],[-93.784611,41.499473],[-93.785016,41.499649],[-93.786256,41.499888],[-93.788403,41.499971],[-93.790374,41.499947],[-93.794988,41.499952]]]]}},{"type":"Feature","properties":{"id":"00836908998","t":"campus","op":null,"nm":"Sungard Systems International","st":"AL","co":"Jefferson County","sqft":665569,"lat":33.404716,"lon":-86.911457},"geometry":{"type":"MultiPolygon","coordinates":[[[[-86.911017,33.406304],[-86.913362,33.404679],[-86.911960,33.403258],[-86.911712,33.403247],[-86.910779,33.403884],[-86.910626,33.403723],[-86.910229,33.403991],[-86.910398,33.404155],[-86.910162,33.404329],[-86.909768,33.405037],[-86.911017,33.406304]]]]}},{"type":"Feature","properties":{"id":"00840582927","t":"campus","op":null,"nm":"Middletown Data Center","st":"VA","co":"Frederick County","sqft":273198,"lat":39.017644,"lon":-78.29096},"geometry":{"type":"MultiPolygon","coordinates":[[[[-78.289589,39.017467],[-78.290171,39.018102],[-78.290632,39.018619],[-78.292295,39.017711],[-78.291634,39.016980],[-78.291412,39.016736],[-78.289589,39.017467]]]]}},{"type":"Feature","properties":{"id":"00844359205","t":"campus","op":null,"nm":"Google Data Center","st":"NV","co":"Clark County","sqft":2037873,"lat":36.057797,"lon":-115.009052},"geometry":{"type":"MultiPolygon","coordinates":[[[[-115.011234,36.060122],[-115.011133,36.056558],[-115.011107,36.056453],[-115.011026,36.056259],[-115.010813,36.055997],[-115.010746,36.055918],[-115.009910,36.055637],[-115.009784,36.055594],[-115.009791,36.055583],[-115.009666,36.055541],[-115.009661,36.055554],[-115.008848,36.055281],[-115.008433,36.055141],[-115.008184,36.055057],[-115.008051,36.055056],[-115.007618,36.055053],[-115.007447,36.055191],[-115.007448,36.055855],[-115.006731,36.055855],[-115.006734,36.055551],[-115.006623,36.055552],[-115.006623,36.055544],[-115.006564,36.055543],[-115.006563,36.056290],[-115.007243,36.056294],[-115.007264,36.057884],[-115.007008,36.057882],[-115.007045,36.060031],[-115.007118,36.060098],[-115.011234,36.060122]]]]}},{"type":"Feature","properties":{"id":"00844391357","t":"campus","op":"Google","nm":"Google Data Center","st":"OH","co":"Franklin County / Licking County","sqft":22688090,"lat":40.058207,"lon":-82.766211},"geometry":{"type":"MultiPolygon","coordinates":[[[[-82.761926,40.050844],[-82.768902,40.051158],[-82.775009,40.053984],[-82.776495,40.058058],[-82.776186,40.060595],[-82.773029,40.062832],[-82.768806,40.065029],[-82.764656,40.065521],[-82.762407,40.064802],[-82.754925,40.061008],[-82.754985,40.060100],[-82.761926,40.050844]]]]}},{"type":"Feature","properties":{"id":"00876120402","t":"campus","op":null,"nm":"DBT Data - Harrisonburg Center","st":"VA","co":"Harrisonburg city","sqft":505755,"lat":38.462545,"lon":-78.856797},"geometry":{"type":"MultiPolygon","coordinates":[[[[-78.856582,38.463914],[-78.856966,38.464056],[-78.857292,38.463696],[-78.858296,38.462586],[-78.857706,38.461871],[-78.857126,38.461148],[-78.855152,38.462106],[-78.856471,38.463774],[-78.856582,38.463914]]]]}},{"type":"Feature","properties":{"id":"00883809862","t":"campus","op":"Meta","nm":"Facebook Forest City Data Center","st":"NC","co":"Rutherford County","sqft":4849510,"lat":35.315698,"lon":-81.824747},"geometry":{"type":"MultiPolygon","coordinates":[[[[-81.826462,35.318624],[-81.826806,35.318473],[-81.829037,35.317090],[-81.829316,35.316836],[-81.828640,35.314901],[-81.828050,35.313282],[-81.827771,35.312406],[-81.827688,35.312298],[-81.827051,35.312489],[-81.826311,35.312542],[-81.825378,35.312568],[-81.824637,35.313461],[-81.823221,35.312603],[-81.822813,35.312367],[-81.822266,35.312647],[-81.821268,35.313702],[-81.820755,35.313591],[-81.820559,35.313796],[-81.820941,35.314131],[-81.820952,35.314346],[-81.820212,35.315024],[-81.81952,35.315247],[-81.819300,35.315606],[-81.819292,35.315829],[-81.819503,35.315948],[-81.819764,35.315967],[-81.820600,35.315744],[-81.820823,35.315764],[-81.820981,35.315893],[-81.821078,35.316035],[-81.821134,35.316370],[-81.820969,35.316736],[-81.821097,35.317092],[-81.821386,35.317143],[-81.821979,35.317042],[-81.822092,35.317064],[-81.822226,35.317206],[-81.822269,35.317922],[-81.822481,35.318014],[-81.822325,35.318736],[-81.822300,35.319231],[-81.823187,35.319351],[-81.823379,35.319274],[-81.825355,35.318974],[-81.826462,35.318624]]]]}},{"type":"Feature","properties":{"id":"00897226569","t":"campus","op":"Microsoft","nm":"Microsoft Data Center","st":"VA","co":"Loudoun County","sqft":1575278,"lat":38.949312,"lon":-77.559485},"geometry":{"type":"MultiPolygon","coordinates":[[[[-77.557713,38.946981],[-77.558559,38.946984],[-77.561176,38.947022],[-77.561104,38.950856],[-77.559813,38.952055],[-77.558324,38.952052],[-77.557730,38.947920],[-77.557715,38.947536],[-77.557713,38.946981]]]]}},{"type":"Feature","properties":{"id":"00897226573","t":"campus","op":null,"nm":"Arcola Tech Park","st":"VA","co":"Loudoun County","sqft":1735467,"lat":38.949282,"lon":-77.555356},"geometry":{"type":"MultiPolygon","coordinates":[[[[-77.556229,38.952469],[-77.556260,38.952157],[-77.556285,38.952006],[-77.556329,38.951482],[-77.556352,38.951300],[-77.556399,38.950539],[-77.556557,38.950151],[-77.556729,38.948054],[-77.556926,38.946879],[-77.556952,38.946443],[-77.557086,38.946125],[-77.558242,38.946230],[-77.558238,38.946276],[-77.558253,38.946278],[-77.558268,38.946158],[-77.558279,38.946083],[-77.558286,38.946009],[-77.558021,38.945957],[-77.558006,38.945734],[-77.557752,38.945721],[-77.557711,38.945831],[-77.557382,38.945864],[-77.556930,38.945840],[-77.556488,38.945946],[-77.556272,38.945968],[-77.556101,38.945995],[-77.555955,38.946034],[-77.555769,38.946087],[-77.555668,38.946124],[-77.555600,38.946157],[-77.555561,38.946088],[-77.555356,38.946144],[-77.555301,38.946164],[-77.555236,38.946276],[-77.555101,38.946760],[-77.555073,38.946757],[-77.555062,38.946800],[-77.555086,38.946805],[-77.555049,38.946894],[-77.554982,38.947048],[-77.55486,38.947289],[-77.554755,38.947458],[-77.554587,38.947696],[-77.554322,38.948014],[-77.554168,38.948170],[-77.553762,38.948531],[-77.553726,38.948547],[-77.553642,38.948609],[-77.553569,38.948681],[-77.553502,38.948795],[-77.553359,38.949100],[-77.553380,38.949437],[-77.553402,38.949556],[-77.553387,38.949767],[-77.552966,38.950010],[-77.553207,38.950440],[-77.553624,38.951150],[-77.554703,38.951327],[-77.554590,38.952501],[-77.554715,38.952595],[-77.554982,38.952667],[-77.555136,38.952685],[-77.556197,38.952814],[-77.556221,38.952468],[-77.556229,38.952469]]]]}},{"type":"Feature","properties":{"id":"00923167491","t":"campus","op":null,"nm":null,"st":"NC","co":"Union County","sqft":608141,"lat":35.179383,"lon":-80.570175},"geometry":{"type":"MultiPolygon","coordinates":[[[[-80.570541,35.181061],[-80.571841,35.179987],[-80.571411,35.179524],[-80.571484,35.179388],[-80.571274,35.178920],[-80.570282,35.178038],[-80.569671,35.177914],[-80.569119,35.178413],[-80.568523,35.179487],[-80.568953,35.180055],[-80.569437,35.179983],[-80.569784,35.180226],[-80.570264,35.180353],[-80.570541,35.181061]]]]}},{"type":"Feature","properties":{"id":"00930540164","t":"campus","op":null,"nm":null,"st":"CA","co":"San Diego County","sqft":13597,"lat":33.1536,"lon":-117.238846},"geometry":{"type":"MultiPolygon","coordinates":[[[[-117.239024,33.153429],[-117.239067,33.153730],[-117.238667,33.153770],[-117.238624,33.153469],[-117.239024,33.153429]]]]}},{"type":"Feature","properties":{"id":"00931729011","t":"campus","op":null,"nm":null,"st":"TX","co":"Collin County","sqft":605006,"lat":33.008953,"lon":-96.676104},"geometry":{"type":"MultiPolygon","coordinates":[[[[-96.677915,33.009475],[-96.677929,33.008220],[-96.674294,33.008192],[-96.674294,33.008238],[-96.674278,33.009531],[-96.674278,33.009684],[-96.674493,33.009686],[-96.675245,33.009691],[-96.677355,33.009707],[-96.677913,33.009712],[-96.677915,33.009475]]]]}},{"type":"Feature","properties":{"id":"00936368014","t":"campus","op":null,"nm":null,"st":"NJ","co":"Somerset County","sqft":284322,"lat":40.524214,"lon":-74.54802},"geometry":{"type":"MultiPolygon","coordinates":[[[[-74.548040,40.523582],[-74.549070,40.523753],[-74.549226,40.523908],[-74.549282,40.524133],[-74.549204,40.524972],[-74.546479,40.524475],[-74.546780,40.523773],[-74.547032,40.523647],[-74.548040,40.523582]]]]}},{"type":"Feature","properties":{"id":"00943987942","t":"campus","op":null,"nm":"Wave Broadband Tahoma Terra Facility","st":"WA","co":"Thurston County","sqft":9139,"lat":46.941424,"lon":-122.625044},"geometry":{"type":"MultiPolygon","coordinates":[[[[-122.625140,46.941639],[-122.625198,46.941240],[-122.624916,46.941229],[-122.624914,46.941616],[-122.625140,46.941639]]]]}},{"type":"Feature","properties":{"id":"00958153769","t":"campus","op":"DLI ONE","nm":"DLI ONE","st":"GA","co":"Muscogee County","sqft":420795,"lat":32.498096,"lon":-84.883571},"geometry":{"type":"MultiPolygon","coordinates":[[[[-84.883217,32.497078],[-84.883248,32.497156],[-84.883225,32.497276],[-84.883117,32.497260],[-84.882605,32.497026],[-84.882501,32.497010],[-84.882164,32.497607],[-84.882571,32.498099],[-84.882697,32.498312],[-84.882826,32.498642],[-84.882924,32.498821],[-84.883035,32.498906],[-84.883557,32.499116],[-84.883721,32.499196],[-84.883931,32.499298],[-84.883982,32.499398],[-84.884105,32.499222],[-84.884898,32.498107],[-84.885055,32.497931],[-84.885082,32.497811],[-84.885078,32.497763],[-84.884851,32.497714],[-84.884409,32.497623],[-84.884182,32.497526],[-84.883484,32.497202],[-84.883462,32.497192],[-84.883393,32.497160],[-84.883217,32.497078]]]]}},{"type":"Feature","properties":{"id":"00989352911","t":"campus","op":null,"nm":null,"st":"NJ","co":"Somerset County","sqft":259234,"lat":40.543339,"lon":-74.538435},"geometry":{"type":"MultiPolygon","coordinates":[[[[-74.537705,40.542497],[-74.539552,40.542956],[-74.539328,40.544167],[-74.537373,40.543725],[-74.537195,40.543681],[-74.537705,40.542497]]]]}},{"type":"Feature","properties":{"id":"00998245264","t":"campus","op":null,"nm":"Microsoft Data Center - Hoffman Estates","st":"IL","co":"Cook County","sqft":2105271,"lat":42.076952,"lon":-88.133891},"geometry":{"type":"MultiPolygon","coordinates":[[[[-88.136118,42.074585],[-88.132870,42.074629],[-88.131561,42.074645],[-88.131660,42.079298],[-88.136208,42.079280],[-88.136118,42.074585]]]]}},{"type":"Feature","properties":{"id":"01012918195","t":"campus","op":null,"nm":null,"st":"GA","co":"Fulton County","sqft":174649,"lat":34.060985,"lon":-84.273982},"geometry":{"type":"MultiPolygon","coordinates":[[[[-84.274317,34.060154],[-84.274913,34.060499],[-84.274599,34.060979],[-84.273940,34.061841],[-84.273139,34.061420],[-84.273169,34.060981],[-84.274317,34.060154]]]]}},{"type":"Feature","properties":{"id":"01019770124","t":"campus","op":"Meta Platforms","nm":"DeKalb Meta Data Center","st":"IL","co":"DeKalb County","sqft":12793294,"lat":41.88904,"lon":-88.728569},"geometry":{"type":"MultiPolygon","coordinates":[[[[-88.738851,41.885709],[-88.719379,41.885581],[-88.719400,41.892697],[-88.721884,41.892690],[-88.723236,41.892682],[-88.723453,41.892662],[-88.723646,41.892608],[-88.723732,41.892520],[-88.724153,41.892526],[-88.724314,41.892630],[-88.724902,41.892626],[-88.726369,41.892695],[-88.728903,41.892715],[-88.731768,41.892705],[-88.73618,41.892677],[-88.736148,41.889740],[-88.738767,41.889749],[-88.738851,41.885709]]]]}},{"type":"Feature","properties":{"id":"01020953454","t":"campus","op":null,"nm":"Digital Loudoun Plaza","st":"VA","co":"Loudoun County","sqft":686547,"lat":39.004679,"lon":-77.48498},"geometry":{"type":"MultiPolygon","coordinates":[[[[-77.485858,39.003948],[-77.485726,39.003906],[-77.485695,39.003893],[-77.485668,39.003938],[-77.485605,39.003914],[-77.485461,39.003859],[-77.485442,39.003839],[-77.485396,39.003811],[-77.484934,39.003650],[-77.484655,39.003555],[-77.484539,39.003528],[-77.484416,39.003505],[-77.484336,39.003496],[-77.484222,39.003505],[-77.484116,39.003510],[-77.484051,39.003474],[-77.483866,39.003497],[-77.483766,39.003512],[-77.483627,39.003543],[-77.483541,39.003568],[-77.483445,39.003600],[-77.483326,39.003645],[-77.483237,39.003683],[-77.483173,39.003720],[-77.483102,39.003775],[-77.483064,39.003816],[-77.483038,39.003881],[-77.483027,39.003918],[-77.483016,39.004053],[-77.483025,39.004226],[-77.483344,39.004595],[-77.483562,39.004854],[-77.483649,39.004953],[-77.483793,39.005119],[-77.484017,39.005358],[-77.484424,39.005802],[-77.484602,39.005992],[-77.484661,39.006047],[-77.484712,39.006089],[-77.484778,39.006131],[-77.484841,39.006164],[-77.484948,39.006204],[-77.485001,39.006212],[-77.485029,39.006209],[-77.485052,39.006200],[-77.485156,39.006154],[-77.485222,39.006109],[-77.486031,39.005531],[-77.487055,39.004800],[-77.487148,39.004729],[-77.487180,39.004699],[-77.48721,39.004652],[-77.487232,39.004615],[-77.487236,39.004581],[-77.487234,39.004546],[-77.487219,39.004517],[-77.487193,39.004491],[-77.487134,39.004440],[-77.487012,39.004365],[-77.486910,39.004314],[-77.486792,39.004261],[-77.486679,39.004221],[-77.486286,39.004085],[-77.485901,39.003950],[-77.485858,39.003948]]]]}},{"type":"Feature","properties":{"id":"01020953461","t":"campus","op":null,"nm":"Digital Loudoun Plaza","st":"VA","co":"Loudoun County","sqft":2859895,"lat":39.001698,"lon":-77.481595},"geometry":{"type":"MultiPolygon","coordinates":[[[[-77.486912,39.002457],[-77.486802,39.002465],[-77.486773,39.002465],[-77.486748,39.002455],[-77.486552,39.002383],[-77.486524,39.002382],[-77.486499,39.002381],[-77.486468,39.002372],[-77.486422,39.002345],[-77.486399,39.002333],[-77.486369,39.002330],[-77.486182,39.002263],[-77.485834,39.002136],[-77.485791,39.002116],[-77.485766,39.002087],[-77.485741,39.002045],[-77.485716,39.002016],[-77.485695,39.001998],[-77.485667,39.001981],[-77.484844,39.001703],[-77.484333,39.001523],[-77.484003,39.001400],[-77.483683,39.001265],[-77.483475,39.001162],[-77.483237,39.001036],[-77.483157,39.000992],[-77.482806,39.000789],[-77.482737,39.000753],[-77.482459,39.000616],[-77.482146,39.000463],[-77.482061,39.000415],[-77.481669,39.000179],[-77.481529,39.000088],[-77.481454,39.000042],[-77.481407,39.000018],[-77.481114,38.999881],[-77.480952,38.999811],[-77.480865,38.999778],[-77.480696,38.999720],[-77.480599,38.999668],[-77.480409,38.999626],[-77.480240,38.999585],[-77.479870,38.999494],[-77.479797,38.999482],[-77.479677,38.999465],[-77.479571,38.999447],[-77.479364,38.999392],[-77.479102,38.999317],[-77.479077,38.999319],[-77.479025,38.999331],[-77.478872,38.999379],[-77.478797,38.999396],[-77.478671,38.999416],[-77.478437,38.999436],[-77.478335,38.999434],[-77.478225,38.999428],[-77.478145,38.999419],[-77.478035,38.999397],[-77.477978,38.999383],[-77.477875,38.999353],[-77.477800,38.999325],[-77.477710,38.999279],[-77.477630,38.999233],[-77.477574,38.999193],[-77.477509,38.999143],[-77.477404,38.999053],[-77.477366,38.999069],[-77.477340,38.999089],[-77.477162,38.999288],[-77.476929,38.999570],[-77.476756,38.999801],[-77.476630,38.999983],[-77.476492,39.000192],[-77.47641,39.000329],[-77.476311,39.000497],[-77.476163,39.000773],[-77.476121,39.000857],[-77.476105,39.000918],[-77.476094,39.000983],[-77.476091,39.001048],[-77.476095,39.001098],[-77.476104,39.001119],[-77.476135,39.001159],[-77.476172,39.001199],[-77.476208,39.001228],[-77.476519,39.001389],[-77.477760,39.001907],[-77.477932,39.001979],[-77.477964,39.001929],[-77.478323,39.002068],[-77.478374,39.002089],[-77.478386,39.002065],[-77.478411,39.001960],[-77.478498,39.001965],[-77.478568,39.001970],[-77.478561,39.002020],[-77.478549,39.002060],[-77.478527,39.002115],[-77.478506,39.002152],[-77.478788,39.002274],[-77.478755,39.002324],[-77.479653,39.002697],[-77.480018,39.002851],[-77.480172,39.002906],[-77.480249,39.002921],[-77.480429,39.002931],[-77.481246,39.003206],[-77.481360,39.003256],[-77.481675,39.003408],[-77.481712,39.003434],[-77.481737,39.003443],[-77.481797,39.003456],[-77.481865,39.003475],[-77.482014,39.003535],[-77.482102,39.003575],[-77.482286,39.003671],[-77.482485,39.003788],[-77.482573,39.003788],[-77.482612,39.003783],[-77.482683,39.003734],[-77.482750,39.003676],[-77.482772,39.003694],[-77.482863,39.003623],[-77.482980,39.003547],[-77.483109,39.003474],[-77.483204,39.003432],[-77.483241,39.003413],[-77.483267,39.003389],[-77.483279,39.003364],[-77.483272,39.003338],[-77.483278,39.003315],[-77.483289,39.003295],[-77.483307,39.003266],[-77.483338,39.003241],[-77.483377,39.003219],[-77.483436,39.003209],[-77.483463,39.003208],[-77.483487,39.003214],[-77.483510,39.003231],[-77.483527,39.003265],[-77.483536,39.003290],[-77.483587,39.003279],[-77.483615,39.003273],[-77.483591,39.003204],[-77.483677,39.003182],[-77.483725,39.003170],[-77.483773,39.003159],[-77.483711,39.003058],[-77.483625,39.002932],[-77.483652,39.002897],[-77.483690,39.002894],[-77.483718,39.002911],[-77.483774,39.002952],[-77.484230,39.003121],[-77.484319,39.003116],[-77.484399,39.003122],[-77.484519,39.003174],[-77.484798,39.003258],[-77.485157,39.003377],[-77.485547,39.003519],[-77.485606,39.003532],[-77.485650,39.003533],[-77.485796,39.003584],[-77.485829,39.003596],[-77.485862,39.003541],[-77.485924,39.003564],[-77.486085,39.003626],[-77.486121,39.003673],[-77.486353,39.003759],[-77.486540,39.003835],[-77.486701,39.003908],[-77.486792,39.003959],[-77.486829,39.003983],[-77.486901,39.004020],[-77.486984,39.004056],[-77.487074,39.004093],[-77.487352,39.004180],[-77.487431,39.004202],[-77.487459,39.004204],[-77.487497,39.004198],[-77.487554,39.004177],[-77.487657,39.004120],[-77.487745,39.004058],[-77.487913,39.003918],[-77.487923,39.003904],[-77.487981,39.003784],[-77.487986,39.003750],[-77.487973,39.003698],[-77.487975,39.003673],[-77.488046,39.003554],[-77.488161,39.003532],[-77.488211,39.003530],[-77.488302,39.003530],[-77.488371,39.003532],[-77.488396,39.003527],[-77.488435,39.003511],[-77.488633,39.003335],[-77.488516,39.003246],[-77.488498,39.003206],[-77.488490,39.003173],[-77.488491,39.003151],[-77.488497,39.003130],[-77.488498,39.003112],[-77.488490,39.003089],[-77.488425,39.003024],[-77.488393,39.003002],[-77.488078,39.002844],[-77.487877,39.002760],[-77.487367,39.002562],[-77.487187,39.002483],[-77.487139,39.002470],[-77.487049,39.002462],[-77.486912,39.002457]]]]}},{"type":"Feature","properties":{"id":"01022744244","t":"campus","op":null,"nm":"AWS","st":"VA","co":"Loudoun County","sqft":1789925,"lat":38.981034,"lon":-77.417795},"geometry":{"type":"MultiPolygon","coordinates":[[[[-77.416031,38.982740],[-77.416834,38.983155],[-77.417687,38.983850],[-77.417933,38.983652],[-77.418224,38.983604],[-77.418484,38.983581],[-77.418827,38.983193],[-77.420091,38.981642],[-77.419948,38.981573],[-77.419962,38.981557],[-77.419113,38.981138],[-77.418893,38.981408],[-77.417780,38.980852],[-77.417741,38.980897],[-77.417571,38.980824],[-77.417668,38.980746],[-77.417631,38.980716],[-77.418267,38.979934],[-77.420930,38.979871],[-77.421256,38.979689],[-77.421177,38.978696],[-77.420876,38.978646],[-77.420776,38.978606],[-77.420634,38.978604],[-77.420602,38.978658],[-77.418312,38.978715],[-77.418052,38.978589],[-77.417560,38.978539],[-77.416771,38.979488],[-77.416586,38.979656],[-77.416170,38.980184],[-77.416002,38.980100],[-77.414552,38.981886],[-77.414585,38.981973],[-77.415072,38.982215],[-77.415,38.982295],[-77.414945,38.982361],[-77.415666,38.982706],[-77.416031,38.982740]]]]}},{"type":"Feature","properties":{"id":"01022744248","t":"campus","op":null,"nm":"AWS","st":"VA","co":"Loudoun County","sqft":1069380,"lat":38.98783,"lon":-77.411109},"geometry":{"type":"MultiPolygon","coordinates":[[[[-77.413492,38.988442],[-77.413456,38.988393],[-77.413275,38.988149],[-77.413341,38.988119],[-77.413310,38.988072],[-77.413244,38.988101],[-77.412853,38.987572],[-77.412747,38.987561],[-77.412683,38.987475],[-77.412806,38.987241],[-77.412772,38.987214],[-77.412727,38.987167],[-77.412683,38.987101],[-77.412627,38.987012],[-77.412562,38.986902],[-77.412487,38.986763],[-77.412375,38.986806],[-77.412349,38.986773],[-77.412320,38.986738],[-77.412392,38.986706],[-77.412398,38.986717],[-77.412420,38.986709],[-77.412387,38.986663],[-77.412346,38.986606],[-77.412371,38.986596],[-77.412265,38.986504],[-77.411923,38.986028],[-77.411524,38.985998],[-77.411477,38.985999],[-77.411438,38.986007],[-77.411383,38.986023],[-77.411297,38.986060],[-77.410221,38.986521],[-77.408945,38.987077],[-77.408904,38.987101],[-77.408880,38.987119],[-77.408853,38.987151],[-77.408827,38.987191],[-77.408813,38.987224],[-77.408806,38.987261],[-77.408805,38.987290],[-77.408815,38.987325],[-77.408829,38.987360],[-77.408854,38.987404],[-77.408890,38.987455],[-77.409292,38.988015],[-77.409225,38.988043],[-77.409330,38.988190],[-77.409397,38.988165],[-77.409887,38.988856],[-77.409778,38.989011],[-77.409961,38.989239],[-77.410045,38.989334],[-77.410067,38.989344],[-77.410455,38.989781],[-77.411573,38.989296],[-77.41197,38.989197],[-77.412337,38.989037],[-77.412672,38.988798],[-77.412724,38.988772],[-77.413492,38.988442]]]]}},{"type":"Feature","properties":{"id":"01022757169","t":"campus","op":null,"nm":"AWS","st":"VA","co":"Loudoun County","sqft":1128056,"lat":38.981619,"lon":-77.426058},"geometry":{"type":"MultiPolygon","coordinates":[[[[-77.425788,38.980454],[-77.425777,38.980497],[-77.425751,38.980613],[-77.426026,38.980642],[-77.426045,38.980661],[-77.425947,38.981170],[-77.426218,38.981461],[-77.425808,38.981956],[-77.425246,38.981719],[-77.425227,38.981751],[-77.424959,38.981692],[-77.424856,38.981847],[-77.424288,38.981568],[-77.424209,38.981566],[-77.423924,38.981606],[-77.423681,38.981894],[-77.423508,38.982139],[-77.423373,38.982285],[-77.423408,38.982301],[-77.423325,38.982499],[-77.423432,38.982656],[-77.425189,38.983513],[-77.425383,38.983491],[-77.425637,38.983326],[-77.425922,38.983001],[-77.426022,38.983047],[-77.426031,38.983039],[-77.426108,38.983078],[-77.426247,38.983138],[-77.426301,38.983040],[-77.426451,38.982853],[-77.426490,38.982771],[-77.426814,38.982364],[-77.427099,38.982353],[-77.427171,38.982447],[-77.427212,38.982533],[-77.427521,38.982907],[-77.427917,38.982942],[-77.428530,38.982634],[-77.428629,38.982554],[-77.428670,38.982518],[-77.428690,38.982491],[-77.428710,38.982457],[-77.428733,38.982392],[-77.428742,38.982364],[-77.428741,38.982325],[-77.428727,38.982240],[-77.428745,38.982138],[-77.428745,38.982105],[-77.428743,38.982076],[-77.428723,38.982021],[-77.428684,38.981897],[-77.428621,38.981706],[-77.428499,38.981502],[-77.428375,38.981441],[-77.428157,38.981571],[-77.427828,38.981176],[-77.427488,38.980768],[-77.427466,38.980708],[-77.427302,38.980500],[-77.427268,38.980457],[-77.427211,38.980403],[-77.427159,38.980392],[-77.427073,38.980344],[-77.426937,38.980261],[-77.426884,38.980226],[-77.42681,38.980169],[-77.426764,38.980126],[-77.426722,38.980069],[-77.426407,38.979622],[-77.426356,38.979552],[-77.426320,38.979516],[-77.426274,38.979491],[-77.426197,38.979466],[-77.426085,38.979447],[-77.425810,38.979413],[-77.425725,38.979406],[-77.424854,38.979383],[-77.424626,38.979378],[-77.424589,38.979379],[-77.424571,38.979390],[-77.424364,38.979882],[-77.424370,38.979904],[-77.424311,38.980091],[-77.424272,38.980085],[-77.424253,38.980174],[-77.424334,38.980188],[-77.424353,38.980213],[-77.424361,38.980250],[-77.424446,38.980264],[-77.424485,38.980271],[-77.42463,38.980325],[-77.425788,38.980454]]]]}},{"type":"Feature","properties":{"id":"01022757170","t":"campus","op":null,"nm":null,"st":"VA","co":"Loudoun County","sqft":384105,"lat":38.984732,"lon":-77.425784},"geometry":{"type":"MultiPolygon","coordinates":[[[[-77.424825,38.985500],[-77.424764,38.985494],[-77.424684,38.985481],[-77.424558,38.985467],[-77.424534,38.985567],[-77.424594,38.985578],[-77.424525,38.985716],[-77.424583,38.985855],[-77.424927,38.986027],[-77.425347,38.986240],[-77.426024,38.985401],[-77.426686,38.984588],[-77.426665,38.984581],[-77.427296,38.983799],[-77.426598,38.983460],[-77.426550,38.983468],[-77.426511,38.983470],[-77.426455,38.983463],[-77.426389,38.983445],[-77.426345,38.983436],[-77.426295,38.983433],[-77.426246,38.983433],[-77.426181,38.983443],[-77.426008,38.983500],[-77.425971,38.983520],[-77.425859,38.983627],[-77.425900,38.983726],[-77.425896,38.983731],[-77.425930,38.983724],[-77.425945,38.983777],[-77.425614,38.983836],[-77.425149,38.984414],[-77.425165,38.984422],[-77.425125,38.984468],[-77.425110,38.984460],[-77.424697,38.984973],[-77.424659,38.985025],[-77.42463,38.985083],[-77.424605,38.985140],[-77.424587,38.985204],[-77.424672,38.985216],[-77.424660,38.985266],[-77.424863,38.985364],[-77.424825,38.985500]]]]}},{"type":"Feature","properties":{"id":"01035123482","t":"campus","op":null,"nm":"Meta Eagle Mountain Data Center","st":"UT","co":"Utah County","sqft":22734233,"lat":40.268191,"lon":-112.017719},"geometry":{"type":"MultiPolygon","coordinates":[[[[-112.010573,40.261558],[-112.010405,40.276070],[-112.024638,40.276158],[-112.024706,40.261582],[-112.022804,40.261576],[-112.022818,40.259111],[-112.015800,40.259089],[-112.015787,40.261575],[-112.010573,40.261558]]]]}},{"type":"Feature","properties":{"id":"01038780426","t":"campus","op":null,"nm":"Sarpy Meta Data Center","st":"NE","co":"Sarpy County","sqft":7817408,"lat":41.114107,"lon":-96.143656},"geometry":{"type":"MultiPolygon","coordinates":[[[[-96.139337,41.106733],[-96.139172,41.107526],[-96.139248,41.108596],[-96.139237,41.110343],[-96.139069,41.110907],[-96.139000,41.113689],[-96.139293,41.114624],[-96.139325,41.118005],[-96.140417,41.118001],[-96.140589,41.118027],[-96.152466,41.117956],[-96.152340,41.117721],[-96.147489,41.113849],[-96.146622,41.112622],[-96.144563,41.110439],[-96.141705,41.108854],[-96.140613,41.107780],[-96.139337,41.106733]]]]}},{"type":"Feature","properties":{"id":"01052182309","t":"campus","op":null,"nm":null,"st":"AZ","co":"Maricopa County","sqft":365629,"lat":33.493406,"lon":-112.070615},"geometry":{"type":"MultiPolygon","coordinates":[[[[-112.070744,33.492421],[-112.071539,33.492423],[-112.071536,33.494275],[-112.071059,33.494280],[-112.069561,33.494201],[-112.069563,33.492955],[-112.070744,33.492421]]]]}},{"type":"Feature","properties":{"id":"01054387470","t":"campus","op":"Meta","nm":"Meta Stanton Springs Data Center","st":"GA","co":"Newton County","sqft":9032398,"lat":33.600761,"lon":-83.700342},"geometry":{"type":"MultiPolygon","coordinates":[[[[-83.708979,33.600959],[-83.709045,33.600770],[-83.708904,33.600629],[-83.708593,33.600448],[-83.707395,33.600024],[-83.706698,33.599757],[-83.706236,33.599215],[-83.705849,33.599145],[-83.705529,33.598956],[-83.705698,33.598611],[-83.705500,33.598163],[-83.705255,33.597904],[-83.704407,33.597951],[-83.703643,33.598085],[-83.703162,33.598422],[-83.702861,33.599333],[-83.702908,33.599561],[-83.702870,33.599820],[-83.702220,33.601139],[-83.701692,33.602003],[-83.701267,33.602529],[-83.700655,33.602671],[-83.700334,33.602671],[-83.700372,33.602411],[-83.700362,33.602215],[-83.700117,33.602042],[-83.699674,33.601980],[-83.699439,33.601964],[-83.699241,33.601516],[-83.699222,33.601194],[-83.699486,33.600888],[-83.699834,33.600833],[-83.700146,33.600700],[-83.700306,33.600503],[-83.700278,33.600134],[-83.700042,33.599789],[-83.699740,33.599608],[-83.698722,33.598344],[-83.698741,33.598061],[-83.698901,33.597857],[-83.699429,33.597527],[-83.699533,33.597347],[-83.699533,33.597103],[-83.699288,33.596821],[-83.698609,33.596742],[-83.697779,33.596200],[-83.697496,33.596043],[-83.697110,33.596192],[-83.696818,33.595988],[-83.696516,33.595784],[-83.695932,33.595886],[-83.692010,33.597629],[-83.691670,33.597818],[-83.691717,33.598179],[-83.691991,33.598540],[-83.695177,33.601893],[-83.695932,33.602945],[-83.696129,33.603699],[-83.696808,33.603707],[-83.698053,33.603832],[-83.699212,33.604100],[-83.700513,33.604531],[-83.701088,33.604791],[-83.701371,33.604398],[-83.701531,33.604390],[-83.701767,33.604579],[-83.702003,33.604885],[-83.703389,33.605152],[-83.704058,33.604500],[-83.704699,33.604076],[-83.705208,33.603880],[-83.706999,33.604461],[-83.707640,33.604484],[-83.707970,33.604241],[-83.708178,33.603997],[-83.708168,33.603801],[-83.708159,33.603471],[-83.708272,33.603251],[-83.708498,33.602906],[-83.708395,33.602663],[-83.708197,33.602239],[-83.708159,33.601995],[-83.708347,33.601634],[-83.708979,33.600959]]]]}},{"type":"Feature","properties":{"id":"01083297858","t":"campus","op":"Meta","nm":"Meta Data Center","st":"AZ","co":"Maricopa County","sqft":14850970,"lat":33.343592,"lon":-111.630306},"geometry":{"type":"MultiPolygon","coordinates":[[[[-111.635462,33.349868],[-111.635373,33.336018],[-111.632485,33.335994],[-111.630726,33.336067],[-111.628681,33.336419],[-111.626584,33.337260],[-111.624343,33.338626],[-111.625258,33.339793],[-111.625664,33.339709],[-111.628240,33.339169],[-111.628180,33.343950],[-111.626977,33.343932],[-111.626193,33.344392],[-111.623507,33.345218],[-111.623182,33.345443],[-111.623007,33.345735],[-111.622987,33.349787],[-111.635462,33.349868]]]]}},{"type":"Feature","properties":{"id":"01092757323","t":"campus","op":null,"nm":"Compute North","st":"NE","co":"Buffalo County","sqft":356125,"lat":40.725923,"lon":-99.038329},"geometry":{"type":"MultiPolygon","coordinates":[[[[-99.037497,40.724866],[-99.039173,40.724879],[-99.039178,40.726735],[-99.038957,40.726987],[-99.037493,40.726987],[-99.037497,40.724866]]]]}},{"type":"Feature","properties":{"id":"01126774147","t":"campus","op":"Meta","nm":"Meta Kansas City Data Center","st":"MO","co":"Clay County / Platte County","sqft":13516765,"lat":39.322352,"lon":-94.595558},"geometry":{"type":"MultiPolygon","coordinates":[[[[-94.585356,39.318676],[-94.585255,39.323507],[-94.585401,39.323899],[-94.585795,39.324297],[-94.586216,39.324609],[-94.586319,39.324895],[-94.586336,39.325590],[-94.587801,39.325592],[-94.606559,39.325461],[-94.606511,39.325087],[-94.606517,39.324434],[-94.606520,39.324105],[-94.606533,39.322703],[-94.606534,39.322603],[-94.606543,39.321722],[-94.605564,39.320779],[-94.604672,39.320354],[-94.604258,39.320222],[-94.603507,39.319740],[-94.603421,39.318952],[-94.602584,39.318653],[-94.601941,39.318985],[-94.601372,39.318802],[-94.600964,39.318769],[-94.600878,39.319265],[-94.600293,39.319372],[-94.600085,39.318968],[-94.599205,39.319134],[-94.598786,39.319981],[-94.598483,39.319953],[-94.598316,39.319787],[-94.598186,39.319134],[-94.596136,39.319059],[-94.596054,39.319410],[-94.595399,39.319552],[-94.595139,39.319342],[-94.592757,39.319159],[-94.592592,39.319705],[-94.592365,39.319914],[-94.591802,39.319765],[-94.591587,39.319429],[-94.591072,39.319375],[-94.590364,39.319483],[-94.590064,39.319093],[-94.588905,39.318479],[-94.586448,39.318470],[-94.586175,39.318657],[-94.585356,39.318676]]]]}},{"type":"Feature","properties":{"id":"01161730862","t":"campus","op":null,"nm":null,"st":"VA","co":"Loudoun County","sqft":1524370,"lat":38.957335,"lon":-77.497593},"geometry":{"type":"MultiPolygon","coordinates":[[[[-77.498229,38.954916],[-77.495225,38.956099],[-77.495236,38.956180],[-77.495526,38.957239],[-77.495826,38.958309],[-77.495989,38.958794],[-77.496052,38.959030],[-77.496201,38.959338],[-77.496565,38.959509],[-77.496719,38.959589],[-77.496986,38.959557],[-77.500456,38.958190],[-77.498863,38.955904],[-77.498229,38.954916]]]]}},{"type":"Feature","properties":{"id":"01178649864","t":"campus","op":"Meta","nm":"Meta Kuna Data Center","st":"ID","co":"Ada County","sqft":15951730,"lat":43.463141,"lon":-116.267507},"geometry":{"type":"MultiPolygon","coordinates":[[[[-116.274354,43.473651],[-116.274379,43.459117],[-116.269127,43.459064],[-116.269129,43.455277],[-116.268354,43.455263],[-116.268361,43.455837],[-116.268802,43.455851],[-116.268779,43.456317],[-116.268499,43.456746],[-116.265511,43.456769],[-116.265248,43.457027],[-116.260669,43.457048],[-116.26067,43.455388],[-116.259238,43.455391],[-116.259499,43.456524],[-116.258904,43.456351],[-116.257809,43.456365],[-116.257737,43.455901],[-116.257888,43.455437],[-116.257052,43.455297],[-116.256968,43.455551],[-116.256257,43.455435],[-116.256113,43.455718],[-116.256490,43.456497],[-116.256501,43.456726],[-116.256525,43.456984],[-116.254232,43.456968],[-116.254231,43.457378],[-116.255737,43.457442],[-116.255733,43.458876],[-116.259240,43.458964],[-116.259237,43.462630],[-116.264202,43.462683],[-116.264197,43.466320],[-116.269119,43.466363],[-116.269077,43.473625],[-116.274354,43.473651]]]]}},{"type":"Feature","properties":{"id":"01207052719","t":"campus","op":"Quality Technology Services","nm":"QTS Suwanee","st":"GA","co":"Gwinnett County","sqft":1452037,"lat":34.036231,"lon":-84.059266},"geometry":{"type":"MultiPolygon","coordinates":[[[[-84.055451,34.037073],[-84.056499,34.038493],[-84.057411,34.038269],[-84.058878,34.037559],[-84.060541,34.036474],[-84.061524,34.035922],[-84.063242,34.035174],[-84.062315,34.033815],[-84.055451,34.037073]]]]}},{"type":"Feature","properties":{"id":"01213758201","t":"campus","op":"Meta","nm":"Gallatin Data Center","st":"TN","co":"Sumner County","sqft":17045005,"lat":36.408654,"lon":-86.370314},"geometry":{"type":"MultiPolygon","coordinates":[[[[-86.371823,36.414492],[-86.373905,36.413868],[-86.374621,36.411387],[-86.373787,36.410692],[-86.373591,36.410408],[-86.373699,36.409783],[-86.374229,36.409776],[-86.374955,36.409531],[-86.375731,36.409333],[-86.376192,36.410044],[-86.376781,36.410289],[-86.381514,36.409744],[-86.381592,36.409309],[-86.381779,36.409278],[-86.382476,36.409214],[-86.382495,36.408527],[-86.382260,36.408282],[-86.382554,36.407310],[-86.380925,36.407192],[-86.380139,36.407184],[-86.380807,36.405469],[-86.380198,36.405161],[-86.373571,36.404537],[-86.373512,36.405058],[-86.373375,36.405058],[-86.371382,36.403770],[-86.370223,36.402498],[-86.366689,36.403699],[-86.363369,36.405876],[-86.361803,36.405759],[-86.360864,36.407926],[-86.360685,36.409405],[-86.361765,36.410438],[-86.361829,36.410826],[-86.361387,36.411182],[-86.36124,36.411490],[-86.361770,36.413062],[-86.371823,36.414492]]]]}},{"type":"Feature","properties":{"id":"01226436457","t":"campus","op":"CyrusOne","nm":"CyrusOne OCB1 Council Bluffs","st":"IA","co":"Pottawattamie County","sqft":382799,"lat":41.212214,"lon":-95.878019},"geometry":{"type":"MultiPolygon","coordinates":[[[[-95.878073,41.211480],[-95.879267,41.211494],[-95.879463,41.212745],[-95.879463,41.212913],[-95.876542,41.212870],[-95.876536,41.212782],[-95.876743,41.211537],[-95.878073,41.211480]]]]}},{"type":"Feature","properties":{"id":"01227539675","t":"campus","op":"Equinix","nm":"Equinix DC14","st":"VA","co":"Prince William County","sqft":222846,"lat":38.803345,"lon":-77.510616},"geometry":{"type":"MultiPolygon","coordinates":[[[[-77.511864,38.803528],[-77.511600,38.802768],[-77.511332,38.802803],[-77.511299,38.802730],[-77.511278,38.802684],[-77.510339,38.802876],[-77.509431,38.803149],[-77.509460,38.803204],[-77.509479,38.803235],[-77.509227,38.803323],[-77.509235,38.803368],[-77.509394,38.803444],[-77.509607,38.803591],[-77.509719,38.803702],[-77.509819,38.803866],[-77.509902,38.804036],[-77.509945,38.804066],[-77.509997,38.804072],[-77.510257,38.803992],[-77.511055,38.803747],[-77.511602,38.803588],[-77.511864,38.803528]]]]}},{"type":"Feature","properties":{"id":"01254161871","t":"campus","op":null,"nm":"Dynamics Mining","st":"KY","co":"Hopkins County","sqft":442423,"lat":37.362991,"lon":-87.547121},"geometry":{"type":"MultiPolygon","coordinates":[[[[-87.545570,37.363626],[-87.547437,37.363844],[-87.547704,37.363818],[-87.548074,37.363684],[-87.548243,37.363573],[-87.548399,37.363384],[-87.548510,37.363184],[-87.548732,37.362332],[-87.547347,37.362151],[-87.547292,37.362351],[-87.547001,37.362363],[-87.545861,37.362163],[-87.545570,37.363626]]]]}},{"type":"Feature","properties":{"id":"01281982556","t":"campus","op":"Google","nm":"Google Lockbourne, OH","st":"OH","co":"Franklin County","sqft":11463730,"lat":39.848753,"lon":-82.996161},"geometry":{"type":"MultiPolygon","coordinates":[[[[-82.991245,39.843143],[-82.990302,39.853761],[-82.996604,39.853717],[-83.002482,39.853580],[-83.000840,39.843655],[-82.991245,39.843143]]]]}},{"type":"Feature","properties":{"id":"01281982572","t":"campus","op":null,"nm":"Amazon New Albany: Jug and Beach Road","st":"OH","co":"Licking County","sqft":1524640,"lat":40.099074,"lon":-82.751474},"geometry":{"type":"MultiPolygon","coordinates":[[[[-82.749254,40.100727],[-82.753476,40.100920],[-82.753756,40.097447],[-82.749413,40.097233],[-82.749254,40.100727]]]]}},{"type":"Feature","properties":{"id":"01282875386","t":"campus","op":"MineOne","nm":"MineOne Wyoming Data Center","st":"WY","co":"Laramie County","sqft":306030,"lat":41.125124,"lon":-104.894984},"geometry":{"type":"MultiPolygon","coordinates":[[[[-104.896239,41.124969],[-104.895718,41.124064],[-104.895582,41.124013],[-104.893458,41.125301],[-104.893795,41.125518],[-104.894126,41.125965],[-104.895094,41.125963],[-104.895331,41.125744],[-104.895445,41.125817],[-104.895996,41.125354],[-104.895879,41.125276],[-104.896239,41.124969]]]]}},{"type":"Feature","properties":{"id":"01292169104","t":"campus","op":"T5 Data Centers","nm":"T5@Cleveland","st":"OH","co":"Cuyahoga County","sqft":974789,"lat":41.442495,"lon":-81.802852},"geometry":{"type":"MultiPolygon","coordinates":[[[[-81.801482,41.440936],[-81.801474,41.441426],[-81.801431,41.441838],[-81.801513,41.444918],[-81.801634,41.444916],[-81.801823,41.444980],[-81.801823,41.445032],[-81.801823,41.445083],[-81.801824,41.445177],[-81.801967,41.445242],[-81.805458,41.441078],[-81.804843,41.441078],[-81.804837,41.441101],[-81.804801,41.441101],[-81.804791,41.441077],[-81.804674,41.441079],[-81.804673,41.440944],[-81.804576,41.440875],[-81.804323,41.440881],[-81.804294,41.440870],[-81.803945,41.440876],[-81.803906,41.440887],[-81.803296,41.440899],[-81.803196,41.440925],[-81.801482,41.440936]]]]}},{"type":"Feature","properties":{"id":"01301559332","t":"campus","op":"Marathon Digital Holdings","nm":"MARA Data Center","st":"TX","co":"Hood County","sqft":1768886,"lat":32.341745,"lon":-97.731228},"geometry":{"type":"MultiPolygon","coordinates":[[[[-97.732709,32.343052],[-97.732739,32.343121],[-97.735069,32.341904],[-97.734725,32.341387],[-97.734475,32.341508],[-97.734403,32.341390],[-97.733829,32.341666],[-97.733585,32.341295],[-97.733003,32.341576],[-97.731166,32.338927],[-97.730547,32.339539],[-97.729485,32.340575],[-97.728778,32.341274],[-97.728769,32.341326],[-97.728712,32.341378],[-97.728314,32.341743],[-97.728916,32.342558],[-97.729318,32.343167],[-97.729743,32.343754],[-97.729917,32.343667],[-97.730061,32.343716],[-97.730234,32.343628],[-97.730244,32.343639],[-97.730382,32.343572],[-97.730434,32.343571],[-97.731513,32.343568],[-97.731561,32.343568],[-97.731578,32.343568],[-97.731717,32.343567],[-97.732709,32.343052]]]]}},{"type":"Feature","properties":{"id":"01312295357","t":"campus","op":"Meta","nm":"Meta Aiken Data Center","st":"SC","co":"Aiken County","sqft":3608146,"lat":33.642273,"lon":-81.842627},"geometry":{"type":"MultiPolygon","coordinates":[[[[-81.844538,33.638596],[-81.837873,33.642894],[-81.840714,33.645949],[-81.847380,33.641652],[-81.844538,33.638596]]]]}},{"type":"Feature","properties":{"id":"01314355599","t":"campus","op":null,"nm":"Switch Las Vegas 12","st":"NV","co":"Clark County","sqft":484037,"lat":36.05813,"lon":-115.210389},"geometry":{"type":"MultiPolygon","coordinates":[[[[-115.212007,36.058763],[-115.212023,36.057829],[-115.211095,36.057850],[-115.211084,36.057096],[-115.209520,36.057146],[-115.208632,36.058880],[-115.211902,36.058887],[-115.212007,36.058763]]]]}},{"type":"Feature","properties":{"id":"01317915930","t":"campus","op":"Centersquare","nm":"Centersquare Ashburn IAD4 Data Center","st":"VA","co":"Loudoun County","sqft":287687,"lat":39.021948,"lon":-77.453194},"geometry":{"type":"MultiPolygon","coordinates":[[[[-77.453130,39.020994],[-77.454165,39.021344],[-77.454554,39.021609],[-77.453117,39.022999],[-77.451845,39.022219],[-77.453130,39.020994]]]]}},{"type":"Feature","properties":{"id":"01333289545","t":"campus","op":"Meta","nm":"Meta Rosemount Data Center","st":"MN","co":"Dakota County","sqft":10334558,"lat":44.73503,"lon":-93.062627},"geometry":{"type":"MultiPolygon","coordinates":[[[[-93.055140,44.738635],[-93.069977,44.738771],[-93.070083,44.731365],[-93.055225,44.731348],[-93.055140,44.738635]]]]}},{"type":"Feature","properties":{"id":"01339825480","t":"campus","op":null,"nm":null,"st":"NE","co":"Douglas County","sqft":21448981,"lat":41.342576,"lon":-96.091326},"geometry":{"type":"MultiPolygon","coordinates":[[[[-96.081709,41.335862],[-96.090711,41.335874],[-96.100148,41.339289],[-96.100192,41.346531],[-96.100177,41.350068],[-96.095785,41.350067],[-96.094327,41.350018],[-96.093066,41.349919],[-96.089452,41.349574],[-96.082614,41.342470],[-96.082079,41.341881],[-96.081837,41.341598],[-96.081647,41.341287],[-96.081468,41.340973],[-96.081315,41.340652],[-96.080587,41.337803],[-96.080220,41.336034],[-96.081709,41.335862]]]]}},{"type":"Feature","properties":{"id":"01343769701","t":"campus","op":null,"nm":"QTS Ashburn-Shellhorn","st":"VA","co":"Loudoun County","sqft":829536,"lat":38.998537,"lon":-77.474942},"geometry":{"type":"MultiPolygon","coordinates":[[[[-77.475275,38.996652],[-77.472954,38.997853],[-77.474739,39.000526],[-77.475926,38.999866],[-77.476763,38.998722],[-77.475275,38.996652]]]]}},{"type":"Feature","properties":{"id":"01343774537","t":"campus","op":null,"nm":"CloudHQ Ashburn Campus","st":"VA","co":"Loudoun County","sqft":1553192,"lat":39.010718,"lon":-77.462113},"geometry":{"type":"MultiPolygon","coordinates":[[[[-77.464982,39.009212],[-77.460672,39.009102],[-77.460190,39.010048],[-77.459617,39.010098],[-77.459001,39.011693],[-77.463107,39.012760],[-77.463786,39.011390],[-77.464267,39.011495],[-77.464862,39.010340],[-77.464982,39.009212]]]]}},{"type":"Feature","properties":{"id":"01344366214","t":"campus","op":"CyrusOne","nm":"CyrusOne SAT10 & SAT11","st":"TX","co":"Bexar County","sqft":934177,"lat":29.418349,"lon":-98.787805},"geometry":{"type":"MultiPolygon","coordinates":[[[[-98.788110,29.416441],[-98.786144,29.417219],[-98.786632,29.418042],[-98.786608,29.419280],[-98.786474,29.420000],[-98.788499,29.419955],[-98.788544,29.419572],[-98.789529,29.419109],[-98.789212,29.417955],[-98.788638,29.417049],[-98.788110,29.416441]]]]}},{"type":"Feature","properties":{"id":"01344376232","t":"campus","op":null,"nm":"NTT Silicon Valley data center campus","st":"CA","co":"Santa Clara County","sqft":143246,"lat":37.368974,"lon":-121.955364},"geometry":{"type":"MultiPolygon","coordinates":[[[[-121.954846,37.369705],[-121.955639,37.369705],[-121.955641,37.369165],[-121.955996,37.369164],[-121.955986,37.368354],[-121.954849,37.368357],[-121.954846,37.369705]]]]}},{"type":"Feature","properties":{"id":"01346610234","t":"campus","op":"CyrusOne","nm":"CyrusOne Cincinnati-Hamilton CIN4","st":"OH","co":"Butler County","sqft":1543625,"lat":39.385239,"lon":-84.566131},"geometry":{"type":"MultiPolygon","coordinates":[[[[-84.568188,39.386669],[-84.569304,39.386549],[-84.569240,39.386238],[-84.567984,39.383791],[-84.563382,39.383733],[-84.563264,39.385645],[-84.564632,39.386578],[-84.567550,39.386810],[-84.568188,39.386669]]]]}},{"type":"Feature","properties":{"id":"01356594646","t":"campus","op":"NTT","nm":"NTT PH1 Datacenter","st":"AZ","co":"Maricopa County","sqft":3498780,"lat":33.353821,"lon":-111.612343},"geometry":{"type":"MultiPolygon","coordinates":[[[[-111.609958,33.350083],[-111.612233,33.350155],[-111.614864,33.351967],[-111.614846,33.357249],[-111.611494,33.357232],[-111.610038,33.356248],[-111.609959,33.353476],[-111.609958,33.350083]]]]}},{"type":"Feature","properties":{"id":"01357825755","t":"campus","op":"Iron Mountain","nm":"Iron Mountain AZP-1","st":"AZ","co":"Maricopa County","sqft":1290579,"lat":33.454488,"lon":-111.976455},"geometry":{"type":"MultiPolygon","coordinates":[[[[-111.974603,33.452977],[-111.976222,33.452983],[-111.978325,33.453159],[-111.978364,33.453759],[-111.978368,33.455362],[-111.978369,33.456356],[-111.978368,33.456454],[-111.978219,33.456475],[-111.975490,33.455647],[-111.974067,33.454921],[-111.974134,33.454392],[-111.974311,33.453531],[-111.974322,33.453489],[-111.974603,33.452977]]]]}},{"type":"Feature","properties":{"id":"01377162298","t":"campus","op":null,"nm":"Meta Bowling Green Data Center","st":"OH","co":"Wood County","sqft":21498189,"lat":41.465298,"lon":-83.638356},"geometry":{"type":"MultiPolygon","coordinates":[[[[-83.638603,41.458766],[-83.638324,41.458762],[-83.636381,41.458426],[-83.636327,41.459099],[-83.634594,41.459082],[-83.634629,41.458366],[-83.631546,41.458297],[-83.631381,41.459033],[-83.631479,41.464045],[-83.631513,41.465323],[-83.629086,41.465316],[-83.629104,41.469232],[-83.630153,41.469241],[-83.630028,41.470128],[-83.629151,41.470137],[-83.629132,41.472429],[-83.643234,41.472641],[-83.643450,41.465573],[-83.648790,41.465506],[-83.648722,41.458620],[-83.640262,41.458454],[-83.640215,41.461411],[-83.638613,41.461392],[-83.638603,41.458766]]]]}},{"type":"Feature","properties":{"id":"01387391200","t":"campus","op":"True North Data Solutions","nm":"True North Data Centers","st":"VA","co":"Loudoun County","sqft":4583218,"lat":39.043726,"lon":-77.537412},"geometry":{"type":"MultiPolygon","coordinates":[[[[-77.538225,39.047767],[-77.538773,39.046114],[-77.539005,39.045892],[-77.539604,39.045635],[-77.539942,39.045581],[-77.540237,39.045586],[-77.540570,39.045490],[-77.542900,39.044603],[-77.542060,39.043660],[-77.541709,39.043274],[-77.541073,39.042556],[-77.540810,39.042259],[-77.540430,39.041880],[-77.540055,39.041430],[-77.539846,39.041224],[-77.539663,39.041147],[-77.539067,39.040388],[-77.539015,39.040181],[-77.538540,39.039868],[-77.537899,39.039620],[-77.537513,39.039533],[-77.536781,39.039459],[-77.535973,39.039526],[-77.535708,39.039552],[-77.535726,39.039571],[-77.536025,39.039879],[-77.536309,39.040422],[-77.536488,39.040914],[-77.536456,39.041521],[-77.536025,39.042399],[-77.535704,39.042578],[-77.535675,39.042594],[-77.535374,39.042683],[-77.534611,39.042651],[-77.533409,39.042718],[-77.532353,39.043004],[-77.531838,39.043404],[-77.531624,39.043784],[-77.533261,39.045045],[-77.533926,39.045454],[-77.534348,39.045764],[-77.534797,39.046089],[-77.535376,39.046481],[-77.536245,39.047047],[-77.536990,39.047381],[-77.537347,39.047540],[-77.538225,39.047767]]]]}},{"type":"Feature","properties":{"id":"01422191450","t":"campus","op":"Applied Digital","nm":"Applied Digital / Ellendale Data Center","st":"ND","co":"Dickey County","sqft":2706037,"lat":46.013549,"lon":-98.572441},"geometry":{"type":"MultiPolygon","coordinates":[[[[-98.576359,46.014039],[-98.576368,46.011287],[-98.568959,46.011276],[-98.568956,46.011979],[-98.570266,46.012747],[-98.570262,46.014268],[-98.568738,46.014266],[-98.568732,46.016160],[-98.574063,46.016167],[-98.574069,46.014036],[-98.576359,46.014039]]]]}},{"type":"Feature","properties":{"id":"01450418654","t":"campus","op":null,"nm":"Riot Rockdale","st":"TX","co":"Milam County","sqft":4357993,"lat":30.573315,"lon":-97.080185},"geometry":{"type":"MultiPolygon","coordinates":[[[[-97.078730,30.570355],[-97.077743,30.570660],[-97.076091,30.571173],[-97.076675,30.572512],[-97.078655,30.577066],[-97.078714,30.577048],[-97.079690,30.576821],[-97.080811,30.576567],[-97.084116,30.575814],[-97.083654,30.574526],[-97.083316,30.573588],[-97.081814,30.569399],[-97.078730,30.570355]]]]}},{"type":"Feature","properties":{"id":"01450422488","t":"campus","op":null,"nm":"Riot Corsiana","st":"TX","co":"Navarro County","sqft":11717820,"lat":31.969859,"lon":-96.513289},"geometry":{"type":"MultiPolygon","coordinates":[[[[-96.509616,31.974954],[-96.509702,31.975026],[-96.509788,31.975099],[-96.509874,31.975099],[-96.509874,31.975172],[-96.509960,31.975172],[-96.510045,31.975172],[-96.510131,31.975172],[-96.510217,31.975172],[-96.510303,31.975172],[-96.510389,31.975172],[-96.510475,31.975099],[-96.510560,31.975099],[-96.510732,31.975026],[-96.510818,31.974954],[-96.510904,31.974954],[-96.51099,31.974954],[-96.511075,31.974954],[-96.511161,31.974954],[-96.511247,31.975026],[-96.511333,31.975026],[-96.511419,31.974954],[-96.511505,31.974954],[-96.511590,31.974954],[-96.511590,31.974881],[-96.511676,31.974881],[-96.511676,31.974808],[-96.511848,31.974662],[-96.511934,31.974517],[-96.512105,31.974298],[-96.512105,31.974226],[-96.512191,31.974153],[-96.512277,31.974080],[-96.512363,31.974007],[-96.512449,31.973934],[-96.512535,31.973861],[-96.512620,31.973789],[-96.512620,31.973716],[-96.512620,31.973643],[-96.512706,31.973570],[-96.512706,31.973497],[-96.512706,31.973425],[-96.512706,31.973352],[-96.512706,31.973279],[-96.512706,31.973206],[-96.512706,31.973133],[-96.512792,31.973133],[-96.512792,31.973061],[-96.512792,31.972988],[-96.512878,31.972988],[-96.512878,31.972915],[-96.512964,31.972915],[-96.512964,31.972842],[-96.51305,31.972842],[-96.513135,31.972769],[-96.513221,31.972769],[-96.513307,31.972769],[-96.513393,31.972769],[-96.513479,31.972769],[-96.513564,31.972769],[-96.513650,31.972769],[-96.513736,31.972842],[-96.513822,31.972842],[-96.513908,31.972842],[-96.514079,31.972842],[-96.514165,31.972842],[-96.514251,31.972842],[-96.514337,31.972769],[-96.514423,31.972769],[-96.514509,31.972769],[-96.514680,31.972769],[-96.514766,31.972842],[-96.514852,31.972842],[-96.514938,31.972842],[-96.515024,31.972842],[-96.515109,31.972842],[-96.515195,31.972842],[-96.515281,31.972842],[-96.515367,31.972769],[-96.515453,31.972769],[-96.515453,31.972696],[-96.515624,31.972624],[-96.515710,31.972551],[-96.515796,31.972478],[-96.515968,31.972405],[-96.515968,31.972332],[-96.516054,31.972332],[-96.516139,31.972332],[-96.516225,31.972332],[-96.516311,31.972332],[-96.516397,31.972332],[-96.516397,31.972405],[-96.516483,31.972405],[-96.516483,31.972478],[-96.516569,31.972551],[-96.516569,31.972624],[-96.516654,31.972696],[-96.516654,31.972769],[-96.516654,31.972842],[-96.516740,31.972842],[-96.516740,31.972915],[-96.516826,31.972915],[-96.516912,31.972988],[-96.516998,31.972988],[-96.517084,31.972988],[-96.517169,31.972988],[-96.517255,31.972915],[-96.517341,31.972915],[-96.517427,31.972842],[-96.517513,31.972842],[-96.517599,31.972842],[-96.517684,31.972842],[-96.517770,31.972842],[-96.517856,31.972842],[-96.517942,31.972842],[-96.518028,31.972842],[-96.518114,31.972915],[-96.518199,31.972988],[-96.518285,31.973060],[-96.518285,31.973133],[-96.518285,31.973206],[-96.518285,31.973279],[-96.518371,31.973352],[-96.518371,31.973425],[-96.518371,31.973497],[-96.518457,31.973570],[-96.518543,31.973570],[-96.518543,31.973643],[-96.518629,31.973643],[-96.518714,31.973643],[-96.518800,31.973643],[-96.518886,31.973570],[-96.518972,31.973570],[-96.518972,31.973497],[-96.519058,31.973425],[-96.519058,31.973352],[-96.519143,31.973352],[-96.519229,31.973352],[-96.519315,31.973352],[-96.519401,31.973352],[-96.519487,31.973352],[-96.519487,31.973279],[-96.519573,31.973279],[-96.519658,31.973279],[-96.519658,31.973206],[-96.519744,31.973206],[-96.519744,31.973133],[-96.519744,31.973061],[-96.519744,31.972988],[-96.519744,31.972915],[-96.519744,31.972842],[-96.519744,31.972769],[-96.519658,31.972696],[-96.519658,31.972624],[-96.519658,31.972551],[-96.519658,31.972478],[-96.519744,31.972478],[-96.519744,31.972405],[-96.519830,31.972405],[-96.519916,31.972332],[-96.520002,31.972332],[-96.520088,31.972332],[-96.520088,31.972405],[-96.520173,31.972405],[-96.520259,31.972478],[-96.520345,31.972478],[-96.520431,31.972551],[-96.520517,31.972551],[-96.520603,31.972551],[-96.520688,31.972551],[-96.520774,31.972551],[-96.520860,31.972551],[-96.520946,31.972478],[-96.520946,31.972405],[-96.521032,31.972332],[-96.521032,31.972260],[-96.521032,31.972187],[-96.520946,31.972114],[-96.520946,31.972041],[-96.520860,31.971896],[-96.520860,31.971823],[-96.520860,31.971750],[-96.520946,31.971677],[-96.520946,31.971604],[-96.521032,31.971604],[-96.521118,31.971531],[-96.521203,31.971531],[-96.521289,31.971531],[-96.521375,31.971531],[-96.521461,31.971604],[-96.521547,31.971677],[-96.521547,31.971750],[-96.521633,31.971750],[-96.521633,31.971823],[-96.521718,31.971896],[-96.521804,31.971968],[-96.521890,31.971968],[-96.521890,31.972041],[-96.521976,31.972041],[-96.521976,31.972114],[-96.522062,31.972114],[-96.522062,31.972187],[-96.522148,31.972260],[-96.522148,31.972332],[-96.522148,31.972405],[-96.522148,31.972478],[-96.522148,31.972624],[-96.522233,31.972769],[-96.522233,31.972842],[-96.522233,31.972915],[-96.522233,31.972988],[-96.522319,31.972988],[-96.522319,31.973061],[-96.522405,31.973061],[-96.522491,31.973133],[-96.522577,31.973133],[-96.522577,31.973061],[-96.522663,31.973061],[-96.522748,31.973061],[-96.522834,31.973061],[-96.522920,31.973133],[-96.523006,31.973133],[-96.523092,31.973133],[-96.523178,31.973206],[-96.523263,31.973206],[-96.523349,31.973206],[-96.523435,31.973206],[-96.523521,31.973206],[-96.523607,31.973206],[-96.523693,31.973206],[-96.523693,31.973133],[-96.523778,31.973133],[-96.523778,31.973061],[-96.523778,31.972988],[-96.523778,31.972915],[-96.523693,31.972842],[-96.523693,31.972769],[-96.523693,31.972696],[-96.523778,31.972624],[-96.513135,31.963668],[-96.512964,31.963522],[-96.512878,31.963595],[-96.512792,31.963740],[-96.512620,31.963740],[-96.511161,31.964614],[-96.510904,31.964833],[-96.510475,31.964978],[-96.510475,31.965051],[-96.510389,31.965051],[-96.510217,31.965197],[-96.510131,31.965270],[-96.510045,31.965342],[-96.509960,31.965415],[-96.509788,31.965488],[-96.509702,31.965634],[-96.509616,31.965706],[-96.509530,31.965852],[-96.509445,31.965998],[-96.509101,31.966435],[-96.507986,31.967891],[-96.507642,31.968401],[-96.507299,31.968838],[-96.507213,31.968910],[-96.507127,31.969056],[-96.507041,31.969201],[-96.506956,31.969347],[-96.506612,31.970075],[-96.506526,31.970294],[-96.506355,31.970512],[-96.506269,31.970658],[-96.506183,31.970731],[-96.506183,31.970803],[-96.506097,31.970876],[-96.506011,31.970949],[-96.505668,31.971604],[-96.505754,31.971677],[-96.505840,31.971677],[-96.505840,31.971750],[-96.505926,31.971750],[-96.505926,31.971823],[-96.506011,31.971823],[-96.506011,31.971896],[-96.506011,31.971968],[-96.506011,31.972041],[-96.506011,31.972187],[-96.506011,31.972332],[-96.506011,31.972478],[-96.506011,31.972624],[-96.506011,31.972769],[-96.506011,31.972915],[-96.506011,31.973060],[-96.506011,31.973133],[-96.506097,31.973206],[-96.506097,31.973279],[-96.506183,31.973279],[-96.506183,31.973352],[-96.506269,31.973352],[-96.506355,31.973352],[-96.506355,31.973425],[-96.506441,31.973425],[-96.506526,31.973425],[-96.506612,31.973425],[-96.506698,31.973425],[-96.506784,31.973352],[-96.506870,31.973352],[-96.506956,31.973352],[-96.507041,31.973352],[-96.507127,31.973352],[-96.507213,31.973425],[-96.507299,31.973425],[-96.507471,31.973497],[-96.507556,31.973497],[-96.507728,31.973570],[-96.507900,31.973643],[-96.507986,31.973716],[-96.508071,31.973716],[-96.508157,31.973716],[-96.508243,31.973789],[-96.508329,31.973789],[-96.508415,31.973789],[-96.508500,31.973789],[-96.508586,31.973716],[-96.508672,31.973716],[-96.508758,31.973716],[-96.508844,31.973716],[-96.508844,31.973643],[-96.508930,31.973643],[-96.509015,31.973643],[-96.509101,31.973643],[-96.509101,31.973716],[-96.509187,31.973716],[-96.509273,31.973716],[-96.509359,31.973789],[-96.509445,31.973861],[-96.509530,31.973934],[-96.509530,31.974007],[-96.509530,31.974080],[-96.509530,31.974153],[-96.509530,31.974662],[-96.509530,31.974735],[-96.509616,31.974808],[-96.509616,31.974881],[-96.509616,31.974954]]]]}},{"type":"Feature","properties":{"id":"01450788161","t":"campus","op":null,"nm":"Riot Kentucky","st":"KY","co":"McCracken County","sqft":223516,"lat":37.089239,"lon":-88.703058},"geometry":{"type":"MultiPolygon","coordinates":[[[[-88.703012,37.090034],[-88.703784,37.090205],[-88.703870,37.088630],[-88.703784,37.088630],[-88.703699,37.088630],[-88.703527,37.088596],[-88.703441,37.088596],[-88.70327,37.088596],[-88.703055,37.088596],[-88.702926,37.088596],[-88.702883,37.088596],[-88.702797,37.088630],[-88.702712,37.088630],[-88.702583,37.088630],[-88.702497,37.088665],[-88.702325,37.088699],[-88.70224,37.088699],[-88.701896,37.088802],[-88.702111,37.089452],[-88.703141,37.089692],[-88.703012,37.090034]]]]}},{"type":"Feature","properties":{"id":"01453996659","t":"campus","op":"Meta","nm":"Meta Beaver Dam Data Center","st":"WI","co":"Dodge County","sqft":18261491,"lat":43.510374,"lon":-88.816522},"geometry":{"type":"MultiPolygon","coordinates":[[[[-88.830041,43.516974],[-88.829966,43.513327],[-88.820396,43.513304],[-88.819978,43.506106],[-88.819946,43.502721],[-88.809662,43.502787],[-88.807854,43.505577],[-88.807371,43.507763],[-88.806277,43.509257],[-88.810633,43.513163],[-88.813090,43.515342],[-88.815193,43.516992],[-88.830041,43.516974]]]]}},{"type":"Feature","properties":{"id":"01455907959","t":"campus","op":"Meta","nm":"Meta Cheyenne Data Center","st":"WY","co":"Laramie County","sqft":11352010,"lat":41.077904,"lon":-104.825498},"geometry":{"type":"MultiPolygon","coordinates":[[[[-104.818878,41.073632],[-104.819050,41.082253],[-104.831924,41.082253],[-104.832096,41.073551],[-104.818878,41.073632]]]]}},{"type":"Feature","properties":{"id":"01459680304","t":"campus","op":null,"nm":"Newrays Two LLC Mining","st":"TN","co":"Henry County","sqft":85491,"lat":36.327032,"lon":-88.320073},"geometry":{"type":"MultiPolygon","coordinates":[[[[-88.319562,36.327434],[-88.320682,36.327332],[-88.320583,36.326629],[-88.319464,36.326731],[-88.319562,36.327434]]]]}},{"type":"Feature","properties":{"id":"01459880367","t":"campus","op":null,"nm":"Amazon Canton Data Center","st":"MS","co":"Madison County","sqft":16581378,"lat":32.597993,"lon":-90.091852},"geometry":{"type":"MultiPolygon","coordinates":[[[[-90.092774,32.589699],[-90.092310,32.590124],[-90.091250,32.591519],[-90.091039,32.591835],[-90.089586,32.593902],[-90.089463,32.59405],[-90.089125,32.594495],[-90.088994,32.594643],[-90.088673,32.594980],[-90.088328,32.595345],[-90.086156,32.597485],[-90.083394,32.600280],[-90.083161,32.600490],[-90.082945,32.600672],[-90.082640,32.600894],[-90.082276,32.601130],[-90.081917,32.601333],[-90.085187,32.604064],[-90.089912,32.604050],[-90.091507,32.604050],[-90.096241,32.604055],[-90.096156,32.601998],[-90.096436,32.601035],[-90.096466,32.597613],[-90.096504,32.597178],[-90.096625,32.597082],[-90.096962,32.596982],[-90.097409,32.596904],[-90.100344,32.596901],[-90.100350,32.594518],[-90.100336,32.594327],[-90.100309,32.594165],[-90.100273,32.594066],[-90.100177,32.593835],[-90.100032,32.593625],[-90.099848,32.593456],[-90.099662,32.593311],[-90.099407,32.593170],[-90.098346,32.592657],[-90.095834,32.591456],[-90.095586,32.591337],[-90.0955,32.591289],[-90.095364,32.591200],[-90.095232,32.591105],[-90.095119,32.591016],[-90.095035,32.590923],[-90.094917,32.590813],[-90.094757,32.590658],[-90.09442,32.590282],[-90.094218,32.590083],[-90.094058,32.589931],[-90.093922,32.589829],[-90.093767,32.589722],[-90.093647,32.589632],[-90.093548,32.589556],[-90.093437,32.589501],[-90.093327,32.589471],[-90.093211,32.589467],[-90.093129,32.589480],[-90.093013,32.589517],[-90.092919,32.589565],[-90.092853,32.589621],[-90.092774,32.589699]]]]}},{"type":"Feature","properties":{"id":"01465196735","t":"campus","op":"Quality Technology Services","nm":"QTS North HIL3 North Building","st":"OR","co":"Washington County","sqft":176342,"lat":45.572028,"lon":-122.918489},"geometry":{"type":"MultiPolygon","coordinates":[[[[-122.920301,45.572291],[-122.920305,45.571679],[-122.920109,45.571679],[-122.920109,45.571558],[-122.919872,45.571557],[-122.919870,45.571814],[-122.916751,45.571804],[-122.916752,45.571661],[-122.916574,45.571661],[-122.916570,45.572279],[-122.920301,45.572291]]]]}},{"type":"Feature","properties":{"id":"01465196736","t":"campus","op":"Quality Technology Services","nm":"QTS North HIL3 South Building","st":"OR","co":"Washington County","sqft":215922,"lat":45.570077,"lon":-122.919898},"geometry":{"type":"MultiPolygon","coordinates":[[[[-122.917736,45.570290],[-122.921639,45.570304],[-122.921637,45.570572],[-122.921881,45.570572],[-122.921882,45.570463],[-122.922108,45.570464],[-122.922113,45.569826],[-122.917557,45.569809],[-122.917553,45.570423],[-122.917735,45.570424],[-122.917736,45.570290]]]]}}]}